01.12.05;;;;;4.4;3.6;3.8;3.9;3.95;3.68;4.05;4.44;4.16;4.4;4.62
02.12.05;;;;;4.4;3.6;3.8;3.885;3.94642857142857;3.68923076923077;4.03571428571429;4.4425;4.16;4.35;4.61
03.12.05;3.89;;3.76;;4.4;3.6;3.8;3.87;3.94285714285714;3.69846153846154;4.02142857142857;4.445;4.16;4.36428571428571;4.61
04.12.05;;;3.76190476190476;;4.4;3.6;3.8;3.875;3.93928571428571;3.70769230769231;4.00714285714286;4.4475;4.16;4.37857142857143;4.61818181818182
05.12.05;;;3.76380952380952;;4.4;3.6;3.8;3.88;3.93571428571429;3.71692307692308;3.99285714285714;4.45;4.16;4.39285714285714;4.62636363636364
06.12.05;;;3.76571428571429;;4.4;3.6;3.8;3.885;3.93214285714286;3.72615384615385;3.97857142857143;4.45318181818182;4.16;4.40714285714286;4.63454545454546
07.12.05;;;3.76761904761905;;4.4;3.6;3.8;3.89;3.92857142857143;3.73538461538462;3.96428571428571;4.45636363636364;4.15142857142857;4.42142857142857;4.64272727272727
08.12.05;;;3.76952380952381;;4.4;3.6;3.8;3.895;3.925;3.74461538461538;3.95;4.45954545454546;4.14285714285714;4.43571428571429;4.65090909090909
09.12.05;;;3.77142857142857;;4.4;3.6;3.8;3.9;3.92142857142857;3.75384615384615;3.975;4.46272727272727;4.13428571428571;4.45;4.65909090909091
10.12.05;;;3.77333333333333;;4.4;3.6;3.8;3.905;3.91785714285714;3.76307692307692;4;4.46590909090909;4.12571428571429;4.43333333333333;4.66727272727273
11.12.05;;;3.7752380952381;;4.4;3.6;3.8;3.91;3.91428571428571;3.77230769230769;4.025;4.46909090909091;4.11714285714286;4.41666666666667;4.67545454545455
12.12.05;;;3.77714285714286;;4.4;3.6;3.8;3.915;3.91071428571429;3.78153846153846;4.05;4.47227272727273;4.10857142857143;4.4;4.68363636363636
13.12.05;;;3.77904761904762;;4.4;3.6;3.8025;3.92;3.90714285714286;3.79076923076923;4.075;4.47545454545455;4.1;4.38333333333333;4.69181818181818
14.12.05;;;3.78095238095238;;4.4;3.6;3.805;3.925;3.90357142857143;3.8;4.1;4.47863636363636;4.11;4.36666666666667;4.7
15.12.05;;;3.78285714285714;;4.4;3.6;3.8075;3.93;3.9;3.79444444444444;4.10269230769231;4.48181818181818;4.12;4.35;4.70064516129032
16.12.05;;;3.7847619047619;;4.4;3.6;3.81;3.935;3.88965517241379;3.78888888888889;4.10538461538462;4.485;4.13;4.34384615384615;4.70129032258065
17.12.05;;;3.78666666666667;;4.4;3.6;3.8125;3.94;3.87931034482759;3.78333333333333;4.10807692307692;4.48818181818182;4.14;4.33769230769231;4.70193548387097
18.12.05;;;3.78857142857143;;4.4;3.6;3.815;3.93333333333333;3.86896551724138;3.77777777777778;4.11076923076923;4.49136363636364;4.15;4.33153846153846;4.70258064516129
19.12.05;;;3.79047619047619;;4.4;3.6;3.8175;3.92666666666667;3.85862068965517;3.77222222222222;4.11346153846154;4.49454545454545;4.16;4.32538461538462;4.70322580645161
20.12.05;;;3.79238095238095;;4.4;3.6;3.82;3.92;3.84827586206897;3.76666666666667;4.11615384615385;4.49772727272727;4.17;4.31923076923077;4.70387096774194
21.12.05;;;3.79428571428571;;4.4;3.6;3.8225;3.91333333333333;3.83793103448276;3.76111111111111;4.11884615384615;4.50090909090909;4.18;4.31307692307692;4.70451612903226
22.12.05;;;3.79619047619048;;4.4;3.6;3.825;3.90666666666667;3.82758620689655;3.75555555555556;4.12153846153846;4.50409090909091;4.19;4.30692307692308;4.70516129032258
23.12.05;;;3.79809523809524;;4.36384615384615;3.6;3.8275;3.9;3.81724137931034;3.75;4.12423076923077;4.50727272727273;4.2;4.30076923076923;4.7058064516129
24.12.05;;;3.8;;4.32769230769231;3.6;3.83;3.89333333333333;3.80689655172414;3.73684210526316;4.12692307692308;4.51045454545455;4.21;4.29461538461538;4.70645161290323
25.12.05;;;3.80190476190476;;4.29153846153846;3.6;3.8325;3.88666666666667;3.79655172413793;3.72368421052632;4.12961538461538;4.51363636363636;4.22;4.28846153846154;4.70709677419355
26.12.05;;;3.80380952380952;;4.25538461538462;3.6;3.835;3.88;3.78620689655172;3.71052631578947;4.13230769230769;4.51681818181818;4.23;4.28230769230769;4.70774193548387
27.12.05;;;3.80571428571429;;4.21923076923077;3.6;3.8375;3.88444444444444;3.77586206896552;3.69736842105263;4.135;4.52;4.224375;4.27615384615385;4.70838709677419
28.12.05;;;3.80761904761905;;4.18307692307692;3.6;3.84;3.88888888888889;3.76551724137931;3.68421052631579;4.13769230769231;4.51866666666667;4.21875;4.27;4.70903225806452
29.12.05;;;3.80952380952381;;4.14692307692308;3.6;3.8425;3.89333333333333;3.7551724137931;3.67105263157895;4.14038461538462;4.51733333333333;4.213125;4.2751724137931;4.70967741935484
30.12.05;;;3.81142857142857;;4.11076923076923;3.6;3.845;3.89777777777778;3.7448275862069;3.65789473684211;4.14307692307692;4.516;4.2075;4.28034482758621;4.71032258064516
31.12.05;;;3.81333333333333;;4.07461538461538;3.6;3.8475;3.90222222222222;3.73448275862069;3.64473684210526;4.14576923076923;4.51466666666667;4.201875;4.28551724137931;4.71096774193548
01.01.06;;;3.8152380952381;;4.03846153846154;3.6;3.85;3.90666666666667;3.72413793103448;3.63157894736842;4.14846153846154;4.51333333333333;4.19625;4.29068965517241;4.71161290322581
02.01.06;;;3.81714285714286;;4.00230769230769;3.6;3.8525;3.91111111111111;3.71379310344828;3.61842105263158;4.15115384615385;4.512;4.190625;4.29586206896552;4.71225806451613
03.01.06;;;3.81904761904762;;3.96615384615385;3.6;3.855;3.91555555555556;3.70344827586207;3.60526315789474;4.15384615384615;4.51066666666667;4.185;4.30103448275862;4.71290322580645
04.01.06;;;3.82095238095238;;3.93;3.6;3.8575;3.92;3.69310344827586;3.59210526315789;4.15653846153846;4.50933333333333;4.179375;4.30620689655172;4.71354838709677
05.01.06;;;3.82285714285714;;3.89384615384615;3.6;3.86;3.92444444444444;3.68275862068966;3.57894736842105;4.15923076923077;4.508;4.17375;4.31137931034483;4.7141935483871
06.01.06;;;3.8247619047619;;3.85769230769231;3.6;3.8625;3.92888888888889;3.67241379310345;3.56578947368421;4.16192307692308;4.50666666666667;4.168125;4.31655172413793;4.71483870967742
07.01.06;;;3.82666666666667;;3.82153846153846;3.6;3.865;3.93333333333333;3.66206896551724;3.55263157894737;4.16461538461538;4.50533333333333;4.1625;4.32172413793103;4.71548387096774
08.01.06;;;3.82857142857143;;3.78538461538462;3.6;3.8675;3.93777777777778;3.65172413793103;3.53947368421053;4.16730769230769;4.504;4.156875;4.32689655172414;4.71612903225806
09.01.06;;;3.83047619047619;;3.74923076923077;3.6;3.87;3.94222222222222;3.64137931034483;3.52631578947368;4.17;4.50266666666667;4.15125;4.33206896551724;4.71677419354839
10.01.06;;;3.83238095238095;;3.71307692307692;3.6;3.8725;3.94666666666667;3.63103448275862;3.51315789473684;4.18;4.50133333333333;4.145625;4.33724137931035;4.71741935483871
11.01.06;;;3.83428571428571;;3.67692307692308;3.6;3.875;3.95111111111111;3.62068965517241;3.5;4.19;4.5;4.14;4.34241379310345;4.71806451612903
12.01.06;;;3.83619047619048;;3.64076923076923;3.58333333333333;3.8775;3.95555555555556;3.61034482758621;3.52076923076923;4.2;4.50424242424242;4.16636363636364;4.34758620689655;4.71870967741936
13.01.06;;;3.83809523809524;;3.60461538461538;3.56666666666667;3.88;3.96;3.6;3.54153846153846;4.21;4.50848484848485;4.19272727272727;4.35275862068966;4.71935483870968
14.01.06;;;3.84;;3.56846153846154;3.55;3.88136363636364;3.96;3.59565217391304;3.56230769230769;4.22;4.51272727272727;4.21909090909091;4.35793103448276;4.72
15.01.06;;;3.83730769230769;;3.53230769230769;3.53333333333333;3.88272727272727;3.96;3.59130434782609;3.58307692307692;4.23;4.5169696969697;4.24545454545455;4.36310344827586;4.71684210526316
16.01.06;;;3.83461538461538;;3.49615384615385;3.51666666666667;3.88409090909091;3.96;3.58695652173913;3.60384615384615;4.24;4.52121212121212;4.27181818181818;4.36827586206897;4.71368421052632
17.01.06;;;3.83192307692308;;3.46;3.5;3.88545454545455;3.96;3.58260869565217;3.62461538461539;4.25;4.52545454545455;4.29818181818182;4.37344827586207;4.71052631578947
18.01.06;;;3.82923076923077;;3.46857142857143;3.48333333333333;3.88681818181818;3.96;3.57826086956522;3.64538461538462;4.26;4.52969696969697;4.32454545454545;4.37862068965517;4.70736842105263
19.01.06;;;3.82653846153846;;3.47714285714286;3.46666666666667;3.88818181818182;3.96;3.57391304347826;3.66615384615385;4.27;4.53393939393939;4.35090909090909;4.38379310344828;4.70421052631579
20.01.06;;;3.82384615384615;;3.48571428571429;3.45;3.88954545454545;3.96;3.5695652173913;3.68692307692308;4.28;4.53818181818182;4.37727272727273;4.38896551724138;4.70105263157895
21.01.06;;;3.82115384615385;;3.49428571428571;3.43333333333333;3.89090909090909;3.96;3.56521739130435;3.70769230769231;4.29;4.54242424242424;4.40363636363636;4.39413793103448;4.69789473684211
22.01.06;;;3.81846153846154;;3.50285714285714;3.41666666666667;3.89227272727273;3.96;3.56086956521739;3.72846153846154;4.3;4.54666666666667;4.43;4.39931034482759;4.69473684210526
23.01.06;;;3.81576923076923;;3.51142857142857;3.4;3.89363636363636;3.96;3.55652173913043;3.74923076923077;4.31;4.55090909090909;4.42;4.40448275862069;4.69157894736842
24.01.06;;;3.81307692307692;;3.52;3.38333333333333;3.895;3.96;3.55217391304348;3.77;4.30185185185185;4.55515151515152;4.41;4.40965517241379;4.68842105263158
25.01.06;;;3.81038461538462;;3.52857142857143;3.36666666666667;3.89636363636364;3.96;3.54782608695652;3.76380952380952;4.2937037037037;4.55939393939394;4.4;4.4148275862069;4.68526315789474
26.01.06;;;3.80769230769231;;3.53714285714286;3.35;3.89772727272727;3.96;3.54347826086957;3.75761904761905;4.28555555555556;4.56363636363636;4.39;4.42;4.68210526315789
27.01.06;;;3.805;;3.54571428571429;3.33333333333333;3.89909090909091;3.96;3.53913043478261;3.75142857142857;4.27740740740741;4.56787878787879;4.38;4.4225;4.67894736842105
28.01.06;;3.94;3.80230769230769;;3.55428571428571;3.31666666666667;3.90045454545455;3.9775;3.53478260869565;3.7452380952381;4.26925925925926;4.57212121212121;4.37;4.425;4.67578947368421
29.01.06;;3.94411764705882;3.79961538461538;;3.56285714285714;3.3;3.90181818181818;3.995;3.5304347826087;3.73904761904762;4.26111111111111;4.57636363636364;4.36;4.4275;4.67263157894737
30.01.06;;3.94823529411765;3.79692307692308;;3.57142857142857;3.35;3.90318181818182;4.0125;3.52608695652174;3.73285714285714;4.25296296296296;4.58060606060606;4.35;4.43;4.66947368421053
31.01.06;;3.95235294117647;3.79423076923077;;3.58;3.4;3.90454545454545;4.03;3.52173913043478;3.72666666666667;4.24481481481482;4.58484848484849;4.34;4.4325;4.66631578947369
01.02.06;;3.95647058823529;3.79153846153846;;3.58857142857143;3.45;3.90590909090909;4.0475;3.51739130434783;3.72047619047619;4.23666666666667;4.58909090909091;4.33;4.435;4.66315789473684
02.02.06;;3.96058823529412;3.78884615384615;;3.59714285714286;3.5;3.90727272727273;4.065;3.51304347826087;3.71428571428571;4.22851851851852;4.59333333333333;4.32;4.4375;4.66
03.02.06;;3.96470588235294;3.78615384615385;;3.60571428571429;3.55;3.90863636363636;4.0825;3.50869565217391;3.70809523809524;4.22037037037037;4.59757575757576;4.31;4.44;4.67076923076923
04.02.06;;3.96882352941176;3.78346153846154;;3.61428571428571;3.6;3.91;4.1;3.50434782608696;3.70190476190476;4.21222222222222;4.60181818181818;4.31545454545455;4.44;4.68153846153846
05.02.06;;3.97294117647059;3.78076923076923;;3.62285714285714;3.6;3.913125;4.1;3.5;3.69571428571429;4.20407407407407;4.60606060606061;4.32090909090909;4.44;4.69230769230769
06.02.06;;3.97705882352941;3.77807692307692;;3.63142857142857;3.6;3.91625;4.1;3.50666666666667;3.68952380952381;4.19592592592593;4.61030303030303;4.32636363636364;4.44;4.70307692307692
07.02.06;;3.98117647058824;3.77538461538462;;3.64;3.6;3.919375;4.1;3.51333333333333;3.68333333333333;4.18777777777778;4.61454545454545;4.33181818181818;4.44;4.71384615384615
08.02.06;;3.98529411764706;3.77269230769231;;3.64857142857143;3.6;3.9225;4.1;3.52;3.67714285714286;4.17962962962963;4.61878787878788;4.33727272727273;4.44;4.72461538461538
09.02.06;;3.98941176470588;3.77;;3.65714285714286;3.6;3.925625;4.1;3.52666666666667;3.67095238095238;4.17148148148148;4.6230303030303;4.34272727272727;4.44;4.73538461538462
10.02.06;;3.99352941176471;3.77382352941177;;3.66571428571429;3.6;3.92875;4.1;3.53333333333333;3.66476190476191;4.16333333333333;4.62727272727273;4.34818181818182;4.44;4.74615384615385
11.02.06;;3.99764705882353;3.77764705882353;;3.67428571428571;3.6;3.931875;4.1;3.54;3.65857142857143;4.15518518518519;4.63151515151515;4.35363636363636;4.44;4.75692307692308
12.02.06;;4.00176470588235;3.78147058823529;;3.68285714285714;3.6;3.935;4.1;3.54666666666667;3.65238095238095;4.14703703703704;4.63575757575758;4.35909090909091;4.44;4.76769230769231
13.02.06;;4.00588235294118;3.78529411764706;;3.69142857142857;3.6;3.938125;4.1;3.55333333333333;3.64619047619048;4.13888888888889;4.64;4.36454545454545;4.44;4.77846153846154
14.02.06;;4.01;3.78911764705882;;3.7;3.6;3.94125;4.1;3.56;3.64;4.13074074074074;4.64615384615385;4.37;4.44;4.78923076923077
15.02.06;;4.01411764705882;3.79294117647059;;3.7;3.6;3.944375;4.1;3.56666666666667;3.66142857142857;4.12259259259259;4.65230769230769;4.36363636363636;4.44;4.8
16.02.06;;4.01823529411765;3.79676470588235;;3.7;3.6;3.9475;4.1;3.57333333333333;3.68285714285714;4.11444444444445;4.65846153846154;4.35727272727273;4.44;4.798
17.02.06;;4.02235294117647;3.80058823529412;;3.7;3.6;3.950625;4.1;3.58;3.70428571428571;4.1062962962963;4.66461538461538;4.35090909090909;4.43714285714286;4.796
18.02.06;;4.02647058823529;3.80441176470588;;3.7;3.6;3.95375;4.1;3.58666666666667;3.72571428571429;4.09814814814815;4.67076923076923;4.34454545454546;4.43428571428572;4.794
19.02.06;;4.03058823529412;3.80823529411765;;3.7;3.6;3.956875;4.1;3.59333333333333;3.74714285714286;4.09;4.67692307692308;4.33818181818182;4.43142857142857;4.792
20.02.06;;4.03470588235294;3.81205882352941;;3.7;3.59047619047619;3.96;4.10428571428571;3.6;3.76857142857143;4.08733333333333;4.68307692307692;4.33181818181818;4.42857142857143;4.79
21.02.06;;4.03882352941177;3.81588235294118;;3.7;3.58095238095238;3.95357142857143;4.10857142857143;3.60666666666667;3.79;4.08466666666667;4.68923076923077;4.32545454545455;4.42571428571429;4.788
22.02.06;;4.04294117647059;3.81970588235294;;3.7;3.57142857142857;3.94714285714286;4.11285714285714;3.61333333333333;3.81111111111111;4.082;4.69538461538462;4.31909090909091;4.42285714285714;4.786
23.02.06;;4.04705882352941;3.82352941176471;;3.7;3.56190476190476;3.94071428571429;4.11714285714286;3.62;3.83222222222222;4.07933333333333;4.70153846153846;4.31272727272727;4.42;4.784
24.02.06;;4.05117647058824;3.82735294117647;;3.7;3.55238095238095;3.93428571428571;4.12142857142857;3.62666666666667;3.85333333333333;4.07666666666667;4.70769230769231;4.30636363636364;4.41714285714286;4.782
25.02.06;;4.05529411764706;3.83117647058824;;3.7;3.54285714285714;3.92785714285714;4.12571428571429;3.63333333333333;3.87444444444444;4.074;4.71384615384615;4.3;4.41428571428572;4.78
26.02.06;;4.05941176470588;3.835;;3.7;3.53333333333333;3.92142857142857;4.13;3.64;3.89555555555556;4.07133333333333;4.72;4.405;4.41142857142857;4.778
27.02.06;;4.06352941176471;3.83882352941176;;3.7;3.52380952380952;3.915;4.13125;3.643;3.91666666666667;4.06866666666667;4.72384615384615;4.51;4.40857142857143;4.776
28.02.06;;4.06764705882353;3.84264705882353;;3.7;3.51428571428571;3.90857142857143;4.1325;3.646;3.93777777777778;4.066;4.72769230769231;4.615;4.40571428571429;4.774
01.03.06;;4.07176470588235;3.84647058823529;;3.7;3.5047619047619;3.90214285714286;4.13375;3.649;3.95888888888889;4.06333333333333;4.73153846153846;4.72;4.40285714285714;4.772
02.03.06;;4.07588235294118;3.85029411764706;;3.7;3.4952380952381;3.89571428571429;4.135;3.652;3.98;4.06066666666667;4.73538461538462;4.825;4.4;4.77
03.03.06;;4.08;3.85411764705882;;3.7;3.48571428571429;3.88928571428571;4.13625;3.655;4.00142857142857;4.058;4.73923076923077;4.93;4.4;4.77642857142857
04.03.06;;4.09931034482759;3.85794117647059;;3.7;3.47619047619048;3.88285714285714;4.1375;3.658;4.02285714285714;4.05533333333333;4.74307692307692;4.89333333333333;4.4;4.78285714285714
05.03.06;;4.11862068965517;3.86176470588235;;3.7;3.46666666666667;3.87642857142857;4.13875;3.661;4.04428571428571;4.05266666666667;4.74692307692308;4.85666666666667;4.4;4.78928571428571
06.03.06;;4.13793103448276;3.86558823529412;;3.7;3.45714285714286;3.87;4.14;3.664;4.06571428571429;4.05;4.75076923076923;4.82;4.4;4.79571428571429
07.03.06;;4.15724137931035;3.86941176470588;;3.7;3.44761904761905;3.91857142857143;4.162;3.667;4.08714285714286;4.05875;4.75461538461538;4.78333333333333;4.4;4.80214285714286
08.03.06;;4.17655172413793;3.87323529411765;;3.7;3.43809523809524;3.96714285714286;4.184;3.67;4.10857142857143;4.0675;4.75846153846154;4.74666666666667;4.4;4.80857142857143
09.03.06;;4.19586206896552;3.87705882352941;;3.7;3.42857142857143;4.01571428571429;4.206;3.673;4.13;4.07625;4.76230769230769;4.71;4.4;4.815
10.03.06;;4.2151724137931;3.88088235294118;;3.7;3.41904761904762;4.06428571428572;4.228;3.676;4.10833333333333;4.085;4.76615384615385;4.67333333333333;4.4;4.82142857142857
11.03.06;;4.23448275862069;3.88470588235294;;3.7;3.40952380952381;4.11285714285714;4.25;3.679;4.08666666666667;4.09375;4.77;4.63666666666667;4.4;4.82785714285714
12.03.06;;4.25379310344828;3.88852941176471;;3.7;3.4;4.16142857142857;4.25;3.682;4.065;4.1025;4.78;4.6;4.4;4.83428571428571
13.03.06;;4.27310344827586;3.89235294117647;;3.7;3.38333333333333;4.21;4.25;3.685;4.04333333333333;4.11125;4.79;4.636;4.4;4.84071428571429
14.03.06;;4.29241379310345;3.89617647058824;;3.7;3.36666666666667;4.2;4.25;3.688;4.02166666666667;4.12;4.8;4.672;4.4;4.84714285714286
15.03.06;;4.31172413793103;3.9;;3.7;3.35;4.19;4.25;3.691;4;4.12875;4.81;4.708;4.4;4.85357142857143
16.03.06;;4.33103448275862;3.91695652173913;;3.7;3.33333333333333;4.18;4.25;3.694;4;4.1375;4.82;4.744;4.4;4.86
17.03.06;;4.35034482758621;3.93391304347826;;3.7;3.31666666666667;4.17;4.25;3.697;4;4.14625;4.83;4.78;4.4;4.86
18.03.06;;4.36965517241379;3.95086956521739;;3.7;3.3;4.16;4.31166666666667;3.7;4;4.155;4.84;4.77615384615385;4.41444444444444;4.86
19.03.06;;4.38896551724138;3.96782608695652;;3.7;3.28888888888889;4.15;4.37333333333333;3.7;4;4.16375;4.85;4.77230769230769;4.42888888888889;4.86
20.03.06;;4.40827586206897;3.98478260869565;;3.7;3.27777777777778;4.14;4.435;3.7;4;4.1725;4.85;4.76846153846154;4.44333333333333;4.86
21.03.06;;4.42758620689655;4.00173913043478;;3.7;3.26666666666667;4.13;4.49666666666667;3.7;4;4.18125;4.85;4.76461538461539;4.45777777777778;4.86
22.03.06;;4.44689655172414;4.01869565217391;;3.7;3.25555555555556;4.12476190476191;4.55833333333333;3.7;4.01428571428571;4.19;4.85;4.76076923076923;4.47222222222222;4.86
23.03.06;;4.46620689655172;4.03565217391304;;3.7;3.24444444444444;4.11952380952381;4.62;3.7;4.02857142857143;4.19;4.85;4.75692307692308;4.48666666666667;4.9
24.03.06;;4.48551724137931;4.05260869565217;;3.7;3.23333333333333;4.11428571428571;4.62;3.7;4.04285714285714;4.19;4.85;4.75307692307692;4.50111111111111;4.94
25.03.06;;4.5048275862069;4.0695652173913;;3.7;3.22222222222222;4.10904761904762;4.62;3.7425;4.05714285714286;4.19;4.85;4.74923076923077;4.51555555555556;4.98
26.03.06;;4.52413793103448;4.08652173913043;;3.7;3.21111111111111;4.10380952380952;4.62;3.785;4.07142857142857;4.19;4.85;4.74538461538462;4.53;5.02
27.03.06;;4.54344827586207;4.10347826086957;;3.7;3.2;4.09857142857143;4.62;3.8275;4.08571428571429;4.19;4.85;4.74153846153846;4.53461538461538;5.06
28.03.06;;4.56275862068966;4.1204347826087;;3.7;3.2;4.09333333333333;4.62;3.87;4.1;4.236;4.84230769230769;4.73769230769231;4.53923076923077;5.1
29.03.06;;4.58206896551724;4.13739130434783;;3.7;3.2;4.08809523809524;4.62;3.9125;4.09666666666667;4.282;4.83461538461538;4.73384615384615;4.54384615384615;5.14
30.03.06;;4.60137931034483;4.15434782608696;3.85;3.7;3.2;4.08285714285714;4.62;3.955;4.09333333333333;4.328;4.82692307692308;4.73;4.54846153846154;5.124
31.03.06;;4.62068965517241;4.17130434782609;3.8952380952381;3.7;3.2;4.07761904761905;4.62;3.9975;4.09;4.374;4.81923076923077;4.70888888888889;4.55307692307692;5.108
01.04.06;;4.64;4.18826086956522;3.94047619047619;3.7;3.2;4.07238095238095;4.62;4.04;4.08666666666667;4.42;4.81153846153846;4.68777777777778;4.55769230769231;5.092
02.04.06;;4.62208333333333;4.20521739130435;3.98571428571429;3.7;3.2;4.06714285714286;4.62;3.99333333333333;4.08333333333333;4.466;4.80384615384615;4.66666666666667;4.56230769230769;5.076
03.04.06;;4.60416666666667;4.22217391304348;4.03095238095238;3.7;3.26666666666667;4.06190476190476;4.662;3.94666666666667;4.08;4.512;4.79615384615385;4.64555555555556;4.56692307692308;5.06
04.04.06;;4.58625;4.23913043478261;4.07619047619048;3.7;3.33333333333333;4.05666666666667;4.704;3.9;4.07666666666667;4.558;4.78846153846154;4.62444444444444;4.57153846153846;5.044
05.04.06;;4.56833333333333;4.25608695652174;4.12142857142857;3.715;3.4;4.05142857142857;4.746;3.85333333333333;4.07333333333333;4.604;4.78076923076923;4.60333333333333;4.57615384615385;5.028
06.04.06;;4.55041666666667;4.27304347826087;4.16666666666667;3.73;3.46666666666667;4.04619047619048;4.788;3.80666666666667;4.07;4.65;4.77307692307692;4.58222222222222;4.58076923076923;5.012
07.04.06;;4.5325;4.29;4.21190476190476;3.745;3.53333333333333;4.04095238095238;4.83;3.76;4.088;4.608;4.76538461538462;4.56111111111111;4.58538461538462;4.996
08.04.06;;4.51458333333333;4.276;4.25714285714286;3.76;3.6;4.03571428571429;4.725;3.795;4.106;4.566;4.75769230769231;4.54;4.59;4.98
09.04.06;;4.49666666666667;4.262;4.30238095238095;3.775;3.66666666666667;4.03047619047619;4.62;3.83;4.124;4.524;4.75;4.538;4.59277777777778;4.964
10.04.06;;4.47875;4.248;4.34761904761905;3.79;3.73333333333333;4.0252380952381;4.515;3.865;4.142;4.482;4.73428571428571;4.536;4.59555555555556;4.948
11.04.06;;4.46083333333333;4.234;4.39285714285714;3.805;3.8;4.02;4.41;3.9;4.16;4.44;4.71857142857143;4.534;4.59833333333333;4.932
12.04.06;;4.44291666666667;4.22;4.43809523809524;3.82;3.83333333333333;4.02;4.305;3.92333333333333;4.15666666666667;4.492;4.70285714285714;4.532;4.60111111111111;4.916
13.04.06;;4.425;4.20722222222222;4.48333333333333;3.835;3.86666666666667;4.02;4.2;3.94666666666667;4.15333333333333;4.544;4.68714285714286;4.53;4.60388888888889;4.9
14.04.06;;4.40708333333333;4.19444444444444;4.52857142857143;3.85;3.9;4.02;4.26666666666667;3.97;4.15;4.596;4.67142857142857;4.528;4.60666666666667;4.9
15.04.06;;4.38916666666667;4.18166666666667;4.57380952380952;3.865;3.93333333333333;4.02;4.33333333333333;3.95583333333333;4.14666666666667;4.648;4.65571428571429;4.526;4.60944444444445;4.9
16.04.06;;4.37125;4.16888888888889;4.61904761904762;3.88;3.96666666666667;4.02;4.4;3.94166666666667;4.14333333333333;4.7;4.64;4.524;4.61222222222222;4.9
17.04.06;;4.35333333333333;4.15611111111111;4.66428571428571;3.87285714285714;4;4.02;4.38181818181818;3.9275;4.14;4.69352941176471;4.62;4.522;4.615;4.9
18.04.06;;4.33541666666667;4.14333333333333;4.70952380952381;3.86571428571429;4.02;4.02;4.36363636363636;3.91333333333333;4.147;4.68705882352941;4.6;4.52;4.61777777777778;4.9
19.04.06;;4.3175;4.13055555555556;4.7547619047619;3.85857142857143;4.04;4.02;4.34545454545455;3.89916666666667;4.154;4.68058823529412;4.58;4.518;4.62055555555556;4.9
20.04.06;;4.29958333333333;4.11777777777778;4.8;3.85142857142857;4.06;4.02;4.32727272727273;3.885;4.161;4.67411764705882;4.56;4.516;4.62333333333333;4.89
21.04.06;;4.28166666666667;4.105;4.77333333333333;3.84428571428571;4.08;4.02;4.30909090909091;3.87083333333333;4.168;4.66764705882353;4.54;4.514;4.62611111111111;4.88
22.04.06;;4.26375;4.09222222222222;4.74666666666667;3.83714285714286;4.1;4.02;4.29090909090909;3.85666666666667;4.175;4.66117647058824;4.52;4.512;4.62888888888889;4.87
23.04.06;;4.24583333333333;4.07944444444444;4.72;3.83;4.025;4.02;4.27272727272727;3.8425;4.182;4.65470588235294;4.5;4.51;4.63166666666667;4.86
24.04.06;4.4;4.22791666666667;4.06666666666667;4.69333333333333;3.81388888888889;3.95;4.02;4.25454545454546;3.82833333333333;4.189;4.64823529411765;4.499;4.51833333333333;4.63444444444444;4.85
25.04.06;4.39666666666667;4.21;4.05388888888889;4.66666666666667;3.79777777777778;3.875;4.02;4.23636363636364;3.81416666666667;4.196;4.64176470588235;4.498;4.52666666666667;4.63722222222222;4.84
26.04.06;4.39333333333333;4.19208333333333;4.04111111111111;4.64;3.78166666666667;3.8;3.98666666666667;4.21818181818182;3.8;4.203;4.63529411764706;4.497;4.535;4.64;4.83
27.04.06;4.39;4.17416666666667;4.02833333333333;4.61333333333333;3.76555555555556;3.76666666666667;3.95333333333333;4.2;3.80625;4.21;4.62882352941177;4.496;4.54333333333333;4.630625;4.82
28.04.06;4.38666666666667;4.15625;4.01555555555556;4.58666666666667;3.74944444444444;3.73333333333333;3.92;4.23333333333333;3.8125;4.20625;4.62235294117647;4.495;4.55166666666667;4.62125;4.81
29.04.06;4.38333333333333;4.13833333333333;4.00277777777778;4.56;3.73333333333333;3.7;3.935;4.26666666666667;3.81875;4.2025;4.61588235294118;4.494;4.56;4.611875;4.8
30.04.06;4.38;4.12041666666667;3.99;4.53333333333333;3.71722222222222;3.67142857142857;3.95;4.3;3.825;4.19875;4.60941176470588;4.493;4.55333333333333;4.6025;4.79
01.05.06;4.375;4.1025;3.98857142857143;4.50666666666667;3.70111111111111;3.64285714285714;3.965;4.3;3.83125;4.195;4.60294117647059;4.492;4.54666666666667;4.593125;4.78
02.05.06;4.37;4.08458333333333;3.98714285714286;4.48;3.685;3.61428571428571;3.98;4.3;3.8375;4.19125;4.59647058823529;4.491;4.54;4.58375;4.77
03.05.06;4.365;4.06666666666667;3.98571428571429;4.45333333333333;3.66888888888889;3.58571428571429;3.995;4.3;3.84375;4.1875;4.59;4.49;4.53333333333333;4.574375;4.76
04.05.06;4.36;4.04875;3.98428571428571;4.42666666666667;3.65277777777778;3.55714285714286;4.01;4.3;3.85;4.18375;4.56142857142857;4.489;4.52666666666667;4.565;4.75
05.05.06;4.355;4.03083333333333;3.98285714285714;4.4;3.63666666666667;3.52857142857143;4.025;4.3;3.85;4.18;4.53285714285714;4.488;4.52;4.555625;4.74
06.05.06;4.35;4.01291666666667;3.98142857142857;4.37333333333333;3.62055555555556;3.5;4.04;4.3;3.85;4.15833333333333;4.50428571428571;4.487;4.5475;4.54625;4.74285714285714
07.05.06;4.35142857142857;3.995;3.98;4.34666666666667;3.60444444444445;3.52857142857143;4.03666666666667;4.3;3.85;4.13666666666667;4.47571428571429;4.486;4.575;4.536875;4.74571428571429
08.05.06;4.35285714285714;3.97708333333333;3.97857142857143;4.32;3.58833333333333;3.55714285714286;4.03333333333333;4.3;3.85;4.115;4.44714285714286;4.485;4.6025;4.5275;4.74857142857143
09.05.06;4.35428571428572;3.95916666666667;3.97714285714286;4.29333333333334;3.57222222222222;3.58571428571429;4.03;4.3;3.85;4.09333333333333;4.41857142857143;4.484;4.63;4.518125;4.75142857142857
10.05.06;4.35571428571429;3.94125;3.97571428571429;4.26666666666667;3.55611111111111;3.61428571428571;4.02666666666667;4.3;3.85;4.07166666666667;4.39;4.483;4.6575;4.50875;4.75428571428571
11.05.06;4.35714285714286;3.92333333333333;3.97428571428571;4.24;3.54;3.64285714285714;4.02333333333333;4.3;3.84153846153846;4.05;4.4075;4.482;4.685;4.499375;4.75714285714286
12.05.06;4.35857142857143;3.90541666666666;3.97285714285714;4.22347826086957;3.54;3.67142857142857;4.02;4.3;3.83307692307692;4.02833333333333;4.425;4.481;4.7125;4.49;4.76
13.05.06;4.36;3.8875;3.97142857142857;4.20695652173913;3.54;3.7;4.01285714285714;4.3;3.82461538461538;4.00666666666667;4.4425;4.48;4.74;4.49;4.756
14.05.06;4.35555555555556;3.86958333333333;3.97;4.1904347826087;3.54;3.7;4.00571428571429;4.3;3.81615384615385;3.985;4.46;4.457;4.69166666666667;4.49;4.752
15.05.06;4.35111111111111;3.85166666666667;3.968;4.17391304347826;3.54;3.7;3.99857142857143;4.26;3.80769230769231;3.96333333333333;4.43875;4.434;4.64333333333333;4.49;4.748
16.05.06;4.34666666666667;3.83375;3.966;4.15739130434783;3.55;3.7;3.99142857142857;4.22;3.79923076923077;3.94166666666667;4.4175;4.411;4.595;4.49;4.744
17.05.06;4.34222222222222;3.81583333333333;3.964;4.14086956521739;3.55;3.7;3.98428571428571;4.18;3.79076923076923;3.92;4.39625;4.388;4.54666666666667;4.49;4.74
18.05.06;4.33777777777778;3.79791666666667;3.962;4.12434782608696;3.55;3.7;3.97714285714286;4.14;3.78230769230769;3.89833333333333;4.375;4.365;4.49833333333333;4.49;4.74285714285714
19.05.06;4.33333333333333;3.78;3.96;4.10782608695652;3.55;3.7;3.97;4.1;3.77384615384615;3.87666666666667;4.35375;4.342;4.45;4.49;4.74571428571429
20.05.06;4.32888888888889;3.77625;3.958;4.09130434782609;3.55;3.7;3.965;4.11428571428571;3.76538461538462;3.855;4.3325;4.319;4.45125;4.48428571428572;4.74857142857143
21.05.06;4.32444444444444;3.7725;3.956;4.07478260869565;3.55;3.7;3.96;4.12857142857143;3.75692307692308;3.83333333333333;4.31125;4.296;4.4525;4.47857142857143;4.75142857142857
22.05.06;4.32;3.76875;3.954;4.05826086956522;3.55;3.7;3.955;4.14285714285714;3.74846153846154;3.81166666666667;4.29;4.273;4.45375;4.47285714285714;4.75428571428571
23.05.06;4.31571428571429;3.765;3.952;4.04173913043478;3.55;3.7;3.95;4.15714285714286;3.74;3.79;4.30333333333333;4.25;4.455;4.46714285714286;4.75714285714286
24.05.06;4.31142857142857;3.76125;3.95;4.02521739130435;3.55;3.68125;3.945;4.17142857142857;3.74;3.80714285714286;4.31666666666667;4.23916666666667;4.45625;4.46142857142857;4.76
25.05.06;4.30714285714286;3.7575;3.948;4.00869565217391;3.55;3.6625;3.94;4.18571428571429;3.74;3.82428571428571;4.33;4.22833333333333;4.4575;4.45571428571429;4.76285714285714
26.05.06;4.30285714285714;3.75375;3.946;3.99217391304348;3.55;3.64375;3.935;4.2;3.74;3.84142857142857;4.34333333333333;4.2175;4.45875;4.45;4.76571428571429
27.05.06;4.29857142857143;3.75;3.944;3.97565217391304;3.55;3.625;3.93;4.21428571428571;3.74;3.85857142857143;4.35666666666667;4.20666666666667;4.46;4.44428571428572;4.76857142857143
28.05.06;4.29428571428571;3.748;3.942;3.95913043478261;3.55;3.60625;3.925;4.22857142857143;3.74;3.87571428571429;4.37;4.19583333333333;4.46;4.43857142857143;4.77142857142857
29.05.06;4.29;3.746;3.94;3.94260869565217;3.55454545454545;3.5875;3.92;4.24285714285714;3.74;3.89285714285714;4.35888888888889;4.185;4.46;4.43285714285714;4.77428571428572
30.05.06;4.26833333333333;3.744;3.938;3.92608695652174;3.55909090909091;3.56875;3.93428571428571;4.25714285714286;3.74;3.91;4.34777777777778;4.17416666666667;4.46;4.42714285714286;4.77714285714286
31.05.06;4.24666666666667;3.742;3.936;3.9095652173913;3.56363636363636;3.55;3.94857142857143;4.27142857142857;3.7225;3.9125;4.33666666666667;4.16333333333333;4.46;4.42142857142857;4.78
01.06.06;4.225;3.74;3.934;3.89304347826087;3.56818181818182;3.553;3.96285714285714;4.28571428571429;3.705;3.915;4.32555555555556;4.1525;4.46;4.41571428571429;4.78
02.06.06;4.20333333333333;3.74;3.932;3.87652173913043;3.57272727272727;3.556;3.97714285714286;4.3;3.6875;3.9175;4.31444444444444;4.14166666666667;4.46;4.41;4.78
03.06.06;4.18166666666667;3.74;3.93;3.86;3.57727272727273;3.559;3.99142857142857;4.28333333333333;3.67;3.92;4.30333333333333;4.13083333333333;4.46;4.40428571428572;4.78
04.06.06;4.16;3.74;3.9275;3.88214285714286;3.58181818181818;3.562;4.00571428571429;4.26666666666667;3.6525;3.9225;4.29222222222222;4.12;4.46714285714286;4.39857142857143;4.78
05.06.06;4.24;3.7425;3.925;3.90428571428571;3.58636363636364;3.565;4.02;4.25;3.635;3.925;4.28111111111111;4.12285714285714;4.47428571428571;4.39285714285714;4.78
06.06.06;4.32;3.745;3.9225;3.92642857142857;3.59090909090909;3.568;4.01;4.23333333333333;3.6175;3.9275;4.27;4.12571428571429;4.48142857142857;4.38714285714286;4.78
07.06.06;4.4;3.7475;3.92;3.94857142857143;3.59545454545455;3.571;4;4.21666666666667;3.6;3.93;4.26777777777778;4.12857142857143;4.48857142857143;4.38142857142857;4.78
08.06.06;4.455;3.75;3.9175;3.97071428571429;3.6;3.574;3.99;4.2;3.614;3.92142857142857;4.26555555555556;4.13142857142857;4.49571428571429;4.37571428571429;4.775
09.06.06;4.51;3.72333333333333;3.915;3.99285714285714;3.58571428571429;3.577;3.98;4.2;3.628;3.91285714285714;4.26333333333333;4.13428571428571;4.50285714285714;4.37;4.77
10.06.06;4.545;3.69666666666667;3.9125;4.015;3.57142857142857;3.58;3.97;4.2;3.642;3.90428571428571;4.26111111111111;4.13714285714286;4.51;4.37733333333333;4.765
11.06.06;4.58;3.67;3.91;4.03714285714286;3.55714285714286;3.57272727272727;3.96;4.2;3.656;3.89571428571429;4.25888888888889;4.14;4.50375;4.38466666666667;4.76
12.06.06;4.615;3.665;3.9075;4.05928571428571;3.54285714285714;3.56545454545455;3.95;4.2;3.67;3.88714285714286;4.25666666666667;4.14375;4.4975;4.392;4.755
13.06.06;4.65;3.66;3.905;4.08142857142857;3.52857142857143;3.55818181818182;3.94;4.2;3.684;3.87857142857143;4.25444444444444;4.1475;4.49125;4.39933333333333;4.75
14.06.06;4.68;3.655;3.9025;4.10357142857143;3.51428571428571;3.55090909090909;3.93;4.2;3.698;3.87;4.25222222222222;4.15125;4.485;4.40666666666667;4.745
15.06.06;4.71;3.65;3.9;4.12571428571429;3.5;3.54363636363636;3.92;4.2;3.712;3.87;4.25;4.155;4.47875;4.414;4.74
16.06.06;4.74;3.645;3.8975;4.14785714285714;3.5;3.53636363636364;3.91;4.2;3.726;3.87;4.25833333333333;4.15875;4.4725;4.42133333333333;4.735
17.06.06;4.77;3.64;3.895;4.17;3.5;3.52909090909091;3.90857142857143;4.2;3.74;3.87;4.26666666666667;4.1625;4.46625;4.42866666666667;4.73
18.06.06;4.8;3.635;3.8925;4.152;3.5;3.52181818181818;3.90714285714286;4.2;3.73;3.87;4.275;4.16625;4.46;4.436;4.725
19.06.06;4.83;3.63;3.89;4.134;3.5;3.51454545454545;3.90571428571429;4.2;3.72;3.87;4.28333333333333;4.17;4.46;4.44333333333333;4.72
20.06.06;4.86;3.63;3.8875;4.116;3.5;3.50727272727273;3.90428571428571;4.2;3.71;3.875;4.29166666666667;4.17375;4.46;4.45066666666667;4.715
21.06.06;;3.63;3.885;4.098;3.5;3.5;3.90285714285714;4.2;3.7;3.88;4.3;4.1775;4.46;4.458;4.71
22.06.06;;3.63;3.8825;4.08;3.5;3.45714285714286;3.90142857142857;4.2;3.69;3.885;4.3;4.18125;4.46;4.46533333333333;4.705
23.06.06;;3.63;3.88;4.062;3.5;3.41428571428571;3.9;4.1875;3.69;3.89;4.3;4.185;4.46;4.47266666666667;4.7
24.06.06;;3.63;3.88666666666667;4.044;3.5;3.37142857142857;3.90714285714286;4.175;3.69;3.88666666666667;4.3;4.18875;4.47142857142857;4.48;4.71285714285714
25.06.06;;3.63;3.89333333333333;4.026;3.5;3.32857142857143;3.91428571428571;4.1625;3.69;3.88333333333333;4.3;4.1925;4.48285714285714;4.47428571428572;4.72571428571429
26.06.06;;3.63;3.9;4.008;3.5;3.28571428571429;3.92142857142857;4.15;3.69;3.88;4.3;4.19625;4.49428571428571;4.46857142857143;4.73857142857143
27.06.06;;3.63;3.90666666666667;3.99;3.5;3.24285714285714;3.92857142857143;4.1375;3.69;3.87666666666667;4.304;4.2;4.50571428571429;4.46285714285714;4.75142857142857
28.06.06;;3.63;3.91333333333333;3.97333333333333;3.5;3.2;3.93571428571429;4.125;3.69;3.87333333333333;4.308;4.19333333333333;4.51714285714286;4.45714285714286;4.76428571428571
29.06.06;;3.63;3.92;3.95666666666667;3.5;3.21538461538462;3.94285714285714;4.1125;3.69;3.87;4.312;4.18666666666667;4.52857142857143;4.45142857142857;4.77714285714286
30.06.06;;3.63;3.92666666666667;3.94;3.5;3.23076923076923;3.95;4.1;3.69;3.86666666666667;4.316;4.18;4.54;4.44571428571429;4.79
01.07.06;;3.63;3.93333333333333;3.92333333333333;3.5;3.24615384615385;3.94857142857143;4.1;3.69;3.86333333333333;4.32;4.17333333333333;4.5375;4.44;4.815
02.07.06;;3.628;3.94;3.90666666666667;3.5;3.26153846153846;3.94714285714286;4.1;3.69;3.86;4.324;4.16666666666667;4.535;4.45;4.84
03.07.06;;3.626;3.94666666666667;3.89;3.5;3.27692307692308;3.94571428571429;4.1;3.69;3.85666666666667;4.328;4.16;4.5325;4.46;4.865
04.07.06;;3.624;3.95333333333333;3.87333333333333;3.5;3.29230769230769;3.94428571428571;4.1;3.69;3.85333333333333;4.332;4.155;4.53;4.47;4.89
05.07.06;;3.622;3.96;3.85666666666667;3.5;3.30769230769231;3.94285714285714;4.1;3.69;3.85;4.336;4.15;4.5275;4.48;4.891875
06.07.06;;3.62;3.96666666666667;3.84;3.5;3.32307692307692;3.94142857142857;4.1;3.69;3.865;4.34;4.145;4.525;4.49;4.89375
07.07.06;;3.6175;3.97333333333333;3.84;3.5;3.33846153846154;3.94;4.1;3.69625;3.88;4.344;4.14;4.5225;4.5;4.895625
08.07.06;;3.615;3.98;3.84;3.5;3.35384615384615;3.94272727272727;4.13333333333333;3.7025;3.895;4.348;4.135;4.52;4.494;4.8975
09.07.06;;3.6125;3.98666666666667;3.84;3.5;3.36923076923077;3.94545454545455;4.16666666666667;3.70875;3.91;4.352;4.13;4.50666666666667;4.488;4.899375
10.07.06;;3.61;3.99333333333333;3.84;3.5;3.38461538461539;3.94818181818182;4.2;3.715;3.925;4.356;4.125;4.49333333333333;4.482;4.90125
11.07.06;;3.612;4;3.84;3.5;3.4;3.95090909090909;4.19;3.72125;3.94;4.36;4.12;4.48;4.476;4.903125
12.07.06;;3.614;4.00666666666667;3.84;3.5;3.4;3.95363636363636;4.18;3.7275;3.94;4.36;4.126;4.46666666666667;4.47;4.905
13.07.06;;3.616;4.01333333333333;3.84;3.5;3.4;3.95636363636364;4.17;3.73375;3.94;4.36;4.132;4.45333333333333;4.481;4.906875
14.07.06;;3.618;4.02;3.84;3.5;3.4;3.95909090909091;4.16;3.74;3.94;4.36;4.138;4.44;4.492;4.90875
15.07.06;;3.62;4.03571428571429;3.84;3.5;3.4;3.96181818181818;4.15;3.72166666666667;3.95;4.36;4.144;4.44375;4.503;4.910625
16.07.06;;3.62;4.05142857142857;3.84;3.52;3.4;3.96454545454546;4.14;3.70333333333333;3.96;4.36;4.15;4.4475;4.514;4.9125
17.07.06;;3.62;4.06714285714286;3.84;3.54;3.4;3.96727272727273;4.13;3.685;3.97;4.36;4.15428571428572;4.45125;4.525;4.914375
18.07.06;;3.62;4.08285714285714;3.84;3.56;3.4;3.97;4.12;3.66666666666667;3.98;4.34571428571429;4.15857142857143;4.455;4.536;4.91625
19.07.06;;3.62;4.09857142857143;3.84;3.58;3.44285714285714;3.975;4.11;3.64833333333333;3.99;4.33142857142857;4.16285714285714;4.45875;4.547;4.918125
20.07.06;;3.62;4.11428571428572;3.84;3.6;3.48571428571429;3.98;4.1;3.63;4;4.31714285714286;4.16714285714286;4.4625;4.558;4.92
21.07.06;;3.6225;4.13;3.84;3.59230769230769;3.52857142857143;3.985;4.1;3.755;4.01;4.30285714285714;4.17142857142857;4.46625;4.569;4.924
22.07.06;;3.625;4.13607142857143;3.80666666666667;3.58461538461538;3.57142857142857;3.99;4.1;3.88;4.02;4.28857142857143;4.17571428571429;4.47;4.58;4.928
23.07.06;;3.6275;4.14214285714286;3.77333333333333;3.57692307692308;3.61428571428571;3.995;4.1;3.844;4.03;4.27428571428571;4.18;4.47375;4.57;4.932
24.07.06;;3.63;4.14821428571429;3.74;3.56923076923077;3.65714285714286;4;4.1;3.808;4.04;4.26;4.1825;4.4775;4.56;4.936
25.07.06;;3.64;4.15428571428571;3.70666666666667;3.56153846153846;3.7;4.005;4.1;3.772;4.05;4.2635;4.185;4.48125;4.55;4.94
26.07.06;;3.65;4.16035714285714;3.67333333333333;3.55384615384615;3.7;4.01;4.1;3.736;4.06;4.267;4.1875;4.485;4.54;4.944
27.07.06;;3.66;4.16642857142857;3.64;3.54615384615385;3.7;4.015;4.1;3.7;4.07;4.2705;4.19;4.48875;4.53;4.948
28.07.06;;3.67;4.1725;3.628;3.53846153846154;3.7;4.02;4.0825;3.71714285714286;4.08;4.274;4.1925;4.4925;4.53642857142857;4.952
29.07.06;;3.68;4.17857142857143;3.616;3.53076923076923;3.7;4.03428571428571;4.065;3.73428571428571;4.03;4.2775;4.195;4.49625;4.54285714285714;4.956
30.07.06;;3.682;4.18464285714286;3.604;3.52307692307692;3.7;4.04857142857143;4.0475;3.75142857142857;3.98;4.281;4.1975;4.5;4.54928571428571;4.96
31.07.06;;3.684;4.19071428571429;3.592;3.51538461538462;3.70714285714286;4.06285714285714;4.03;3.76857142857143;3.93;4.2845;4.2;4.48571428571429;4.55571428571429;4.964
01.08.06;;3.686;4.19678571428571;3.58;3.50769230769231;3.71428571428571;4.07714285714286;4.0125;3.78571428571429;3.88;4.288;4.20777777777778;4.47142857142857;4.56214285714286;4.968
02.08.06;;3.688;4.20285714285714;3.568;3.5;3.72142857142857;4.09142857142857;3.995;3.80285714285714;3.83;4.2915;4.21555555555556;4.45714285714286;4.56857142857143;4.972
03.08.06;;3.69;4.20892857142857;3.556;3.5;3.72857142857143;4.10571428571429;3.9775;3.82;3.83;4.295;4.22333333333333;4.44285714285714;4.575;4.976
04.08.06;;3.6925;4.215;3.544;3.5;3.73571428571429;4.12;3.96;3.80285714285714;3.83;4.2985;4.23111111111111;4.42857142857143;4.58142857142857;4.98
05.08.06;;3.695;4.22107142857143;3.532;3.5;3.74285714285714;4.11333333333333;3.974;3.78571428571429;3.83;4.302;4.23888888888889;4.41428571428572;4.58785714285714;4.98142857142857
06.08.06;;3.6975;4.22714285714286;3.52;3.5;3.75;4.10666666666667;3.988;3.76857142857143;3.83;4.3055;4.24666666666667;4.4;4.59428571428571;4.98285714285714
07.08.06;;3.7;4.23321428571429;3.508;3.5;3.75714285714286;4.1;4.002;3.75142857142857;3.83;4.309;4.25444444444444;4.41666666666667;4.60071428571429;4.98428571428572
08.08.06;;3.706;4.23928571428571;3.496;3.5;3.76428571428571;4.09333333333333;4.016;3.73428571428571;3.83;4.3125;4.26222222222222;4.43333333333333;4.60714285714286;4.98571428571429
09.08.06;;3.712;4.24535714285714;3.484;3.5;3.77142857142857;4.08666666666667;4.03;3.71714285714286;3.836;4.316;4.27;4.45;4.61357142857143;4.98714285714286
10.08.06;;3.718;4.25142857142857;3.472;3.5;3.77857142857143;4.08;4.044;3.7;3.842;4.3195;4.25;4.46666666666667;4.62;4.98857142857143
11.08.06;;3.724;4.2575;3.46;;3.78571428571429;4.07333333333333;4.058;3.7;3.848;4.323;4.23;4.48333333333333;4.62;4.99
12.08.06;;3.73;4.26357142857143;3.448;;3.79285714285714;4.06666666666667;4.072;3.7;3.854;4.3265;4.21;4.5;4.62;5
13.08.06;;3.742;4.26964285714286;3.436;;3.8;4.06;4.086;3.7;3.86;4.33;4.19;4.492;4.62;5.01
14.08.06;;3.754;4.27571428571429;3.424;;3.80461538461538;4.05;4.1;3.7;3.866;4.33333333333333;4.17;4.484;4.62;5.02
15.08.06;;3.766;4.28178571428571;3.412;;3.80923076923077;4.04;4.10210526315789;3.7;3.872;4.33666666666667;4.15;4.476;4.62;5.03
16.08.06;;3.778;4.28785714285714;3.4;;3.81384615384615;4.03;4.10421052631579;3.7;3.878;4.34;4.13;4.468;4.62;5.04
17.08.06;;3.79;4.29392857142857;3.404375;;3.81846153846154;4.02;4.10631578947368;3.7;3.884;4.34333333333333;4.11;4.46;4.62;5.05
18.08.06;;3.78;4.3;3.40875;;3.82307692307692;4.01;4.10842105263158;3.75;3.89;4.34666666666667;4.09;4.46222222222222;4.61714285714286;5.05285714285714
19.08.06;;3.77;4.29659574468085;3.413125;;3.82769230769231;4.00857142857143;4.11052631578947;3.8;3.896;4.35;4.07;4.46444444444444;4.61428571428571;5.05571428571429
20.08.06;;3.76;4.2931914893617;3.4175;;3.83230769230769;4.00714285714286;4.11263157894737;3.8;3.902;4.35333333333333;4.06266666666667;4.46666666666667;4.61142857142857;5.05857142857143
21.08.06;;3.75;4.28978723404255;3.421875;;3.83692307692308;4.00571428571429;4.11473684210526;3.8;3.908;4.35666666666667;4.05533333333333;4.46888888888889;4.60857142857143;5.06142857142857
22.08.06;;3.745;4.2863829787234;3.42625;;3.84153846153846;4.00428571428571;4.11684210526316;3.8;3.914;4.36;4.048;4.47111111111111;4.60571428571429;5.06428571428571
23.08.06;;3.74;4.28297872340426;3.430625;;3.84615384615385;4.00285714285714;4.11894736842105;3.8;3.92;4.36333333333333;4.04066666666667;4.47333333333333;4.60285714285714;5.06714285714286
24.08.06;;3.735;4.27957446808511;3.435;;3.85076923076923;4.00142857142857;4.12105263157895;3.8;3.90428571428571;4.36666666666667;4.03333333333333;4.47555555555556;4.6;5.07
25.08.06;;3.73;4.27617021276596;3.439375;;3.85538461538462;4;4.12315789473684;3.8;3.88857142857143;4.37;4.026;4.47777777777778;4.61714285714286;5.07214285714286
26.08.06;;3.732;4.27276595744681;3.44375;;3.86;4;4.12526315789474;3.8;3.87285714285714;4.37333333333333;4.01866666666667;4.48;4.63428571428571;5.07428571428572
27.08.06;;3.734;4.26936170212766;3.448125;;3.86;4;4.12736842105263;3.8;3.85714285714286;4.37666666666667;4.01133333333333;4.48;4.65142857142857;5.07642857142857
28.08.06;;3.736;4.26595744680851;3.4525;;3.86;4;4.12947368421053;3.8;3.84142857142857;4.38;4.004;4.48;4.66857142857143;5.07857142857143
29.08.06;;3.738;4.26255319148936;3.456875;;3.86;4;4.13157894736842;3.8;3.82571428571429;4.38333333333333;3.99666666666667;4.48;4.68571428571429;5.08071428571429
30.08.06;;3.74;4.25914893617021;3.46125;;3.86;4;4.13368421052632;3.8;3.81;4.38666666666667;3.98933333333333;4.48;4.70285714285714;5.08285714285714
31.08.06;;3.744;4.25574468085106;3.465625;;3.86;4;4.13578947368421;3.8;3.815;4.39;3.982;4.48;4.72;5.085
01.09.06;;3.748;4.25234042553192;3.47;;3.86;4;4.13789473684211;3.8;3.82;4.39333333333333;3.97466666666667;4.48;4.72375;5.08714285714286
02.09.06;;3.752;4.24893617021277;3.46941176470588;;3.86;4;4.14;3.8;3.825;4.39666666666667;3.96733333333333;4.48;4.7275;5.08928571428571
03.09.06;;3.756;4.24553191489362;3.46882352941177;;3.86;4;4.128;3.8;3.83;4.4;3.96;4.48;4.73125;5.09142857142857
04.09.06;;3.76;4.24212765957447;3.46823529411765;;3.86;4;4.116;3.8;3.835;4.40333333333333;3.96620689655172;4.48;4.735;5.09357142857143
05.09.06;;3.765;4.23872340425532;3.46764705882353;;3.83111111111111;4;4.104;3.8;3.84;4.40666666666667;3.97241379310345;4.48;4.73875;5.09571428571429
06.09.06;;3.77;4.23531914893617;3.46705882352941;;3.80222222222222;4;4.092;3.8;3.845;4.41;3.97862068965517;4.48;4.7425;5.09785714285714
07.09.06;;3.775;4.23191489361702;3.46647058823529;;3.77333333333333;4;4.08;3.8;3.85;4.41333333333333;3.9848275862069;4.48;4.74625;5.1
08.09.06;;3.78;4.22851063829787;3.46588235294118;;3.74444444444444;4;4.08;3.8;3.855;4.41666666666667;3.99103448275862;4.48;4.75;5.09962962962963
09.09.06;;3.772;4.22510638297872;3.46529411764706;;3.71555555555556;4;4.08;3.78888888888889;3.86;4.42;3.99724137931034;4.48;4.74391304347826;5.09925925925926
10.09.06;;3.764;4.22170212765957;3.46470588235294;;3.68666666666667;4;4.08;3.77777777777778;3.865;4.42333333333333;4.00344827586207;4.48260869565217;4.73782608695652;5.09888888888889
11.09.06;;3.756;4.21829787234043;3.46411764705882;;3.65777777777778;4;4.08;3.76666666666667;3.87;4.42666666666667;4.00965517241379;4.48521739130435;4.73173913043478;5.09851851851852
12.09.06;;3.748;4.21489361702128;3.46352941176471;;3.62888888888889;4;4.08;3.75555555555556;3.87;4.43;4.01586206896552;4.48782608695652;4.72565217391304;5.09814814814815
13.09.06;;3.74;4.21148936170213;3.46294117647059;;3.6;4;4.08;3.74444444444444;3.87;4.43333333333333;4.02206896551724;4.4904347826087;4.7195652173913;5.09777777777778
14.09.06;;3.7375;4.20808510638298;3.46235294117647;;3.6;4;4.08;3.73333333333333;3.87;4.43666666666667;4.02827586206897;4.49304347826087;4.71347826086957;5.09740740740741
15.09.06;;3.735;4.20468085106383;3.46176470588235;;3.6;4;4.08;3.72222222222222;3.87307692307692;4.44;4.03448275862069;4.49565217391304;4.70739130434783;5.09703703703704
16.09.06;;3.7325;4.20127659574468;3.46117647058824;;3.6;4;4.08;3.71111111111111;3.87615384615385;4.44333333333333;4.04068965517241;4.49826086956522;4.70130434782609;5.09666666666667
17.09.06;;3.73;4.19787234042553;3.46058823529412;;3.6;4;4.08111111111111;3.7;3.87923076923077;4.44666666666667;4.04689655172414;4.50086956521739;4.69521739130435;5.0962962962963
18.09.06;;3.745;4.19446808510638;3.46;;3.6;4;4.08222222222222;3.68888888888889;3.88230769230769;4.45;4.05310344827586;4.50347826086957;4.68913043478261;5.09592592592593
19.09.06;;3.76;4.19106382978723;3.45941176470588;;3.6;4;4.08333333333333;3.67777777777778;3.88538461538462;4.44833333333333;4.05931034482759;4.50608695652174;4.68304347826087;5.09555555555556
20.09.06;;3.775;4.18765957446809;3.45882352941177;;3.60363636363636;4.00263157894737;4.08444444444444;3.66666666666667;3.88846153846154;4.44666666666667;4.06551724137931;4.50869565217391;4.67695652173913;5.09518518518519
21.09.06;;3.79;4.18425531914894;3.45823529411765;;3.60727272727273;4.00526315789474;4.08555555555556;3.65555555555556;3.89153846153846;4.445;4.07172413793103;4.51130434782609;4.67086956521739;5.09481481481481
22.09.06;;3.805;4.18085106382979;3.45764705882353;;3.61090909090909;4.00789473684211;4.08666666666667;3.64444444444444;3.89461538461539;4.44333333333333;4.07793103448276;4.51391304347826;4.66478260869565;5.09444444444444
23.09.06;;3.82;4.17744680851064;3.45705882352941;;3.61454545454545;4.01052631578947;4.08777777777778;3.63333333333333;3.89769230769231;4.44166666666667;4.08413793103448;4.51652173913044;4.65869565217391;5.09407407407407
24.09.06;;3.816;4.17404255319149;3.45647058823529;;3.61818181818182;4.01315789473684;4.08888888888889;3.62222222222222;3.90076923076923;4.44;4.09034482758621;4.51913043478261;4.65260869565217;5.0937037037037
25.09.06;;3.812;4.17063829787234;3.45588235294118;;3.62181818181818;4.01578947368421;4.09;3.61111111111111;3.90384615384615;4.43833333333333;4.09655172413793;4.52173913043478;4.64652173913044;5.09333333333333
26.09.06;3.67;3.808;4.16723404255319;3.45529411764706;;3.62545454545455;4.01842105263158;4.085;3.6;3.90692307692308;4.43666666666667;4.10275862068966;4.52434782608696;4.6404347826087;5.09296296296296
27.09.06;3.672;3.804;4.16382978723404;3.45470588235294;;3.62909090909091;4.02105263157895;4.08;3.6;3.91;4.435;4.10896551724138;4.52695652173913;4.63434782608696;5.09259259259259
28.09.06;3.674;3.8;4.16042553191489;3.45411764705882;;3.63272727272727;4.02368421052632;4.075;3.6;3.91;4.43333333333333;4.1151724137931;4.52956521739131;4.62826086956522;5.09222222222222
29.09.06;3.676;3.79857142857143;4.15702127659574;3.45352941176471;;3.63636363636364;4.02631578947368;4.07;3.6;3.91;4.43166666666667;4.12137931034483;4.53217391304348;4.62217391304348;5.09185185185185
30.09.06;3.678;3.79714285714286;4.1536170212766;3.45294117647059;;3.64;4.02894736842105;4.065;3.6;3.91;4.43;4.12758620689655;4.53478260869565;4.61608695652174;5.09148148148148
01.10.06;3.68;3.79571428571429;4.15021276595745;3.45235294117647;;3.64363636363636;4.03157894736842;4.06;3.6;3.91;4.42833333333333;4.13379310344828;4.53739130434783;4.61;5.09111111111111
02.10.06;3.67833333333333;3.79428571428571;4.1468085106383;3.45176470588235;;3.64727272727273;4.03421052631579;4.065;3.6;3.91;4.42666666666667;4.14;4.54;4.61615384615385;5.09074074074074
03.10.06;3.67666666666667;3.79285714285714;4.14340425531915;3.45117647058824;;3.65090909090909;4.03684210526316;4.07;3.6;3.91;4.425;4.12375;4.544;4.62230769230769;5.09037037037037
04.10.06;3.675;3.79142857142857;4.14;3.45058823529412;;3.65454545454545;4.03947368421053;4.075;3.6;3.91095238095238;4.42333333333333;4.1075;4.548;4.62846153846154;5.09
05.10.06;3.67333333333333;3.79;4.14;3.45;;3.65818181818182;4.0421052631579;4.08;3.6;3.91190476190476;4.42166666666667;4.09125;4.552;4.63461538461539;5.09857142857143
06.10.06;3.67166666666667;3.78666666666667;4.14;3.45666666666667;;3.66181818181818;4.04473684210526;4.08222222222222;3.6;3.91285714285714;4.42;4.075;4.556;4.64076923076923;5.10714285714286
07.10.06;3.67;3.78333333333333;4.14;3.46333333333333;;3.66545454545455;4.04736842105263;4.08444444444444;3.6;3.91380952380952;4.41833333333333;4.05875;4.56;4.64692307692308;5.11571428571429
08.10.06;3.66666666666667;3.78;4.14;3.47;;3.66909090909091;4.05;4.08666666666667;3.6;3.91476190476191;4.41666666666667;4.0425;4.56;4.65307692307692;5.12428571428571
09.10.06;3.66333333333333;3.7775;4.14;3.47666666666667;;3.67272727272727;4.05;4.08888888888889;3.6;3.91571428571429;4.415;4.02625;4.56;4.65923076923077;5.13285714285714
10.10.06;3.66;3.775;4.14;3.48333333333333;;3.67636363636364;4.05;4.09111111111111;3.6;3.91666666666667;4.41333333333333;4.01;4.56;4.66538461538462;5.14142857142857
11.10.06;3.65666666666667;3.7725;4.14;3.49;;3.68;4.05;4.09333333333333;3.605;3.91761904761905;4.41166666666667;4.01428571428571;4.56;4.67153846153846;5.15
12.10.06;3.65333333333333;3.77;4.14;3.49666666666667;3.45;3.68;4.05;4.09555555555556;3.61;3.91857142857143;4.41;4.01857142857143;4.56;4.67769230769231;5.14444444444445
13.10.06;3.65;3.76857142857143;4.14;3.50333333333333;3.4515;3.68;4.05;4.09777777777778;3.615;3.91952380952381;4.40833333333333;4.02285714285714;4.56;4.68384615384615;5.13888888888889
14.10.06;3.66666666666667;3.76714285714286;4.14111111111111;3.51;3.453;3.68;4.05;4.1;3.62;3.92047619047619;4.40666666666667;4.02714285714286;4.56;4.69;5.13333333333333
15.10.06;3.68333333333333;3.76571428571429;4.14222222222222;3.51666666666667;3.4545;3.68;4.05;4.0975;3.625;3.92142857142857;4.405;4.03142857142857;4.56;4.69615384615385;5.12777777777778
16.10.06;3.7;3.76428571428571;4.14333333333333;3.52333333333333;3.456;3.68;4.05;4.095;3.63;3.92238095238095;4.40333333333333;4.03571428571429;4.56;4.70230769230769;5.12222222222222
17.10.06;3.69375;3.76285714285714;4.14444444444445;3.53;3.4575;3.68;4.05;4.0925;3.635;3.92333333333333;4.40166666666667;4.04;4.56;4.70846153846154;5.11666666666667
18.10.06;3.6875;3.76142857142857;4.14555555555556;3.53666666666667;3.459;3.68;4.042;4.09;3.64;3.92428571428571;4.4;4.04714285714286;4.56;4.71461538461538;5.11111111111111
19.10.06;3.68125;3.76;4.14666666666667;3.54333333333333;3.4605;3.68;4.034;4.0875;3.645;3.9252380952381;4.4;4.05428571428571;4.56;4.72076923076923;5.10555555555556
20.10.06;3.675;3.75545454545455;4.14777777777778;3.55;3.462;3.68;4.026;4.085;3.65;3.92619047619048;4.4;4.06142857142857;4.56;4.72692307692308;5.1
21.10.06;3.66875;3.75090909090909;4.14888888888889;3.61722222222222;3.4635;3.68;4.018;4.0825;3.655;3.92714285714286;4.4;4.06857142857143;4.56;4.73307692307692;5.09736842105263
22.10.06;3.6625;3.74636363636364;4.15;3.68444444444444;3.465;3.68;4.01;4.08;3.66;3.92809523809524;4.4;4.07571428571429;4.555;4.73923076923077;5.09473684210526
23.10.06;3.65625;3.74181818181818;4.15;3.75166666666667;3.4665;3.68;4.002;4.08115384615385;3.665;3.92904761904762;4.4;4.08285714285714;4.55;4.74538461538462;5.0921052631579
24.10.06;3.65;3.73727272727273;4.15;3.81888888888889;3.468;3.68631578947368;3.994;4.08230769230769;3.67;3.93;4.4;4.09;4.545;4.75153846153846;5.08947368421053
25.10.06;3.64666666666667;3.73272727272727;4.15;3.88611111111111;3.4695;3.69263157894737;3.986;4.08346153846154;3.675;3.94166666666667;4.4;4.09625;4.54;4.75769230769231;5.08684210526316
26.10.06;3.64333333333333;3.72818181818182;4.15;3.95333333333333;3.471;3.69894736842105;3.978;4.08461538461538;3.68;3.95333333333333;4.4;4.1025;4.535;4.76384615384615;5.08421052631579
27.10.06;3.64;3.72363636363636;4.15;4.02055555555556;3.4725;3.70526315789474;3.97;4.08576923076923;3.68;3.965;4.4;4.10875;4.53;4.77;5.08157894736842
28.10.06;3.63666666666667;3.71909090909091;4.15;4.08777777777778;3.474;3.71157894736842;3.972;4.08692307692308;3.68;3.97666666666667;4.4;4.115;4.525;4.75846153846154;5.07894736842105
29.10.06;3.63333333333333;3.71454545454545;4.15;4.155;3.4755;3.71789473684211;3.974;4.08807692307692;3.68;3.98833333333333;4.4;4.12125;4.52;4.74692307692308;5.07631578947368
30.10.06;3.63;3.71;4.15;4.22222222222222;3.477;3.72421052631579;3.976;4.08923076923077;3.68;4;4.4;4.1275;4.526;4.73538461538462;5.07368421052632
31.10.06;3.62857142857143;3.71058823529412;4.15;4.28944444444444;3.4785;3.73052631578947;3.978;4.09038461538462;3.68;4;4.4;4.13375;4.532;4.72384615384615;5.07105263157895
01.11.06;3.62714285714286;3.71117647058824;4.15;4.35666666666667;3.48;3.73684210526316;3.98;4.09153846153846;3.68;4;4.4;4.14;4.538;4.71230769230769;5.06842105263158
02.11.06;3.62571428571429;3.71176470588235;4.15;4.42388888888889;3.48571428571429;3.74315789473684;3.982;4.09269230769231;3.68;4;4.4;4.13909090909091;4.544;4.70076923076923;5.06578947368421
03.11.06;3.62428571428571;3.71235294117647;4.15178571428571;4.49111111111111;3.49142857142857;3.74947368421053;3.984;4.09384615384615;3.68285714285714;4;4.4;4.13818181818182;4.55;4.68923076923077;5.06315789473684
04.11.06;3.62285714285714;3.71294117647059;4.15357142857143;4.55833333333333;3.49714285714286;3.75578947368421;3.986;4.095;3.68571428571429;4;4.4;4.13727272727273;4.5225;4.67769230769231;5.06052631578947
05.11.06;3.62142857142857;3.71352941176471;4.15535714285714;4.62555555555556;3.50285714285714;3.76210526315789;3.988;4.09615384615385;3.68857142857143;4;4.4;4.13636363636364;4.495;4.66615384615385;5.05789473684211
06.11.06;3.62;3.71411764705882;4.15714285714286;4.69277777777778;3.50857142857143;3.76842105263158;3.99;4.09730769230769;3.69142857142857;4;4.4;4.13545454545455;4.4675;4.65461538461539;5.05526315789474
07.11.06;3.61714285714286;3.71470588235294;4.15892857142857;4.76;3.51428571428571;3.77473684210526;3.978;4.09846153846154;3.69428571428571;4;4.4;4.13454545454546;4.44;4.64307692307692;5.05263157894737
08.11.06;3.61428571428571;3.71529411764706;4.16071428571429;4.74944444444444;3.52;3.78105263157895;3.966;4.09961538461539;3.69714285714286;4;4.4;4.13363636363636;4.4125;4.63153846153846;5.05
09.11.06;3.61142857142857;3.71588235294118;4.1625;4.73888888888889;3.52571428571429;3.78736842105263;3.954;4.10076923076923;3.7;4;4.4;4.13272727272727;4.385;4.62;5.03888888888889
10.11.06;3.60857142857143;3.71647058823529;4.16428571428572;4.72833333333333;3.53142857142857;3.79368421052632;3.942;4.10192307692308;3.7;4;4.4;4.13181818181818;4.3575;4.62714285714286;5.02777777777778
11.11.06;3.60571428571429;3.71705882352941;4.16607142857143;4.71777777777778;3.53714285714286;3.8;3.93;4.10307692307692;3.7;4;4.4;4.13090909090909;4.33;4.63428571428571;5.01666666666667
12.11.06;3.60285714285714;3.71764705882353;4.16785714285714;4.70722222222222;3.54285714285714;3.8;3.92625;4.10423076923077;3.7;4;4.4;4.13;4.33875;4.64142857142857;5.00555555555556
13.11.06;3.6;3.71823529411765;4.16964285714286;4.69666666666667;3.54857142857143;3.8;3.9225;4.10538461538462;3.7;4;4.4;4.13285714285714;4.3475;4.64857142857143;4.99444444444444
14.11.06;3.6275;3.71882352941177;4.17142857142857;4.68611111111111;3.55428571428571;3.8;3.91875;4.10653846153846;3.7;4;4.4;4.13571428571429;4.35625;4.65571428571429;4.98333333333333
15.11.06;3.655;3.71941176470588;4.17321428571429;4.67555555555556;3.56;3.8;3.915;4.10769230769231;3.7;4;4.4;4.13857142857143;4.365;4.66285714285714;4.97222222222222
16.11.06;3.6825;3.72;4.175;4.665;3.56571428571429;3.8;3.91125;4.10884615384615;3.7;4.00333333333333;4.4;4.14142857142857;4.37375;4.67;4.96111111111111
17.11.06;3.71;3.72285714285714;4.17678571428572;4.65444444444445;3.57142857142857;3.8;3.9075;4.11;3.7;4.00666666666667;4.4;4.14428571428571;4.3825;4.6675;4.95
18.11.06;3.72285714285714;3.72571428571429;4.17857142857143;4.64388888888889;3.57714285714286;3.8;3.90375;4.094;3.7;4.01;4.4;4.14714285714286;4.39125;4.665;4.95
19.11.06;3.73571428571429;3.72857142857143;4.18035714285714;4.63333333333333;3.58285714285714;3.8;3.9;4.078;3.7;4.01333333333333;4.4;4.15;4.4;4.6625;4.95
20.11.06;3.74857142857143;3.73142857142857;4.18214285714286;4.62277777777778;3.58857142857143;3.8;3.9;4.062;3.7;4.01666666666667;4.4;4.15111111111111;4.4;4.66;4.95
21.11.06;3.76142857142857;3.73428571428571;4.18392857142857;4.61222222222222;3.59428571428571;3.8;3.9;4.046;3.7;4.02;4.4;4.15222222222222;4.4;4.6575;4.95
22.11.06;3.77428571428571;3.73714285714286;4.18571428571429;4.60166666666667;3.6;3.8;3.9;4.03;3.7;4.02333333333333;4.40444444444445;4.15333333333333;4.4;4.655;4.95
23.11.06;3.78714285714286;3.74;4.1875;4.59111111111111;3.6025;3.8;3.9;4.014;3.7;4.02666666666667;4.40888888888889;4.15444444444445;4.4;4.6525;4.95
24.11.06;3.8;3.74285714285714;4.18928571428572;4.58055555555556;3.605;3.8;3.9;3.998;3.69714285714286;4.03;4.41333333333333;4.15555555555556;4.4;4.65;4.95
25.11.06;3.81285714285714;3.74571428571429;4.19107142857143;4.57;3.6075;3.8;3.9;3.982;3.69428571428571;4.03333333333333;4.41777777777778;4.15666666666667;4.4;4.645;4.95
26.11.06;3.82571428571429;3.74857142857143;4.19285714285714;4.536;3.61;3.8;3.9;3.966;3.69142857142857;4.03666666666667;4.42222222222222;4.15777777777778;4.4;4.64;4.94
27.11.06;3.83857142857143;3.75142857142857;4.19464285714286;4.502;3.6125;3.8;3.9;3.95;3.68857142857143;4.04;4.42666666666667;4.15888888888889;4.4;4.635;4.93
28.11.06;3.85142857142857;3.75428571428571;4.19642857142857;4.468;3.615;3.8;3.9;3.95;3.68571428571429;4.04333333333333;4.43111111111111;4.16;4.4;4.63;4.92
29.11.06;3.86428571428571;3.75714285714286;4.19821428571429;4.434;3.6175;3.8;3.9;3.95;3.68285714285714;4.04666666666667;4.43555555555556;4.16;4.4;4.625;4.91
30.11.06;3.87714285714286;3.76;4.2;4.4;3.62;3.8;3.9;3.95;3.68;4.05;4.44;4.16;4.4;4.62;4.9
