01.12.05;;;;-40;-36;150;149;129;138;137;148;120;136;133;122
02.12.05;;;;-40;-35.3333333333333;149.875;148.75;128;138.285714285714;137;148.357142857143;119.4;136.4;133;124
03.12.05;;;-13;-40;-34.6666666666667;149.75;148.5;127;138.571428571429;136.916666666667;148.714285714286;118.8;136.8;131.375;125
04.12.05;;;-13.452380952381;-40;-34;149.625;148.25;126;138.857142857143;136.833333333333;149.071428571429;118.2;137.2;129.75;124.818181818182
05.12.05;;;-13.9047619047619;-40;-33.3333333333333;149.5;148;126.25;139.142857142857;136.75;149.428571428571;117.6;137.6;128.125;124.636363636364
06.12.05;;;-14.3571428571429;-40;-32.6666666666667;148.854166666667;148.102564102564;126.5;139.428571428571;136.666666666667;149.785714285714;117;138;126.5;124.454545454545
07.12.05;;;-14.8095238095238;-40;-32;148.208333333333;148.205128205128;126.75;139.714285714286;136.583333333333;150.142857142857;117.045454545455;138;124.875;124.272727272727
08.12.05;;;-15.2619047619048;-40;-31.3333333333333;147.5625;148.307692307692;127;140;136.5;150.5;117.090909090909;138;123.25;124.090909090909
09.12.05;;;-15.7142857142857;-39.8333333333333;-30.6666666666667;146.916666666667;148.410256410256;127.25;140.285714285714;136.416666666667;150.857142857143;117.136363636364;138;121.625;123.909090909091
10.12.05;;;-16.1666666666667;-39.6666666666667;-30;146.270833333333;148.512820512821;127.5;140.571428571429;136.333333333333;151.214285714286;117.181818181818;138;120;123.727272727273
11.12.05;;;-16.6190476190476;-39.5;-29.3333333333333;145.625;148.615384615385;127.357142857143;140.857142857143;136.25;151.571428571429;117.227272727273;138;118.6;123.545454545455
12.12.05;;;-17.0714285714286;-39.3333333333333;-28.6666666666667;144.979166666667;148.717948717949;127.214285714286;141.142857142857;136.166666666667;151.928571428571;117.272727272727;138;117.2;123.363636363636
13.12.05;;;-17.5238095238095;-39.1666666666667;-28;144.333333333333;148.820512820513;127.071428571429;141.428571428571;136.083333333333;152.285714285714;117.318181818182;138;115.8;123.181818181818
14.12.05;;;-17.9761904761905;-39;-27.3333333333333;143.6875;148.923076923077;126.928571428571;141.714285714286;136;152.642857142857;117.363636363636;138.384615384615;114.4;123
15.12.05;;;-18.4285714285714;-38.8333333333333;-26.6666666666667;143.041666666667;149.025641025641;126.785714285714;142;135.555555555556;153;117.409090909091;138.769230769231;113;122.714285714286
16.12.05;;;-18.8809523809524;-38.6666666666667;-26;142.395833333333;149.128205128205;126.642857142857;142.3;135.111111111111;152.88;117.454545454545;139.153846153846;113.461538461538;122.428571428571
17.12.05;;;-19.3333333333333;-38.5;-25.3333333333333;141.75;149.230769230769;126.5;142.6;134.666666666667;152.76;117.5;139.538461538462;113.923076923077;122.142857142857
18.12.05;;;-19.7857142857143;-38.3333333333333;-24.6666666666667;141.104166666667;149.333333333333;127;142.9;134.222222222222;152.64;117.545454545455;139.923076923077;114.384615384615;121.857142857143
19.12.05;;;-20.2380952380952;-38.1666666666667;-24;140.458333333333;149.435897435897;127.5;143.2;133.777777777778;152.52;117.590909090909;140.307692307692;114.846153846154;121.571428571429
20.12.05;;;-20.6904761904762;-38;-23.3333333333333;139.8125;149.538461538462;128;143.5;133.333333333333;152.4;117.636363636364;140.692307692308;115.307692307692;121.285714285714
21.12.05;;;-21.1428571428571;-37.8333333333333;-22.6666666666667;139.166666666667;149.641025641026;128.5;143.8;132.888888888889;152.28;117.681818181818;141.076923076923;115.769230769231;121
22.12.05;;;-21.5952380952381;-37.6666666666667;-22;138.520833333333;149.74358974359;129;144.1;132.444444444444;152.16;117.727272727273;141.461538461538;116.230769230769;120.714285714286
23.12.05;;;-22.047619047619;-37.5;-21.8461538461538;137.875;149.846153846154;129.5;144.4;132;152.04;117.772727272727;141.846153846154;116.692307692308;120.428571428571
24.12.05;;;-22.5;-37.3333333333333;-21.6923076923077;137.229166666667;149.948717948718;130;144.7;131.84375;151.92;117.818181818182;142.230769230769;117.153846153846;120.142857142857
25.12.05;;;-22.9523809523809;-37.1666666666667;-21.5384615384615;136.583333333333;150.051282051282;130.5;145;131.6875;151.8;117.863636363636;142.615384615385;117.615384615385;119.857142857143
26.12.05;;;-23.4047619047619;-37;-21.3846153846154;135.9375;150.153846153846;131;145;131.53125;151.68;117.909090909091;143;118.076923076923;119.571428571429
27.12.05;;;-23.8571428571428;-36.8333333333333;-21.2307692307692;135.291666666667;150.25641025641;130.888888888889;145;131.375;151.56;117.954545454545;142.466666666667;118.538461538462;119.285714285714
28.12.05;;;-24.3095238095238;-36.6666666666667;-21.0769230769231;134.645833333333;150.358974358974;130.777777777778;145;131.21875;151.44;118;141.933333333333;119;119
29.12.05;;;-24.7619047619048;-36.5;-20.9230769230769;134;150.461538461538;130.666666666667;145;131.0625;151.32;117.5;141.4;118.722222222222;118.588235294118
30.12.05;;;-25.2142857142857;-36.3333333333333;-20.7692307692308;133.846153846154;150.564102564103;130.555555555556;145;130.90625;151.2;117;140.866666666667;118.444444444444;118.176470588235
31.12.05;;;-25.6666666666667;-36.1666666666667;-20.6153846153846;133.692307692308;150.666666666667;130.444444444444;145;130.75;151.08;116.5;140.333333333333;118.166666666667;117.764705882353
01.01.06;;;-26.1190476190476;-36;-20.4615384615385;133.538461538462;150.769230769231;130.333333333333;145;130.59375;150.96;116;139.8;117.888888888889;117.352941176471
02.01.06;;;-26.5714285714286;-35.8333333333333;-20.3076923076923;133.384615384615;150.871794871795;130.222222222222;145;130.4375;150.84;115.5;139.266666666667;117.611111111111;116.941176470588
03.01.06;;;-27.0238095238095;-35.6666666666667;-20.1538461538462;133.230769230769;150.974358974359;130.111111111111;145;130.28125;150.72;115;138.733333333333;117.333333333333;116.529411764706
04.01.06;;;-27.4761904761905;-35.5;-20;133.076923076923;151.076923076923;130;145;130.125;150.6;114.5;138.2;117.055555555556;116.117647058824
05.01.06;;;-27.9285714285714;-35.3333333333333;-19.8461538461538;132.923076923077;151.179487179487;129.888888888889;145;129.96875;150.48;114;137.666666666667;116.777777777778;115.705882352941
06.01.06;;;-28.3809523809524;-35.1666666666667;-19.6923076923077;132.769230769231;151.282051282051;129.777777777778;145;129.8125;150.36;113.5;137.133333333333;116.5;115.294117647059
07.01.06;;;-28.8333333333333;-35;-19.5384615384615;132.615384615385;151.384615384615;129.666666666667;145;129.65625;150.24;113;136.6;116.222222222222;114.882352941176
08.01.06;;;-29.2857142857143;-34.8333333333333;-19.3846153846154;132.461538461538;151.48717948718;129.555555555556;145;129.5;150.12;112.5;136.066666666667;115.944444444444;114.470588235294
09.01.06;;;-29.7380952380952;-34.6666666666667;-19.2307692307692;132.307692307692;151.589743589744;129.444444444444;145;129.34375;150;112;135.533333333333;115.666666666667;114.058823529412
10.01.06;;;-30.1904761904762;-34.5;-19.0769230769231;132.153846153846;151.692307692308;129.333333333333;145;129.1875;149.857142857143;111.5;135;115.388888888889;113.647058823529
11.01.06;;;-30.6428571428571;-34.3333333333333;-18.9230769230769;132;151.794871794872;129.222222222222;145;129.03125;149.714285714286;111;135;115.111111111111;113.235294117647
12.01.06;;;-31.0952380952381;-34.1666666666667;-18.7692307692308;131.611111111111;151.897435897436;129.111111111111;145;128.875;149.571428571429;110.916666666667;135;114.833333333333;112.823529411765
13.01.06;;;-31.547619047619;-34;-18.6153846153846;131.222222222222;152;129;145;128.71875;149.428571428571;110.833333333333;135;114.555555555556;112.411764705882
14.01.06;;;-32;-33.8333333333333;-18.4615384615385;130.833333333333;151.681818181818;128.642857142857;144.666666666667;128.5625;149.285714285714;110.75;135;114.277777777778;112
15.01.06;;;-32.5;-33.6666666666667;-18.3076923076923;130.444444444444;151.363636363636;128.285714285714;144.333333333333;128.40625;149.142857142857;110.666666666667;135;114;112.105263157895
16.01.06;;;-33;-33.5;-18.1538461538462;130.055555555556;151.045454545455;127.928571428571;144;128.25;149;110.583333333333;135;114.545454545455;112.210526315789
17.01.06;;;-33.5;-33.3333333333333;-18;129.666666666667;150.727272727273;127.571428571429;143.666666666667;128.09375;148.857142857143;110.5;135.6875;115.090909090909;112.315789473684
18.01.06;;;-34;-33.1666666666667;-18.8965517241379;129.277777777778;150.409090909091;127.214285714286;143.333333333333;127.9375;148.714285714286;110.416666666667;136.375;115.636363636364;112.421052631579
19.01.06;;;-34.5;-33;-19.7931034482759;128.888888888889;150.090909090909;126.857142857143;143;127.78125;148.571428571429;110.333333333333;137.0625;116.181818181818;112.526315789474
20.01.06;;;-35;-33.1944444444444;-20.6896551724138;128.5;149.772727272727;126.5;142.666666666667;127.625;148.428571428571;110.25;137.75;116.727272727273;112.631578947368
21.01.06;;;-35.5;-33.3888888888889;-21.5862068965517;128.111111111111;149.454545454545;126.142857142857;142.333333333333;127.46875;148.285714285714;110.166666666667;138.4375;117.272727272727;112.736842105263
22.01.06;;;-36;-33.5833333333333;-22.4827586206897;127.722222222222;149.136363636364;125.785714285714;142;127.3125;148.142857142857;110.083333333333;139.125;117.818181818182;112.842105263158
23.01.06;;;-36.5;-33.7777777777778;-23.3793103448276;127.333333333333;148.818181818182;125.428571428571;141.666666666667;127.15625;148;110;139.8125;118.363636363636;112.947368421053
24.01.06;;;-37;-33.9722222222222;-24.2758620689655;126.944444444444;148.5;125.071428571429;141.333333333333;127;148.125;109.904761904762;140.5;118.909090909091;113.052631578947
25.01.06;;;-37.5;-34.1666666666667;-25.1724137931035;126.555555555556;148.181818181818;124.714285714286;141;126.52380952381;148.25;109.809523809524;140.15;119.454545454545;113.157894736842
26.01.06;;;-38;-34.3611111111111;-26.0689655172414;126.166666666667;147.863636363636;124.357142857143;140.666666666667;126.047619047619;148.375;109.714285714286;139.8;120;113.263157894737
27.01.06;;;-38.5;-34.5555555555556;-26.9655172413793;125.777777777778;147.545454545455;124;140.333333333333;125.571428571429;148.5;109.619047619048;139.45;120.75;113.368421052632
28.01.06;;-31;-39;-34.75;-27.8620689655172;125.388888888889;147.227272727273;124.04347826087;140;125.095238095238;148.625;109.52380952381;139.1;121.5;113.473684210526
29.01.06;;-31.0441176470588;-39.5;-34.9444444444444;-28.7586206896552;125;146.909090909091;124.086956521739;140.5;124.619047619048;148.75;109.428571428571;138.75;122.25;113.578947368421
30.01.06;;-31.0882352941177;-40;-35.1388888888889;-29.6551724137931;125.4;146.590909090909;124.130434782609;141;124.142857142857;148.875;109.333333333333;138.4;123;113.684210526316
31.01.06;;-31.1323529411765;-40.5;-35.3333333333333;-30.551724137931;125.8;146.272727272727;124.173913043478;141.5;123.666666666667;149;109.238095238095;138.05;123.75;113.789473684211
01.02.06;;-31.1764705882353;-41;-35.5277777777778;-31.448275862069;126.2;145.954545454545;124.217391304348;142;123.190476190476;149.125;109.142857142857;137.7;124.5;113.894736842105
02.02.06;;-31.2205882352941;-41.5;-35.7222222222222;-32.3448275862069;126.6;145.636363636364;124.260869565217;142.5;122.714285714286;149.25;109.047619047619;137.35;125.25;114
03.02.06;;-31.2647058823529;-42;-35.9166666666667;-33.2413793103448;127;145.318181818182;124.304347826087;143;122.238095238095;149.375;108.952380952381;137;126;113.923076923077
04.02.06;;-31.3088235294118;-42.5;-36.1111111111111;-34.1379310344828;127;145;124.347826086957;142.769230769231;121.761904761905;149.5;108.857142857143;136.909090909091;125.461538461538;113.846153846154
05.02.06;;-31.3529411764706;-43;-36.3055555555556;-35.0344827586207;127;145.03125;124.391304347826;142.538461538462;121.285714285714;149.625;108.761904761905;136.818181818182;124.923076923077;113.769230769231
06.02.06;;-31.3970588235294;-43.5;-36.5;-35.9310344827586;127;145.0625;124.434782608696;142.307692307692;120.809523809524;149.75;108.666666666667;136.727272727273;124.384615384615;113.692307692308
07.02.06;;-31.4411764705882;-44;-36.6944444444444;-36.8275862068966;127;145.09375;124.478260869565;142.076923076923;120.333333333333;149.875;108.571428571429;136.636363636364;123.846153846154;113.615384615385
08.02.06;;-31.4852941176471;-44.5;-36.8888888888889;-37.7241379310345;127;145.125;124.521739130435;141.846153846154;119.857142857143;150;108.47619047619;136.545454545455;123.307692307692;113.538461538462
09.02.06;;-31.5294117647059;-45;-37.0833333333333;-38.6206896551724;127;145.15625;124.565217391304;141.615384615385;119.380952380952;148.636363636364;108.380952380952;136.454545454545;122.769230769231;113.461538461538
10.02.06;;-31.5735294117647;-44.9705882352941;-37.2777777777778;-39.5172413793104;127;145.1875;124.608695652174;141.384615384615;118.904761904762;147.272727272727;108.285714285714;136.363636363636;122.230769230769;113.384615384615
11.02.06;;-31.6176470588235;-44.9411764705882;-37.4722222222222;-40.4137931034483;127;145.21875;124.652173913043;141.153846153846;118.428571428571;145.909090909091;108.190476190476;136.272727272727;121.692307692308;113.307692307692
12.02.06;;-31.6617647058824;-44.9117647058824;-37.6666666666667;-41.3103448275862;127;145.25;124.695652173913;140.923076923077;117.952380952381;144.545454545455;108.095238095238;136.181818181818;121.153846153846;113.230769230769
13.02.06;;-31.7058823529412;-44.8823529411765;-37.8611111111111;-42.2068965517241;126.142857142857;145.28125;124.739130434783;140.692307692308;117.47619047619;143.181818181818;108;136.090909090909;120.615384615385;113.153846153846
14.02.06;;-31.75;-44.8529411764706;-38.0555555555555;-43.1034482758621;125.285714285714;145.3125;124.782608695652;140.461538461538;117;141.818181818182;108;136;120.076923076923;113.076923076923
15.02.06;;-31.7941176470588;-44.8235294117647;-38.25;-44;124.428571428571;145.34375;124.826086956522;140.230769230769;117.285714285714;140.454545454545;108;135.909090909091;119.538461538462;113
16.02.06;;-31.8382352941176;-44.7941176470588;-38.4444444444444;-43.8888888888889;123.571428571429;145.375;124.869565217391;140;117.571428571429;139.090909090909;108;135.818181818182;119;113.533333333333
17.02.06;;-31.8823529411765;-44.7647058823529;-38.6388888888889;-43.7777777777778;122.714285714286;145.40625;124.913043478261;140.217391304348;117.857142857143;137.727272727273;108;135.727272727273;118.428571428571;114.066666666667
18.02.06;;-31.9264705882353;-44.7352941176471;-38.8333333333333;-43.6666666666667;121.857142857143;145.4375;124.95652173913;140.434782608696;118.142857142857;136.363636363636;108;135.636363636364;117.857142857143;114.6
19.02.06;;-31.9705882352941;-44.7058823529412;-39.0277777777778;-43.5555555555556;121;145.46875;125;140.652173913043;118.428571428571;135;108;135.545454545455;117.285714285714;115.133333333333
20.02.06;;-32.0147058823529;-44.6764705882353;-39.2222222222222;-43.4444444444444;121;145.5;124.857142857143;140.869565217391;118.714285714286;134.266666666667;108;135.454545454545;116.714285714286;115.666666666667
21.02.06;;-32.0588235294118;-44.6470588235294;-39.4166666666667;-43.3333333333333;121;144.821428571429;124.714285714286;141.086956521739;119;133.533333333333;108;135.363636363636;116.142857142857;116.2
22.02.06;;-32.1029411764706;-44.6176470588235;-39.6111111111111;-43.2222222222222;121;144.142857142857;124.571428571429;141.304347826087;120;132.8;108;135.272727272727;115.571428571429;116.733333333333
23.02.06;;-32.1470588235294;-44.5882352941176;-39.8055555555555;-43.1111111111111;121;143.464285714286;124.428571428571;141.521739130435;121;132.066666666667;108;135.181818181818;115;117.266666666667
24.02.06;;-32.1911764705882;-44.5588235294118;-40;-43;121;142.785714285714;124.285714285714;141.739130434783;122;131.333333333333;108;135.090909090909;114.428571428571;117.8
25.02.06;;-32.2352941176471;-44.5294117647059;-40.0588235294118;-42.8888888888889;121;142.107142857143;124.142857142857;141.95652173913;123;130.6;108;135;113.857142857143;118.333333333333
26.02.06;;-32.2794117647059;-44.5;-40.1176470588235;-42.7777777777778;121;141.428571428571;124;142.173913043478;124;129.866666666667;108;136.666666666667;113.285714285714;118.866666666667
27.02.06;;-32.3235294117647;-44.4705882352941;-40.1764705882353;-42.6666666666667;121;140.75;123.25;142.391304347826;125;129.133333333333;109;138.333333333333;112.714285714286;119.4
28.02.06;;-32.3676470588235;-44.4411764705882;-40.2352941176471;-42.5555555555556;121;140.071428571429;122.5;142.608695652174;126;128.4;110;140;112.142857142857;119.933333333333
01.03.06;;-32.4117647058824;-44.4117647058824;-40.2941176470588;-42.4444444444444;121;139.392857142857;121.75;142.826086956522;127;127.666666666667;111;141.666666666667;111.571428571429;120.466666666667
02.03.06;;-32.4558823529412;-44.3823529411765;-40.3529411764706;-42.3333333333333;121;138.714285714286;121;143.04347826087;128;126.933333333333;112;143.333333333333;111;121
03.03.06;;-32.5;-44.3529411764706;-40.4117647058824;-42.2222222222222;121;138.035714285714;120.25;143.260869565217;129.714285714286;126.2;113;145;111;120.428571428571
04.03.06;;-32.0689655172414;-44.3235294117647;-40.4705882352941;-42.1111111111111;121;137.357142857143;119.5;143.478260869565;131.428571428571;125.466666666667;114;145.888888888889;111;119.857142857143
05.03.06;;-31.6379310344828;-44.2941176470588;-40.5294117647059;-42;121;136.678571428571;118.75;143.695652173913;133.142857142857;124.733333333333;115;146.777777777778;111;119.285714285714
06.03.06;;-31.2068965517241;-44.2647058823529;-40.5882352941176;-41.8888888888889;121;136;118;143.913043478261;134.857142857143;124;116;147.666666666667;111;118.714285714286
07.03.06;;-30.7758620689655;-44.2352941176471;-40.6470588235294;-41.7777777777778;121;137.428571428571;118.727272727273;144.130434782609;136.571428571429;123.8125;117;148.555555555556;111;118.142857142857
08.03.06;;-30.3448275862069;-44.2058823529412;-40.7058823529412;-41.6666666666667;121;138.857142857143;119.454545454545;144.347826086957;138.285714285714;123.625;118;149.444444444444;111;117.571428571429
09.03.06;;-29.9137931034483;-44.1764705882353;-40.7647058823529;-41.5555555555556;121;140.285714285714;120.181818181818;144.565217391304;140;123.4375;119;150.333333333333;111;117
10.03.06;;-29.4827586206897;-44.1470588235294;-40.8235294117647;-41.4444444444445;121;141.714285714286;120.909090909091;144.782608695652;140.5;123.25;120;151.222222222222;111;116.428571428571
11.03.06;;-29.051724137931;-44.1176470588235;-40.8823529411765;-41.3333333333333;121;143.142857142857;121.636363636364;145;141;123.0625;121;152.111111111111;111;115.857142857143
12.03.06;;-28.6206896551724;-44.0882352941176;-40.9411764705882;-41.2222222222222;121;144.571428571429;122.363636363636;144.692307692308;141.5;122.875;120.75;153;111;115.285714285714
13.03.06;;-28.1896551724138;-44.0588235294118;-41;-41.1111111111111;122.333333333333;146;123.090909090909;144.384615384615;142;122.6875;120.5;153;111;114.714285714286
14.03.06;;-27.7586206896552;-44.0294117647059;-41.0588235294118;-41;123.666666666667;146.5;123.818181818182;144.076923076923;142.5;122.5;120.25;153;111;114.142857142857
15.03.06;;-27.3275862068965;-44;-41.1176470588235;-40.8095238095238;125;147;124.545454545455;143.769230769231;143;122.3125;120;153;111;113.571428571429
16.03.06;;-26.8965517241379;-42.304347826087;-41.1764705882353;-40.6190476190476;126.333333333333;147.5;125.272727272727;143.461538461538;143.25;122.125;119.75;152.866666666667;111;113
17.03.06;;-26.4655172413793;-40.6086956521739;-41.2352941176471;-40.4285714285714;127.666666666667;148;126;143.153846153846;143.5;121.9375;119.5;152.733333333333;111;113
18.03.06;;-26.0344827586207;-38.9130434782609;-41.2941176470588;-40.2380952380952;129;148.5;127.166666666667;142.846153846154;143.75;121.75;119.25;152.6;111.642857142857;113
19.03.06;;-25.6034482758621;-37.2173913043478;-41.3529411764706;-40.0476190476191;130.111111111111;149;128.333333333333;142.538461538462;144;121.5625;119;152.466666666667;112.285714285714;113
20.03.06;;-25.1724137931034;-35.5217391304348;-41.4117647058824;-39.8571428571429;131.222222222222;149.5;129.5;142.230769230769;144.25;121.375;120.25;152.333333333333;112.928571428571;113
21.03.06;;-24.7413793103448;-33.8260869565218;-41.4705882352941;-39.6666666666667;132.333333333333;150;130.666666666667;141.923076923077;144.5;121.1875;121.5;152.2;113.571428571429;113
22.03.06;;-24.3103448275862;-32.1304347826087;-41.5294117647059;-39.4761904761905;133.444444444444;150.5;131.833333333333;141.615384615385;144.714285714286;121;122.75;152.066666666667;114.214285714286;113
23.03.06;;-23.8793103448276;-30.4347826086957;-41.5882352941176;-39.2857142857143;134.555555555556;151;133;141.307692307692;144.928571428571;121.533333333333;124;151.933333333333;114.857142857143;115
24.03.06;;-23.448275862069;-28.7391304347826;-41.6470588235294;-39.0952380952381;135.666666666667;151.5;131.714285714286;141;145.142857142857;122.066666666667;125.25;151.8;115.5;117
25.03.06;;-23.0172413793103;-27.0434782608696;-41.7058823529412;-38.9047619047619;136.777777777778;152;130.428571428571;142;145.357142857143;122.6;126.5;151.666666666667;116.142857142857;119
26.03.06;;-22.5862068965517;-25.3478260869566;-41.7647058823529;-38.7142857142857;137.888888888889;152.5;129.142857142857;143;145.571428571429;123.133333333333;127.75;151.533333333333;116.785714285714;121
27.03.06;;-22.1551724137931;-23.6521739130435;-41.8235294117647;-38.5238095238095;139;153;127.857142857143;144;145.785714285714;123.666666666667;129;151.4;117.428571428571;123
28.03.06;;-21.7241379310345;-21.9565217391305;-41.8823529411765;-38.3333333333333;139.666666666667;152.857142857143;126.571428571429;145;146;124.2;130.230769230769;151.266666666667;118.071428571429;125
29.03.06;;-21.2931034482759;-20.2608695652174;-41.9411764705882;-38.1428571428572;140.333333333333;152.714285714286;125.285714285714;146;146.222222222222;124.733333333333;131.461538461538;151.133333333333;118.714285714286;127
30.03.06;;-20.8620689655172;-18.5652173913044;-42;-37.952380952381;141;152.571428571429;124;147;146.444444444444;125.266666666667;132.692307692308;151;119.357142857143;127.625
31.03.06;;-20.4310344827586;-16.8695652173914;-40.2619047619048;-37.7619047619048;141.666666666667;152.428571428571;126.333333333333;148;146.666666666667;125.8;133.923076923077;150.777777777778;120;128.25
01.04.06;;-20;-15.1739130434783;-38.5238095238095;-37.5714285714286;142.333333333333;152.285714285714;128.666666666667;149;146.888888888889;126.333333333333;135.153846153846;150.555555555556;123.75;128.875
02.04.06;;-19.0769230769231;-13.4782608695653;-36.7857142857143;-37.3809523809524;143;152.142857142857;131;149.6;147.111111111111;126.866666666667;136.384615384615;150.333333333333;127.5;129.5
03.04.06;;-18.1538461538462;-11.7826086956522;-35.047619047619;-37.1904761904762;144.388888888889;152;133;150.2;147.333333333333;127.4;137.615384615385;150.111111111111;131.25;130.125
04.04.06;;-17.2307692307692;-10.0869565217392;-33.3095238095238;-37;145.777777777778;151.8125;135;150.8;147.555555555556;127.933333333333;138.846153846154;149.888888888889;135;130.75
05.04.06;;-16.3076923076923;-8.39130434782616;-31.5714285714286;-34.2307692307692;147.166666666667;151.625;137;151.4;147.777777777778;128.466666666667;140.076923076923;149.666666666667;138.75;131.375
06.04.06;;-15.3846153846154;-6.69565217391313;-29.8333333333333;-31.4615384615385;148.555555555556;151.4375;139;152;148;129;141.307692307692;149.444444444444;142.5;132
07.04.06;;-14.4615384615385;-5.00000000000009;-28.0952380952381;-28.6923076923077;149.944444444444;151.25;141;152.6;149.2;134.8;142.538461538462;149.222222222222;146.25;134.714285714286
08.04.06;;-13.5384615384615;-5.60000000000007;-26.3571428571428;-25.9230769230769;151.333333333333;151.0625;142;153.2;150.4;140.6;143.769230769231;149;150;137.428571428571
09.04.06;;-12.6153846153846;-6.20000000000005;-24.6190476190476;-23.1538461538462;152.722222222222;150.875;143;153.8;151.6;146.4;145;148.714285714286;151.8;140.142857142857
10.04.06;;-11.6923076923077;-6.80000000000003;-22.8809523809524;-20.3846153846154;154.111111111111;150.6875;144;154.4;152.8;152.2;145.714285714286;148.428571428571;153.6;142.857142857143
11.04.06;;-10.7692307692308;-7.40000000000002;-21.1428571428571;-17.6153846153846;155.5;150.5;145;155;154;158;146.428571428571;148.142857142857;155.4;145.571428571429
12.04.06;;-9.84615384615385;-8;-19.4047619047619;-14.8461538461538;156.333333333333;150.25;146;154.333333333333;154.166666666667;158;147.142857142857;147.857142857143;157.2;148.285714285714
13.04.06;;-8.92307692307692;-8.22222222222222;-17.6666666666666;-12.0769230769231;157.166666666667;150;147;153.666666666667;154.333333333333;158;147.857142857143;147.571428571429;159;151
14.04.06;;-8;-8.44444444444445;-15.9285714285714;-9.3076923076923;158;149.75;148;153;154.5;158;148.571428571429;147.285714285714;159;150.833333333333
15.04.06;;-7.88888888888889;-8.66666666666667;-14.1904761904762;-6.53846153846153;158.833333333333;149.5;149;153;154.666666666667;158;149.285714285714;147;159;150.666666666667
16.04.06;;-7.77777777777778;-8.88888888888889;-12.4523809523809;-3.76923076923076;159.666666666667;149.25;150;153;154.833333333333;157.777777777778;150;147.5;159;150.5
17.04.06;;-7.66666666666667;-9.11111111111111;-10.7142857142857;-0.999999999999986;160.5;149;151.5;153;155;157.555555555556;149.714285714286;148;158.8;150.333333333333
18.04.06;;-7.55555555555556;-9.33333333333333;-8.97619047619044;-1.83333333333332;159.8;148.75;153;153;154.666666666667;157.333333333333;149.428571428571;148.5;158.6;150.166666666667
19.04.06;;-7.44444444444445;-9.55555555555555;-7.2380952380952;-2.66666666666666;159.1;148.5;152.666666666667;153;154.333333333333;157.111111111111;149.142857142857;149;158.4;150
20.04.06;;-7.33333333333333;-9.77777777777778;-5.49999999999996;-3.49999999999999;158.4;148.25;152.333333333333;153;154;156.888888888889;148.857142857143;149.5;158.2;149.75
21.04.06;;-7.22222222222222;-10;-5.57142857142857;-4.33333333333333;157.7;148;152;153;153.666666666667;156.666666666667;148.571428571429;150;158;149.5
22.04.06;;-7.11111111111111;-10.2222222222222;-5.64285714285714;-5.16666666666667;157;148;151.833333333333;153;153.333333333333;156.444444444444;148.285714285714;150.5;157.8;149.25
23.04.06;;-7;-10.4444444444444;-5.71428571428571;-6;156.5;148;151.666666666667;153;153;156.222222222222;148;151;157.6;149
24.04.06;-10;-7.2;-10.6666666666667;-5.78571428571429;-6.26315789473684;156;148;151.5;153;152.5;156;147.5;151.333333333333;157.4;148.75
25.04.06;-10.3333333333333;-7.4;-10.8888888888889;-5.85714285714286;-6.52631578947368;155.5;148;151.333333333333;153;152;155.777777777778;147;151.666666666667;157.2;148.5
26.04.06;-10.6666666666667;-7.6;-11.1111111111111;-5.92857142857143;-6.78947368421053;155;147.666666666667;151.166666666667;153;151.5;155.555555555556;146.5;152;157;148.25
27.04.06;-11;-7.8;-11.3333333333333;-6;-7.05263157894737;154.666666666667;147.333333333333;151;152.375;151;155.333333333333;146;152.333333333333;156.875;148
28.04.06;-11.3333333333333;-8;-11.5555555555556;-6.32142857142857;-7.31578947368421;154.333333333333;147;150.666666666667;151.75;150.6;155.111111111111;145.5;152.666666666667;156.75;147.714285714286
29.04.06;-11.6666666666667;-8.41666666666667;-11.7777777777778;-6.64285714285714;-7.57894736842105;154;146.625;150.333333333333;151.125;150.2;154.888888888889;145;153;156.625;147.428571428571
30.04.06;-12;-8.83333333333333;-12;-6.96428571428571;-7.84210526315789;153.5;146.25;150;150.5;149.8;154.666666666667;144.642857142857;152.571428571429;156.5;147.142857142857
01.05.06;-12.5;-9.25;-12.5714285714286;-7.28571428571428;-8.10526315789474;153;145.875;149.6;149.875;149.4;154.444444444444;144.285714285714;152.142857142857;156.375;146.857142857143
02.05.06;-13;-9.66666666666667;-13.1428571428571;-7.60714285714286;-8.36842105263158;152.5;145.5;149.2;149.25;149;154.222222222222;143.928571428571;151.714285714286;156.25;146.571428571429
03.05.06;-13.5;-10.0833333333333;-13.7142857142857;-7.92857142857143;-8.63157894736842;152;145.125;148.8;148.625;148.666666666667;154;143.571428571429;151.285714285714;156.125;146.285714285714
04.05.06;-14;-10.5;-14.2857142857143;-8.25;-8.89473684210526;151.5;144.75;148.4;148;148.333333333333;153.181818181818;143.214285714286;150.857142857143;156;146
05.05.06;-14.5;-10.875;-14.8571428571429;-8.57142857142857;-9.1578947368421;151;144.375;148;148;148;152.363636363636;142.857142857143;150.428571428571;155.875;145.875
06.05.06;-15;-11.25;-15.4285714285714;-8.89285714285714;-9.42105263157895;150.5;144;147.666666666667;148;148.214285714286;151.545454545455;142.5;150;155.75;145.75
07.05.06;-15.4285714285714;-11.625;-16;-9.21428571428571;-9.68421052631579;150.25;143.333333333333;147.333333333333;148;148.428571428571;150.727272727273;142.142857142857;149.714285714286;155.625;145.625
08.05.06;-15.8571428571429;-12;-16.5714285714286;-9.53571428571428;-9.94736842105263;150;142.666666666667;147;148;148.642857142857;149.909090909091;141.785714285714;149.428571428571;155.5;145.5
09.05.06;-16.2857142857143;-12.5;-17.1428571428571;-9.85714285714285;-10.2105263157895;149.6;142;146.666666666667;148;148.857142857143;149.090909090909;141.428571428571;149.142857142857;155.375;145.375
10.05.06;-16.7142857142857;-13;-17.7142857142857;-10.1785714285714;-10.4736842105263;149.2;141.333333333333;146.333333333333;148;149.071428571429;148.272727272727;141.071428571429;148.857142857143;155.25;145.25
11.05.06;-17.1428571428571;-13.5;-18.2857142857143;-10.5;-10.7368421052632;148.8;140.666666666667;146;148;149.285714285714;147.454545454545;140.714285714286;148.571428571429;155.125;145.125
12.05.06;-17.5714285714286;-14;-18.8571428571429;-10.9130434782609;-11;148.4;140;145.666666666667;147.526315789474;149.5;146.636363636364;140.357142857143;148.285714285714;155;145
13.05.06;-18;-14.2857142857143;-19.4285714285714;-11.3260869565217;-11.3125;148;140;145.333333333333;147.052631578947;149.1;145.818181818182;140;148;154.285714285714;145
14.05.06;-17.8888888888889;-14.5714285714286;-20;-11.7391304347826;-11.625;147.666666666667;140;145;146.578947368421;148.7;145;140.1;148.142857142857;153.571428571429;145
15.05.06;-17.7777777777778;-14.8571428571429;-20.15;-12.1521739130435;-11.9375;147.333333333333;139.4;145;146.105263157895;148.3;144.875;140.2;148.285714285714;152.857142857143;145
16.05.06;-17.6666666666667;-15.1428571428571;-20.3;-12.5652173913044;-12.25;147;138.8;145;145.631578947368;147.9;144.75;140.3;148.428571428571;152.142857142857;145
17.05.06;-17.5555555555556;-15.4285714285714;-20.45;-12.9782608695652;-12.5625;146.357142857143;138.2;145;145.157894736842;147.5;144.625;140.4;148.571428571429;151.428571428571;145
18.05.06;-17.4444444444444;-15.7142857142857;-20.6;-13.3913043478261;-12.875;145.714285714286;137.6;145;144.684210526316;147.083333333333;144.5;140.5;148.714285714286;150.714285714286;144.833333333333
19.05.06;-17.3333333333333;-16;-20.75;-13.804347826087;-13.1875;145.071428571429;137;145;144.210526315789;146.666666666667;144.375;140.6;148.857142857143;150;144.666666666667
20.05.06;-17.2222222222222;-15.5;-20.9;-14.2173913043478;-13.5;144.428571428571;136;144.857142857143;143.736842105263;146.25;144.25;140.7;149;149.6;144.5
21.05.06;-17.1111111111111;-15;-21.05;-14.6304347826087;-13.8125;143.785714285714;135;144.714285714286;143.263157894737;145.833333333333;144.125;140.8;149.142857142857;149.2;144.333333333333
22.05.06;-17;-14.5;-21.2;-15.0434782608696;-14.125;143.142857142857;134;144.571428571429;142.789473684211;145.416666666667;144;140.9;149.285714285714;148.8;144.166666666667
23.05.06;-16.7142857142857;-14;-21.35;-15.4565217391304;-14.4375;142.5;133;144.428571428571;142.315789473684;145;143.7;141;149.428571428571;148.4;144
24.05.06;-16.4285714285714;-13.25;-21.5;-15.8695652173913;-14.75;142;132;144.285714285714;141.842105263158;145.142857142857;143.4;140.416666666667;149.571428571429;148;144.125
25.05.06;-16.1428571428571;-12.5;-21.65;-16.2826086956522;-15.0625;141.5;131;144.142857142857;141.368421052632;145.285714285714;143.1;139.833333333333;149.714285714286;147.6;144.25
26.05.06;-15.8571428571429;-11.75;-21.8;-16.6956521739131;-15.375;141;130;144;140.894736842105;145.428571428571;142.8;139.25;149.857142857143;147.2;144.375
27.05.06;-15.5714285714286;-11;-21.95;-17.1086956521739;-15.6875;140.5;129;143.785714285714;140.421052631579;145.571428571429;142.5;138.666666666667;150;146.8;144.5
28.05.06;-15.2857142857143;-11;-22.1;-17.5217391304348;-16;140;128;143.571428571429;139.947368421053;145.714285714286;142.2;138.083333333333;149.714285714286;146.4;144.625
29.05.06;-15;-11;-22.25;-17.9347826086957;-16.2222222222222;139.571428571429;127;143.357142857143;139.473684210526;145.857142857143;141.9;137.5;149.428571428571;146;144.75
30.05.06;-15;-11;-22.4;-18.3478260869565;-16.4444444444444;139.142857142857;125.857142857143;143.142857142857;139;146;141.6;136.916666666667;149.142857142857;145.6;144.875
31.05.06;-15;-11;-22.55;-18.7608695652174;-16.6666666666667;138.714285714286;124.714285714286;142.928571428571;138.611111111111;145.8125;141.3;136.333333333333;148.857142857143;145.2;145
01.06.06;-15;-11;-22.7;-19.1739130434783;-16.8888888888889;138.285714285714;123.571428571429;142.714285714286;138.222222222222;145.625;141;135.75;148.571428571429;144.8;144.714285714286
02.06.06;-15;-11.1666666666667;-22.85;-19.5869565217391;-17.1111111111111;137.857142857143;122.428571428571;142.5;137.833333333333;145.4375;140.7;135.166666666667;148.285714285714;144.4;144.428571428571
03.06.06;-15;-11.3333333333333;-23;-20;-17.3333333333333;137.428571428571;121.285714285714;142.083333333333;137.444444444444;145.25;140.4;134.583333333333;148;144;144.142857142857
04.06.06;-15;-11.5;-23.8780487804878;-19.8928571428571;-17.5555555555556;137;120.142857142857;141.666666666667;137.055555555556;145.0625;140.1;134;148.071428571429;143.5;143.857142857143
05.06.06;-15.3333333333333;-11.625;-24.7560975609756;-19.7857142857143;-17.7777777777778;136.571428571429;119;141.25;136.666666666667;144.875;139.8;133.166666666667;148.142857142857;143;143.571428571429
06.06.06;-15.6666666666667;-11.75;-25.6341463414634;-19.6785714285714;-18;136.142857142857;119.545454545455;140.833333333333;136.277777777778;144.6875;139.5;132.333333333333;148.214285714286;142.5;143.285714285714
07.06.06;-16;-11.875;-26.5121951219512;-19.5714285714286;-18.2222222222222;135.714285714286;120.090909090909;140.416666666667;135.888888888889;144.5;139.2;131.5;148.285714285714;142;143
08.06.06;-16;-12;-27.390243902439;-19.4642857142857;-18.4444444444444;135.285714285714;120.636363636364;140;135.5;144.428571428571;138.9;130.666666666667;148.357142857143;141.5;142
09.06.06;-16;-12;-28.2682926829268;-19.3571428571429;-18.6666666666667;134.857142857143;121.181818181818;139.142857142857;135.111111111111;144.357142857143;138.6;129.833333333333;148.428571428571;141;141
10.06.06;-16.25;-12;-29.1463414634146;-19.25;-18.8888888888889;134.428571428571;121.727272727273;138.285714285714;134.722222222222;144.285714285714;138.3;129;148.5;140.5;140
11.06.06;-16.5;-12;-30.0243902439024;-19.1428571428571;-19.1111111111111;134;122.272727272727;137.428571428571;134.333333333333;144.214285714286;138;128.222222222222;148.1875;140;139
12.06.06;-16.75;-12.125;-30.9024390243902;-19.0357142857143;-19.3333333333333;133.25;122.818181818182;136.571428571429;133.944444444444;144.142857142857;137.7;127.444444444444;147.875;139.5;138
13.06.06;-17;-12.25;-31.7804878048781;-18.9285714285714;-19.5555555555556;132.5;123.363636363636;135.714285714286;133.555555555556;144.071428571429;137.4;126.666666666667;147.5625;139;137
14.06.06;-17.1428571428571;-12.375;-32.6585365853659;-18.8214285714286;-19.7777777777778;131.75;123.909090909091;134.857142857143;133.166666666667;144;137.1;125.888888888889;147.25;138.5;136
15.06.06;-17.2857142857143;-12.5;-33.5365853658537;-18.7142857142857;-20;131;124.454545454545;134;132.777777777778;144.3;136.8;125.111111111111;146.9375;138;135.777777777778
16.06.06;-17.4285714285714;-12.75;-34.4146341463415;-18.6071428571429;-20.7857142857143;130.666666666667;125;134;132.388888888889;144.6;136.5;124.333333333333;146.625;137.5;135.555555555556
17.06.06;-17.5714285714286;-13;-35.2926829268293;-18.5;-21.5714285714286;130.333333333333;125.571428571429;134;132;144.9;136.2;123.555555555556;146.3125;137;135.333333333333
18.06.06;-17.7142857142857;-13.25;-36.1707317073171;-17.4285714285714;-22.3571428571429;130;126.142857142857;134;131;145.2;135.9;122.777777777778;146;136;135.111111111111
19.06.06;-17.8571428571429;-13.5;-37.0487804878049;-16.3571428571429;-23.1428571428571;129.666666666667;126.714285714286;134;130;145.5;135.6;122;145;135;134.888888888889
20.06.06;-18;-14.3333333333333;-37.9268292682927;-15.2857142857143;-23.9285714285714;129.333333333333;127.285714285714;134;129;146;135.3;120.875;144;134;134.666666666667
21.06.06;-18.2;-15.1666666666667;-38.8048780487805;-14.2142857142857;-24.7142857142857;129;127.857142857143;134;128;146.5;135;119.75;143;133;134.444444444444
22.06.06;-18.4;-16;-39.6829268292683;-13.1428571428572;-25.5;131.625;128.428571428571;134;127;147;134.535714285714;118.625;142;132;134.222222222222
23.06.06;-18.6;-16.75;-40.5609756097561;-12.0714285714286;-26.2857142857143;134.25;129;134;127.375;147.5;134.071428571429;117.5;141;131;134
24.06.06;-18.8;-17.5;-41.4390243902439;-11;-27.0714285714286;136.875;129.714285714286;134;127.75;146.875;133.607142857143;116.375;140.285714285714;130;133
25.06.06;-19;-18.25;-42.3170731707317;-11.4166666666667;-27.8571428571429;139.5;130.428571428571;134;128.125;146.25;133.142857142857;115.25;139.571428571429;129;132
26.06.06;-19.2;-19;-43.1951219512195;-11.8333333333333;-28.6428571428571;138.333333333333;131.142857142857;134;128.5;145.625;132.678571428571;114.125;138.857142857143;128;131
27.06.06;-19.4;-19.6;-44.0731707317073;-12.25;-29.4285714285714;137.166666666667;131.857142857143;134;128.875;145;132.214285714286;113;138.142857142857;127;130
28.06.06;-19.6;-20.2;-44.9512195121951;-12.6666666666667;-30.2142857142857;136;132.571428571429;134;129.25;144.166666666667;131.75;114.166666666667;137.428571428571;126;129
29.06.06;-19.8;-20.8;-45.8292682926829;-13.0833333333333;-31;134.714285714286;133.285714285714;134;129.625;143.333333333333;131.285714285714;115.333333333333;136.714285714286;125;128
30.06.06;-20;-21.4;-46.7073170731707;-13.5;-31.3636363636364;133.428571428571;134;134;130;142.5;130.821428571429;116.5;136;124;127
01.07.06;-20.25;-22;-47.5853658536585;-13.9166666666667;-31.7272727272727;132.142857142857;132.857142857143;134.714285714286;129.333333333333;143;130.357142857143;117.666666666667;136.75;123;126.333333333333
02.07.06;-20.5;-22.6;-48.4634146341463;-14.3333333333333;-32.0909090909091;130.857142857143;131.714285714286;135.428571428571;128.666666666667;143.5;129.892857142857;118.833333333333;137.5;123.166666666667;125.666666666667
03.07.06;-20.75;-23.2;-49.3414634146342;-14.75;-32.4545454545455;129.571428571429;130.571428571429;136.142857142857;128;144;129.428571428571;120;138.25;123.333333333333;125
04.07.06;-21;-23.8;-50.219512195122;-15.1666666666667;-32.8181818181818;128.285714285714;129.428571428571;136.857142857143;127.333333333333;144.5;128.964285714286;121.125;139;123.5;124.333333333333
05.07.06;-21.4;-24.4;-51.0975609756098;-15.5833333333333;-33.1818181818182;127;128.285714285714;137.571428571429;126.666666666667;145;128.5;122.25;139.75;123.666666666667;123.666666666667
06.07.06;-21.8;-25;-51.9756097560976;-16;-33.5454545454546;126.5;127.142857142857;138.285714285714;126;146.333333333333;128.5;123.375;140.5;123.833333333333;123
07.07.06;-22.2;-26;-52.8536585365854;-16.4666666666667;-33.9090909090909;126;126;139;125.357142857143;147.666666666667;128.5;124.5;141.25;124;122.2
08.07.06;-22.6;-27;-53.7317073170732;-16.9333333333333;-34.2727272727273;125.5;124.772727272727;139.857142857143;124.714285714286;149;128.5;125.625;142;122.333333333333;121.4
09.07.06;-23;-28;-54.609756097561;-17.4;-34.6363636363636;125;123.545454545455;140.714285714286;124.071428571429;150.333333333333;128.5;126.75;142.166666666667;120.666666666667;120.6
10.07.06;-23.4;-29;-55.4878048780488;-17.8666666666667;-35;124.5;122.318181818182;141.571428571429;123.428571428571;151.666666666667;128.5;127.875;142.333333333333;119;119.8
11.07.06;-23.8;-29.2;-56.3658536585366;-18.3333333333333;-34.375;124;121.090909090909;142.428571428571;122.785714285714;153;128.5;129;142.5;117.333333333333;119
12.07.06;-24.2;-29.4;-57.2439024390244;-18.8;-33.75;123.821428571429;119.863636363636;143.285714285714;122.142857142857;152.571428571429;127.4;127.8;142.666666666667;115.666666666667;119.444444444444
13.07.06;-24.6;-29.6;-58.1219512195122;-19.2666666666667;-33.125;123.642857142857;118.636363636364;144.142857142857;121.5;152.142857142857;126.3;126.6;142.833333333333;114;119.888888888889
14.07.06;-25;-29.8;-59;-19.7333333333333;-32.5;123.464285714286;117.409090909091;145;120.857142857143;151.714285714286;125.2;125.4;143;114;120.333333333333
15.07.06;-25.5;-30;-59.5714285714286;-20.2;-31.875;123.285714285714;116.181818181818;144.666666666667;120.214285714286;151.285714285714;124.1;124.2;144.222222222222;114;120.777777777778
16.07.06;-26;-30.4;-60.1428571428571;-20.6666666666667;-31.25;123.107142857143;114.954545454545;144.333333333333;119.571428571429;150.857142857143;123;123;145.444444444444;114;121.222222222222
17.07.06;-26.5;-30.8;-60.7142857142857;-21.1333333333333;-30.625;122.928571428571;113.727272727273;144;118.928571428571;150.428571428571;123.625;123;146.666666666667;114;121.666666666667
18.07.06;-27;-31.2;-61.2857142857143;-21.6;-30;122.75;112.5;143.666666666667;118.285714285714;150;124.25;123;147.888888888889;114;122.111111111111
19.07.06;-28.2;-31.6;-61.8571428571429;-22.0666666666667;-30.5;122.571428571429;111.85;143.333333333333;117.642857142857;150.05;124.875;123;149.111111111111;114;122.555555555556
20.07.06;-29.4;-32;-62.4285714285714;-22.5333333333333;-31;122.392857142857;111.2;143;117;150.1;125.5;123;150.333333333333;114;123
21.07.06;-30.6;-32.5;-63;-23;-31.5;122.214285714286;110.55;142.866666666667;125.25;150.15;126.125;123;151.555555555556;114;122.4
22.07.06;-31.8;-33;-63.9642857142857;-24.5;-32;122.035714285714;109.9;142.733333333333;133.5;150.2;126.75;123;152.777777777778;114;121.8
23.07.06;-33;-33.5;-64.9285714285714;-26;-32.5;121.857142857143;109.25;142.6;133.125;150.25;127.375;123;154;112.2;121.2
24.07.06;-33.6111111111111;-34;-65.8928571428571;-27.5;-33;121.678571428571;108.6;142.466666666667;132.75;150.3;128;121.875;153.142857142857;110.4;120.6
25.07.06;-34.2222222222222;-36.2;-66.8571428571429;-29;-33.5;121.5;107.95;142.333333333333;132.375;150.35;127.2;120.75;152.285714285714;108.6;120
26.07.06;-34.8333333333333;-38.4;-67.8214285714286;-30.5;-34;123;107.3;142.2;132;150.4;126.4;119.625;151.428571428571;106.8;119.4
27.07.06;-35.4444444444444;-40.6;-68.7857142857143;-32;-34.7142857142857;124.5;106.65;142.066666666667;133;150.45;125.6;118.5;150.571428571429;105;118.8
28.07.06;-36.0555555555556;-42.8;-69.75;-32.9;-35.4285714285714;126;106;141.933333333333;131.666666666667;150.5;124.8;117.375;149.714285714286;104.333333333333;118.2
29.07.06;-36.6666666666667;-45;-70.7142857142857;-33.8;-36.1428571428571;127.5;105.333333333333;141.8;130.333333333333;150;124;116.25;148.857142857143;103.666666666667;117.6
30.07.06;-37.2777777777778;-45.4;-71.6785714285714;-34.7;-36.8571428571429;129;104.666666666667;141.666666666667;129;149.5;123.2;115.125;148;103;117
31.07.06;-37.8888888888889;-45.8;-72.6428571428571;-35.6;-37.5714285714286;129;104;141.533333333333;127.666666666667;149;122.4;114;147.923076923077;102.333333333333;116.4
01.08.06;-38.5;-46.2;-73.6071428571429;-36.5;-38.2857142857143;129;103.333333333333;141.4;126.333333333333;148.5;121.6;114.888888888889;147.846153846154;101.666666666667;115.8
02.08.06;-37.7272727272727;-46.6;-74.5714285714286;-37.4;-39;129;102.666666666667;141.266666666667;125;148;120.8;115.777777777778;147.769230769231;101;115.2
03.08.06;-36.9545454545455;-47;-75.5357142857143;-38.3;-39.5;127.928571428571;102;141.133333333333;125;147.666666666667;120;116.666666666667;147.692307692308;100.333333333333;114.6
04.08.06;-36.1818181818182;-47.75;-76.5;-39.2;-40;126.857142857143;102.6;141;125;147.333333333333;119.2;117.555555555556;147.615384615385;99.6666666666667;114
05.08.06;-35.4090909090909;-48.5;-77.4642857142857;-40.1;-40.5;125.785714285714;103.2;140.6;125;147;118.4;118.444444444444;147.538461538462;99;114.857142857143
06.08.06;-34.6363636363636;-49.25;-78.4285714285714;-41;-41;124.714285714286;103.8;140.2;125;146.666666666667;117.6;119.333333333333;147.461538461538;101;115.714285714286
07.08.06;-33.8636363636364;-50;-79.3928571428571;-41.9;-41.5;123.642857142857;104.4;139.8;125;146.333333333333;116.8;120.222222222222;147.384615384615;103;116.571428571429
08.08.06;-33.0909090909091;-49.6;-80.3571428571429;-42.8;-42;122.571428571429;105;139.4;125;146;116;121.111111111111;147.307692307692;105;117.428571428571
09.08.06;-32.3181818181818;-49.2;-81.3214285714286;-43.7;-42.5;121.5;105.6;139;125;145.928571428571;115.2;122;147.230769230769;107;118.285714285714
10.08.06;-31.5454545454545;-48.8;-82.2857142857143;-44.6;-43;122.5;106.2;138.6;125;145.857142857143;114.4;123.3;147.153846153846;109;119.142857142857
11.08.06;-30.7727272727273;-48.4;-83.25;-45.5;-40.7272727272727;123.5;106.8;138.2;125;145.785714285714;113.6;124.6;147.076923076923;107.142857142857;120
12.08.06;-30;-48;-84.2142857142857;-46.4;-38.4545454545455;124.5;107.4;137.8;125;145.714285714286;112.8;125.9;147;105.285714285714;118.166666666667
13.08.06;-30.5;-47.6;-85.1785714285714;-47.3;-36.1818181818182;125.5;108;137.4;125;145.642857142857;112;127.2;147;103.428571428571;116.333333333333
14.08.06;-31;-47.2;-86.1428571428571;-48.2;-33.9090909090909;126.833333333333;110.8;137;125;145.571428571429;112.181818181818;128.5;147;101.571428571429;114.5
15.08.06;-31.5;-46.8;-87.1071428571429;-49.1;-31.6363636363637;128.166666666667;113.6;136.428571428571;125;145.5;112.363636363636;129.8;147;99.7142857142857;112.666666666667
16.08.06;-32;-46.4;-88.0714285714286;-50;-29.3636363636364;129.5;116.4;135.857142857143;125;144.75;112.545454545455;131.1;147;97.8571428571428;110.833333333333
17.08.06;-32.5;-46;-89.0357142857143;-50.9375;-27.0909090909091;127.875;119.2;135.285714285714;125;144;112.727272727273;132.4;147;96;109
18.08.06;-33;-45;-90;-51.875;-24.8181818181818;126.25;122;134.714285714286;126.5;143.25;112.909090909091;133.7;146.555555555556;95.1428571428571;107.714285714286
19.08.06;-33.75;-44;-90.6;-52.8125;-22.5454545454546;124.625;121;134.142857142857;128;142.5;113.090909090909;135;146.111111111111;94.2857142857143;106.428571428571
20.08.06;-34.5;-43;-91.2;-53.75;-20.2727272727273;123;120;133.571428571429;127;141.75;113.272727272727;134.8;145.666666666667;93.4285714285714;105.142857142857
21.08.06;-35.25;-42;-91.8;-54.6875;-18;122.75;119;133;126;141;113.454545454545;134.6;145.222222222222;92.5714285714286;103.857142857143
22.08.06;-36;-41;-92.4;-55.625;-17.9375;122.5;118;132.428571428571;125;140.25;113.636363636364;134.4;144.777777777778;91.7142857142857;102.571428571429
23.08.06;-35.0714285714286;-40;-93;-56.5625;-17.875;122.25;117;131.857142857143;124;139.5;113.818181818182;134.2;144.333333333333;90.8571428571429;101.285714285714
24.08.06;-34.1428571428571;-39;-91.9761904761905;-57.5;-17.8125;122;116;131.285714285714;123;139.710526315789;114;134;143.888888888889;90;100
25.08.06;-33.2142857142857;-38;-90.952380952381;-58.4375;-17.75;121.75;115;130.714285714286;122.625;139.921052631579;113.44;133.8;143.444444444444;89.1428571428571;99.4444444444444
26.08.06;-32.2857142857143;-38.2;-89.9285714285714;-59.375;-17.6875;121.5;115.678571428571;130.142857142857;122.25;140.131578947368;112.88;133.6;143;88.2857142857143;98.8888888888889
27.08.06;-31.3571428571429;-38.4;-88.9047619047619;-60.3125;-17.625;120.333333333333;116.357142857143;129.571428571429;121.875;140.342105263158;112.32;133.4;142.714285714286;87.4285714285714;98.3333333333333
28.08.06;-30.4285714285714;-38.6;-87.8809523809524;-61.25;-17.5625;119.166666666667;117.035714285714;129;121.5;140.552631578947;111.76;133.2;142.428571428571;86.5714285714286;97.7777777777778
29.08.06;-29.5;-38.8;-86.8571428571429;-62.1875;-17.5;118;117.714285714286;129.1;121.125;140.763157894737;111.2;133;142.142857142857;85.7142857142857;97.2222222222222
30.08.06;-28.5714285714286;-39;-85.8333333333334;-63.125;-17.4375;120;118.392857142857;129.2;120.75;140.973684210526;110.64;132.8;141.857142857143;84.8571428571429;96.6666666666667
31.08.06;-27.6428571428571;-38.9;-84.8095238095238;-64.0625;-17.375;122;119.071428571429;129.3;120.375;141.184210526316;110.08;132.6;141.571428571429;84;96.1111111111111
01.09.06;-26.7142857142857;-38.8;-83.7857142857143;-65;-17.3125;124;119.75;129.4;120;141.394736842105;109.52;132.4;141.285714285714;83.25;95.5555555555556
02.09.06;-25.7857142857143;-38.7;-82.7619047619048;-64.0588235294118;-17.25;126;120.428571428571;129.5;121.428571428571;141.605263157895;108.96;132.2;141;82.5;95
03.09.06;-24.8571428571429;-38.6;-81.7380952380953;-63.1176470588235;-17.1875;128;121.107142857143;130.5;122.857142857143;141.815789473684;108.4;132;140.714285714286;81.75;94
04.09.06;-23.9285714285714;-38.5;-80.7142857142858;-62.1764705882353;-17.125;130;121.785714285714;131.5;124.285714285714;142.026315789474;107.84;131.931034482759;140.428571428571;81;93
05.09.06;-23;-38.375;-79.6904761904763;-61.2352941176471;-17.0625;131.6;122.464285714286;132.5;125.714285714286;142.236842105263;107.28;131.862068965517;140.142857142857;80.25;92
06.09.06;-23.1428571428571;-38.25;-78.6666666666667;-60.2941176470588;-17;133.2;123.142857142857;133.5;127.142857142857;142.447368421053;106.72;131.793103448276;139.857142857143;79.5;91
07.09.06;-23.2857142857143;-38.125;-77.6428571428572;-59.3529411764706;-17;134.8;123.821428571429;134.5;128.571428571429;142.657894736842;106.16;131.724137931034;139.571428571429;78.75;90
08.09.06;-23.4285714285714;-38;-76.6190476190477;-58.4117647058824;-17;136.4;124.5;133.972222222222;130;142.868421052632;105.6;131.655172413793;139.285714285714;78;90
09.09.06;-23.5714285714286;-38.4;-75.5952380952382;-57.4705882352941;-17;138;123.636363636364;133.444444444444;130.5;143.078947368421;105.04;131.586206896552;139;78.304347826087;90
10.09.06;-23.7142857142857;-38.8;-74.5714285714286;-56.5294117647059;-17;138;122.772727272727;132.916666666667;131;143.289473684211;104.48;131.51724137931;138.916666666667;78.6086956521739;90
11.09.06;-23.8571428571429;-39.2;-73.5476190476191;-55.5882352941177;-17;138;121.909090909091;132.388888888889;131.5;143.5;103.92;131.448275862069;138.833333333333;78.9130434782609;90
12.09.06;-24;-39.6;-72.5238095238096;-54.6470588235294;-17;138;121.045454545455;131.861111111111;132;144;103.36;131.379310344828;138.75;79.2173913043478;90
13.09.06;-24.5;-40;-71.5000000000001;-53.7058823529412;-17;138;120.181818181818;131.333333333333;132.5;144.5;102.8;131.310344827586;138.666666666667;79.5217391304348;90
14.09.06;-25;-40.75;-70.4761904761906;-52.7647058823529;-17;137.666666666667;119.318181818182;130.805555555556;133;145;102.24;131.241379310345;138.583333333333;79.8260869565218;90
15.09.06;-25.5;-41.5;-69.4523809523811;-51.8235294117647;-17.0769230769231;137.333333333333;118.454545454545;130.277777777778;133.5;144.653846153846;101.68;131.172413793103;138.5;80.1304347826087;90
16.09.06;-26;-42.25;-68.4285714285715;-50.8823529411765;-17.1538461538462;137;117.590909090909;129.75;134;144.307692307692;101.12;131.103448275862;138.416666666667;80.4347826086957;90
17.09.06;-26.5;-43;-67.404761904762;-49.9411764705882;-17.2307692307692;136.666666666667;116.727272727273;129.222222222222;134.5;143.961538461538;100.56;131.034482758621;138.333333333333;80.7391304347826;92
18.09.06;-27;-43.6666666666667;-66.3809523809525;-49;-17.3076923076923;136.333333333333;115.863636363636;128.694444444444;135;143.615384615385;100;130.965517241379;138.25;81.0434782608696;94
19.09.06;-27.5;-44.3333333333333;-65.357142857143;-48.0588235294118;-17.3846153846154;136;115;128.166666666667;135.5;143.269230769231;100.666666666667;130.896551724138;138.166666666667;81.3478260869565;96
20.09.06;-28;-45;-64.3333333333334;-47.1176470588235;-17.4615384615385;136.538461538462;114.473684210526;127.638888888889;136;142.923076923077;101.333333333333;130.827586206897;138.083333333333;81.6521739130435;98
21.09.06;-28.5;-45.6666666666667;-63.3095238095239;-46.1764705882353;-17.5384615384615;137.076923076923;113.947368421053;127.111111111111;136.5;142.576923076923;102;130.758620689655;138;81.9565217391304;100
22.09.06;-29;-46.3333333333333;-62.2857142857144;-45.2352941176471;-17.6153846153846;137.615384615385;113.421052631579;126.583333333333;137;142.230769230769;102.666666666667;130.689655172414;137.636363636364;82.2608695652174;102
23.09.06;-29.125;-47;-61.2619047619049;-44.2941176470588;-17.6923076923077;138.153846153846;112.894736842105;126.055555555556;137.5;141.884615384615;103.333333333333;130.620689655172;137.272727272727;82.5652173913044;104
24.09.06;-29.25;-46;-60.2380952380954;-43.3529411764706;-17.7692307692308;138.692307692308;112.368421052632;125.527777777778;138;141.538461538462;104;130.551724137931;136.909090909091;82.8695652173913;106
25.09.06;-29.375;-45;-59.2142857142858;-42.4117647058824;-17.8461538461538;139.230769230769;111.842105263158;125;138.5;141.192307692308;104.666666666667;130.48275862069;136.545454545455;83.1739130434783;108
26.09.06;-29.5;-44;-58.1904761904763;-41.4705882352941;-17.9230769230769;139.769230769231;111.315789473684;124.5;139;140.846153846154;105.333333333333;130.413793103448;136.181818181818;83.4782608695652;110
27.09.06;-29.2;-43;-57.1666666666668;-40.5294117647059;-18;140.307692307692;110.789473684211;124;139;140.5;106;130.344827586207;135.818181818182;83.7826086956522;112
28.09.06;-28.9;-42;-56.1428571428573;-39.5882352941177;-17.5;140.846153846154;110.263157894737;123.5;139;140.583333333333;106.666666666667;130.275862068966;135.454545454545;84.0869565217391;114
29.09.06;-28.6;-41.2857142857143;-55.1190476190478;-38.6470588235294;-17;141.384615384615;109.736842105263;123;139;140.666666666667;107.333333333333;130.206896551724;135.090909090909;84.3913043478261;116
30.09.06;-28.3;-40.5714285714286;-54.0952380952382;-37.7058823529412;-16.5;141.923076923077;109.210526315789;122.5;139;140.75;108;130.137931034483;134.727272727273;84.6956521739131;118
01.10.06;-28;-39.8571428571429;-53.0714285714287;-36.764705882353;-16;142.461538461538;108.684210526316;122;139;140.833333333333;108.666666666667;130.068965517241;134.363636363636;85;120
02.10.06;-27.8333333333333;-39.1428571428571;-52.0476190476192;-35.8235294117647;-15.5;143;108.157894736842;122.5;139;140.916666666667;109.333333333333;130;134;84.6538461538462;122
03.10.06;-27.6666666666667;-38.4285714285714;-51.0238095238097;-34.8823529411765;-15;143.15;107.631578947368;123;139;141;110;131.125;133.6;84.3076923076923;124
04.10.06;-27.5;-37.7142857142857;-50.0000000000002;-33.9411764705882;-14.5;143.3;107.105263157895;123.5;139;141.5;110.666666666667;132.25;133.2;83.9615384615385;126
05.10.06;-27.3333333333333;-37;-50.5555555555557;-33;-14;143.45;106.578947368421;124;138.666666666667;142;111.333333333333;133.375;132.8;83.6153846153846;125.857142857143
06.10.06;-27.1666666666667;-36;-51.1111111111112;-32.9333333333333;-13.5;143.6;106.052631578947;123.875;138.333333333333;142.5;112;134.5;132.4;83.2692307692308;125.714285714286
07.10.06;-27;-35;-51.6666666666668;-32.8666666666667;-13;143.75;105.526315789474;123.75;138;143;112.666666666667;135.625;132;82.9230769230769;125.571428571429
08.10.06;-27;-34;-52.2222222222223;-32.8;-12.5;143.9;105;123.625;137.666666666667;143.5;113.333333333333;136.75;131.75;82.5769230769231;125.428571428571
09.10.06;-27;-33.25;-52.7777777777779;-32.7333333333333;-12;144.05;107.888888888889;123.5;137.333333333333;144;114;137.875;131.5;82.2307692307692;125.285714285714
10.10.06;-27;-32.5;-53.3333333333334;-32.6666666666667;-11.5;144.2;110.777777777778;123.375;137;144.5;114.666666666667;139;131.25;81.8846153846154;125.142857142857
11.10.06;-27;-31.75;-53.8888888888889;-32.6;-11;144.35;113.666666666667;123.25;136.666666666667;144.607142857143;115.333333333333;139.571428571429;131;81.5384615384616;125
12.10.06;-27;-31;-54.4444444444445;-32.5333333333333;-10.5;144.5;116.555555555556;123.125;136.333333333333;144.714285714286;116;140.142857142857;130.75;81.1923076923077;125.071428571429
13.10.06;-27;-30.5714285714286;-55;-32.4666666666667;-10.35;144.65;119.444444444444;123;136;144.821428571429;116.666666666667;140.714285714286;130.5;80.8461538461539;125.142857142857
14.10.06;-27;-30.1428571428571;-53.1111111111111;-32.4;-10.2;144.8;122.333333333333;123;135.875;144.928571428571;117.333333333333;141.285714285714;130.25;80.5;125.214285714286
15.10.06;-27;-29.7142857142857;-51.2222222222222;-32.3333333333333;-10.05;144.95;125.222222222222;123;135.75;145.035714285714;118;141.857142857143;130;80.1538461538462;125.285714285714
16.10.06;-27;-29.2857142857143;-49.3333333333333;-32.2666666666667;-9.9;145.1;128.111111111111;123;135.625;145.142857142857;118.666666666667;142.428571428571;130.833333333333;79.8076923076923;125.357142857143
17.10.06;-26.875;-28.8571428571429;-47.4444444444444;-32.2;-9.75;145.25;131;123;135.5;145.25;119.333333333333;143;131.666666666667;79.4615384615385;125.428571428571
18.10.06;-26.75;-28.4285714285714;-45.5555555555556;-32.1333333333333;-9.6;145.4;130.4;123;135.375;145.357142857143;120;143;132.5;79.1153846153846;125.5
19.10.06;-26.625;-28;-43.6666666666667;-32.0666666666667;-9.45;145.55;129.8;123;135.25;145.464285714286;120.4;143;133.333333333333;78.7692307692308;125.571428571429
20.10.06;-26.5;-27.25;-41.7777777777778;-32;-9.3;145.7;129.2;123;135.125;145.571428571429;120.8;143;134.166666666667;78.4230769230769;125.642857142857
21.10.06;-26.375;-26.5;-39.8888888888889;-32.1111111111111;-9.15;145.85;128.6;123.666666666667;135;145.678571428571;121.2;143;135;78.0769230769231;125.714285714286
22.10.06;-26.25;-25.75;-38;-32.2222222222222;-9;146;128;124.333333333333;134.875;145.785714285714;121.6;143;135.375;77.7307692307692;125.785714285714
23.10.06;-26.125;-25;-38.1818181818182;-32.3333333333333;-8.85;146.175;127.4;125;134.75;145.892857142857;122;143;135.75;77.3846153846154;125.857142857143
24.10.06;-26;-24.7142857142857;-38.3636363636364;-32.4444444444444;-8.7;146.35;126.8;125.666666666667;134.625;146;122.4;143;136.125;77.0384615384615;125.928571428571
25.10.06;-25.8333333333333;-24.4285714285714;-38.5454545454546;-32.5555555555556;-8.55;146.525;126.2;126.333333333333;134.5;146;122.8;142.875;136.5;76.6923076923077;126
26.10.06;-25.6666666666667;-24.1428571428571;-38.7272727272727;-32.6666666666667;-8.4;146.7;125.6;127;134.375;146;123.2;142.75;136.875;76.3461538461538;126.571428571429
27.10.06;-25.5;-23.8571428571429;-38.9090909090909;-32.7777777777778;-8.25;146.875;125;127.666666666667;134.25;146;123.6;142.625;137.25;76;127.142857142857
28.10.06;-25.3333333333333;-23.5714285714286;-39.0909090909091;-32.8888888888889;-8.1;147.05;125.4;128.333333333333;134.125;146;124;142.5;137.625;79.3846153846154;127.714285714286
29.10.06;-25.1666666666667;-23.2857142857143;-39.2727272727273;-33;-7.95;147.225;125.8;129;134;146;124.4;142.375;138;82.7692307692308;128.285714285714
30.10.06;-25;-23;-39.4545454545455;-33.1111111111111;-7.8;147.4;126.2;129.571428571429;133.875;146;124.8;142.25;138.076923076923;86.1538461538462;128.857142857143
31.10.06;-24.7142857142857;-22.8235294117647;-39.6363636363636;-33.2222222222222;-7.65;147.575;126.6;130.142857142857;133.75;146.166666666667;125.2;142.125;138.153846153846;89.5384615384615;129.428571428571
01.11.06;-24.4285714285714;-22.6470588235294;-39.8181818181818;-33.3333333333333;-7.5;147.75;127;130.714285714286;133.625;146.333333333333;125.6;142;138.230769230769;92.9230769230769;130
02.11.06;-24.1428571428571;-22.4705882352941;-40;-33.4444444444444;-7.57142857142857;147.925;127.4;131.285714285714;133.5;146.5;126;142.666666666667;138.307692307692;96.3076923076923;130
03.11.06;-23.8571428571429;-22.2941176470588;-40;-33.5555555555556;-7.64285714285714;148.1;127.8;131.857142857143;133.964285714286;146.666666666667;126.4;143.333333333333;138.384615384615;99.6923076923077;130
04.11.06;-23.5714285714286;-22.1176470588235;-40;-33.6666666666667;-7.71428571428571;148.275;128.2;132.428571428571;134.428571428571;146.833333333333;126.8;144;138.461538461538;103.076923076923;130
05.11.06;-23.2857142857143;-21.9411764705882;-40;-33.7777777777778;-7.78571428571429;148.45;128.6;133;134.892857142857;147;127.2;144.666666666667;138.538461538462;106.461538461538;130
06.11.06;-23;-21.7647058823529;-40;-33.8888888888889;-7.85714285714286;148.625;129;132.909090909091;135.357142857143;147.166666666667;127.6;145.333333333333;138.615384615385;109.846153846154;130
07.11.06;-22.5714285714286;-21.5882352941177;-40;-34;-7.92857142857143;148.8;129.5;132.818181818182;135.821428571429;147.333333333333;128;146;138.692307692308;113.230769230769;130
08.11.06;-22.1428571428571;-21.4117647058824;-40;-34.2222222222222;-8;148.975;130;132.727272727273;136.285714285714;147.5;127.535714285714;145.8;138.769230769231;116.615384615385;130
09.11.06;-21.7142857142857;-21.2352941176471;-40;-34.4444444444444;-8.14285714285714;149.15;130.5;132.636363636364;136.75;147.857142857143;127.071428571429;145.6;138.846153846154;120;130.555555555556
10.11.06;-21.2857142857143;-21.0588235294118;-40;-34.6666666666667;-8.28571428571429;149.325;131;132.545454545455;137.214285714286;148.214285714286;126.607142857143;145.4;138.923076923077;119.142857142857;131.111111111111
11.11.06;-20.8571428571429;-20.8823529411765;-40;-34.8888888888889;-8.42857142857143;149.5;131.5;132.454545454545;137.678571428571;148.571428571429;126.142857142857;145.2;139;118.285714285714;131.666666666667
12.11.06;-20.4285714285714;-20.7058823529412;-40;-35.1111111111111;-8.57142857142857;149.45;132;132.363636363636;138.142857142857;148.928571428571;125.678571428571;145;138.25;117.428571428571;132.222222222222
13.11.06;-20;-20.5294117647059;-40;-35.3333333333333;-8.71428571428572;149.4;132.5;132.272727272727;138.607142857143;149.285714285714;125.214285714286;144.857142857143;137.5;116.571428571429;132.777777777778
14.11.06;-19.25;-20.3529411764706;-40;-35.5555555555556;-8.85714285714286;149.35;133;132.181818181818;139.071428571429;149.642857142857;124.75;144.714285714286;136.75;115.714285714286;133.333333333333
15.11.06;-18.5;-20.1764705882353;-40;-35.7777777777778;-9;149.3;133.5;132.090909090909;139.535714285714;150;124.285714285714;144.571428571429;136;114.857142857143;133.888888888889
16.11.06;-17.75;-20;-40;-36;-9.14285714285714;149.25;134;132;140;150.285714285714;123.821428571429;144.428571428571;135.25;114;134.444444444444
17.11.06;-17;-19.5714285714286;-40;-36.2222222222222;-9.28571428571429;149.2;134.5;132.5;139.857142857143;150.571428571429;123.357142857143;144.285714285714;134.5;113.25;135
18.11.06;-16.75;-19.1428571428571;-40;-36.4444444444444;-9.42857142857143;149.15;135;133;139.714285714286;150.857142857143;122.892857142857;144.142857142857;133.75;112.5;135.0625
19.11.06;-16.5;-18.7142857142857;-40;-36.6666666666667;-9.57142857142857;149.1;135.5;133.5;139.571428571429;151.142857142857;122.428571428571;144;133;111.75;135.125
20.11.06;-16.25;-18.2857142857143;-40;-36.8888888888889;-9.71428571428572;149.05;134.857142857143;134;139.428571428571;151.428571428571;121.964285714286;143.111111111111;133;111;135.1875
21.11.06;-16;-17.8571428571429;-40;-37.1111111111111;-9.85714285714286;149;134.214285714286;134.5;139.285714285714;151.714285714286;121.5;142.222222222222;133;110.25;135.25
22.11.06;-15.75;-17.4285714285714;-40;-37.3333333333333;-10;149;133.571428571429;135;139.142857142857;152;121.428571428571;141.333333333333;133;109.5;135.3125
23.11.06;-15.5;-17;-40;-37.5555555555556;-10;149;132.928571428571;135.5;139;151.5;121.357142857143;140.444444444444;133;108.75;135.375
24.11.06;-15.25;-16.5714285714286;-40;-37.7777777777778;-10;149;132.285714285714;136;138.714285714286;151;121.285714285714;139.555555555556;133;108;135.4375
25.11.06;-15;-16.1428571428571;-40;-38;-10;149;131.642857142857;136.5;138.428571428571;150.5;121.214285714286;138.666666666667;133;110;135.5
26.11.06;-14.75;-15.7142857142857;-40;-37.6;-10;149;131;137;138.142857142857;150;121.142857142857;137.777777777778;133;112;135
27.11.06;-14.5;-15.2857142857143;-40;-37.2;-10;149;130.5;137.25;137.857142857143;149.5;121.071428571429;136.888888888889;133;114;134.5
28.11.06;-14.25;-14.8571428571429;-40;-36.8;-10;149;130;137.5;137.571428571429;149;121;136;133;116;134
29.11.06;-14;-14.4285714285714;-40;-36.4;-10;149;129.5;137.75;137.285714285714;148.5;120.5;136;133;118;133.5
30.11.06;-13.75;-14;-40;-36;-10;149;129;138;137;148;120;136;133;120;133
