01.12.05;;;;35;28;39;32;22;28;22;41;29;21;27;40
02.12.05;;;;35;27.9047619047619;39.25;32.25;22.2222222222222;28.1428571428571;23;41;29;21.2;27;41.5
03.12.05;;41;37;35;27.8095238095238;39.5;32.5;22.4444444444444;28.2857142857143;23;41;29;21.4;26.1538461538462;43
04.12.05;;40.875;36.6904761904762;35;27.7142857142857;39.75;32.75;22.6666666666667;28.4285714285714;23;41;29;21.6;25.3076923076923;42.0909090909091
05.12.05;;40.75;36.3809523809524;35;27.6190476190476;40;33;22.8888888888889;28.5714285714286;23;41;29;21.8;24.4615384615385;41.1818181818182
06.12.05;;40.625;36.0714285714286;35;27.5238095238095;39.4166666666667;33.25;23.1111111111111;28.7142857142857;23;41;29;22;23.6153846153846;40.2727272727273
07.12.05;;40.5;35.7619047619048;35;27.4285714285714;38.8333333333333;33.5;23.3333333333333;28.8571428571429;23;41;28.952380952381;21.7142857142857;22.7692307692308;39.3636363636364
08.12.05;;40.375;35.452380952381;35;27.3333333333333;38.25;33.75;23.5555555555556;29;23;41;28.9047619047619;21.4285714285714;21.9230769230769;38.4545454545455
09.12.05;;40.25;35.1428571428571;35.0641025641026;27.2380952380952;37.6666666666667;34;23.7777777777778;29.1428571428571;23;41.5789473684211;28.8571428571429;21.1428571428571;21.0769230769231;37.5454545454546
10.12.05;;40.125;34.8333333333333;35.1282051282051;27.1428571428571;37.0833333333333;34.25;24;29.2857142857143;23;42.1578947368421;28.8095238095238;20.8571428571429;20.2307692307692;36.6363636363636
11.12.05;;40;34.5238095238095;35.1923076923077;27.047619047619;36.5;34.5;23.7142857142857;29.4285714285714;23;42.7368421052632;28.7619047619048;20.5714285714286;19.3846153846154;35.7272727272727
12.12.05;;39.875;34.2142857142857;35.2564102564103;26.952380952381;35.9166666666667;34.75;23.4285714285714;29.5714285714286;23;43.3157894736842;28.7142857142857;20.2857142857143;18.5384615384615;34.8181818181818
13.12.05;;39.75;33.9047619047619;35.3205128205128;26.8571428571429;35.3333333333333;35;23.1428571428571;29.7142857142857;23;43.8947368421053;28.6666666666667;20;17.6923076923077;33.9090909090909
14.12.05;;39.625;33.5952380952381;35.3846153846154;26.7619047619048;34.75;35.0322580645161;22.8571428571429;29.8571428571429;23;44.4736842105263;28.6190476190476;20.3076923076923;16.8461538461538;33
15.12.05;;39.5;33.2857142857143;35.448717948718;26.6666666666667;34.1666666666667;35.0645161290323;22.5714285714286;30;23;45.0526315789474;28.5714285714286;20.6153846153846;16;33
16.12.05;;39.375;32.9761904761905;35.5128205128205;26.5714285714286;33.5833333333333;35.0967741935484;22.2857142857143;30.5555555555556;23;45.6315789473684;28.5238095238095;20.9230769230769;16.4615384615385;33
17.12.05;;39.25;32.6666666666667;35.5769230769231;26.4761904761905;33;35.1290322580645;22;31.1111111111111;23;46.2105263157895;28.4761904761905;21.2307692307692;16.9230769230769;33
18.12.05;;39.125;32.3571428571429;35.6410256410256;26.3809523809524;32.4166666666667;35.1612903225807;22.5555555555556;31.6666666666667;23;46.7894736842105;28.4285714285714;21.5384615384615;17.3846153846154;33
19.12.05;;39;32.047619047619;35.7051282051282;26.2857142857143;31.8333333333333;35.1935483870968;23.1111111111111;32.2222222222222;23;47.3684210526316;28.3809523809524;21.8461538461538;17.8461538461538;33
20.12.05;;38.875;31.7380952380952;35.7692307692308;26.1904761904762;31.25;35.2258064516129;23.6666666666667;32.7777777777778;23;47.9473684210526;28.3333333333333;22.1538461538462;18.3076923076923;33
21.12.05;;38.75;31.4285714285714;35.8333333333333;26.0952380952381;30.6666666666667;35.258064516129;24.2222222222222;33.3333333333333;23;48.5263157894737;28.2857142857143;22.4615384615385;18.7692307692308;33
22.12.05;;38.625;31.1190476190476;35.8974358974359;26;30.0833333333333;35.2903225806452;24.7777777777778;33.8888888888889;23;49.1052631578947;28.2380952380952;22.7692307692308;19.2307692307692;33
23.12.05;;38.5;30.8095238095238;35.9615384615385;26.12;29.5;35.3225806451613;25.3333333333333;34.4444444444445;23;49.6842105263158;28.1904761904762;23.0769230769231;19.6923076923077;33
24.12.05;;38.375;30.5;36.025641025641;26.24;28.9166666666667;35.3548387096774;25.8888888888889;35;23;50.2631578947369;28.1428571428571;23.3846153846154;20.1538461538462;33
25.12.05;;38.25;30.1904761904762;36.0897435897436;26.36;28.3333333333333;35.3870967741935;26.4444444444445;34.75;23;50.8421052631579;28.0952380952381;23.6923076923077;20.6153846153846;33
26.12.05;;38.125;29.8809523809524;36.1538461538462;26.48;27.75;35.4193548387097;27;34.5;23;51.421052631579;28.047619047619;24;21.0769230769231;33
27.12.05;;38;29.5714285714286;36.2179487179487;26.6;27.1666666666667;35.4516129032258;26.8333333333333;34.25;23;52;28;24;21.5384615384615;33
28.12.05;;37.875;29.2619047619048;36.2820512820513;26.72;26.5833333333333;35.4838709677419;26.6666666666667;34;23;51.8518518518519;28.2666666666667;24;22;33
29.12.05;;37.75;28.9523809523809;36.3461538461539;26.84;26;35.5161290322581;26.5;33.75;23;51.7037037037037;28.5333333333333;24;22.2222222222222;33.0588235294118
30.12.05;;37.625;28.6428571428571;36.4102564102564;26.96;26;35.5483870967742;26.3333333333333;33.5;23;51.5555555555556;28.8;24;22.4444444444445;33.1176470588235
31.12.05;;37.5;28.3333333333333;36.474358974359;27.08;26;35.5806451612903;26.1666666666667;33.25;23;51.4074074074074;29.0666666666667;24;22.6666666666667;33.1764705882353
01.01.06;;37.375;28.0238095238095;36.5384615384615;27.2;26;35.6129032258065;26;33;23;51.2592592592593;29.3333333333333;24;22.8888888888889;33.2352941176471
02.01.06;;37.25;27.7142857142857;36.6025641025641;27.32;26;35.6451612903226;25.8333333333333;32.75;23;51.1111111111111;29.6;24;23.1111111111111;33.2941176470588
03.01.06;;37.125;27.4047619047619;36.6666666666667;27.44;26;35.6774193548387;25.6666666666667;32.5;23;50.962962962963;29.8666666666667;24;23.3333333333333;33.3529411764706
04.01.06;;37;27.0952380952381;36.7307692307692;27.56;26;35.7096774193548;25.5;32.25;23;50.8148148148148;30.1333333333333;24;23.5555555555556;33.4117647058824
05.01.06;;36.875;26.7857142857143;36.7948717948718;27.68;26;35.741935483871;25.3333333333333;32;23;50.6666666666667;30.4;24;23.7777777777778;33.4705882352941
06.01.06;;36.75;26.4761904761905;36.8589743589744;27.8;26;35.7741935483871;25.1666666666667;31.75;23;50.5185185185185;30.6666666666667;24;24;33.5294117647059
07.01.06;;36.625;26.1666666666667;36.9230769230769;27.92;26;35.8064516129032;25;31.5;23;50.3703703703704;30.9333333333333;24;24.2222222222222;33.5882352941176
08.01.06;;36.5;25.8571428571428;36.9871794871795;28.04;26;35.8387096774194;24.8333333333333;31.25;23;50.2222222222222;31.2;24;24.4444444444445;33.6470588235294
09.01.06;;36.375;25.547619047619;37.0512820512821;28.16;26;35.8709677419355;24.6666666666667;31;23;50.0740740740741;31.4666666666667;24;24.6666666666667;33.7058823529412
10.01.06;;36.25;25.2380952380952;37.1153846153846;28.28;26;35.9032258064516;24.5;30.75;23;49.9259259259259;31.7333333333333;24;24.8888888888889;33.7647058823529
11.01.06;;36.125;24.9285714285714;37.1794871794872;28.4;26;35.9354838709677;24.3333333333333;30.5;23;49.7777777777778;32;24.1666666666667;25.1111111111111;33.8235294117647
12.01.06;;36;24.6190476190476;37.2435897435897;28.52;25.8333333333333;35.9677419354839;24.1666666666667;30.25;23.1538461538462;49.6296296296296;32.0833333333333;24.3333333333333;25.3333333333333;33.8823529411765
13.01.06;;35.875;24.3095238095238;37.3076923076923;28.64;25.6666666666667;36;24;30;23.3076923076923;49.4814814814815;32.1666666666667;24.5;25.5555555555556;33.9411764705882
14.01.06;;35.75;24;37.3717948717949;28.76;25.5;35.5454545454546;24.1428571428571;29.8;23.4615384615385;49.3333333333333;32.25;24.6666666666667;25.7777777777778;34
15.01.06;;35.625;23.8461538461538;37.4358974358974;28.88;25.3333333333333;35.0909090909091;24.2857142857143;29.6;23.6153846153846;49.1851851851852;32.3333333333333;24.8333333333333;26;33.7894736842105
16.01.06;;35.5;23.6923076923077;37.5;29;25.1666666666667;34.6363636363636;24.4285714285714;29.4;23.7692307692308;49.037037037037;32.4166666666667;25;26.5454545454545;33.5789473684211
17.01.06;;35.375;23.5384615384615;37.5641025641026;28.6;25;34.1818181818182;24.5714285714286;29.2;23.9230769230769;48.8888888888889;32.5;28.25;27.0909090909091;33.3684210526316
18.01.06;;35.25;23.3846153846154;37.6282051282051;28.2;24.8333333333333;33.7272727272727;24.7142857142857;29;24.0769230769231;48.7407407407408;32.5833333333333;31.5;27.6363636363636;33.1578947368421
19.01.06;;35.125;23.2307692307692;37.6923076923077;27.8;24.6666666666667;33.2727272727273;24.8571428571429;28.8;24.2307692307692;48.5925925925926;32.6666666666667;34.75;28.1818181818182;32.9473684210526
20.01.06;;35;23.0769230769231;37.7564102564103;27.4;24.5;32.8181818181818;25;28.6;24.3846153846154;48.4444444444445;32.75;38;28.7272727272727;32.7368421052632
21.01.06;;34.875;22.9230769230769;37.8205128205128;27;24.3333333333333;32.3636363636364;25.1428571428571;28.4;24.5384615384615;48.2962962962963;32.8333333333333;41.25;29.2727272727273;32.5263157894737
22.01.06;;34.75;22.7692307692308;37.8846153846154;26.6;24.1666666666667;31.9090909090909;25.2857142857143;28.2;24.6923076923077;48.1481481481482;32.9166666666667;44.5;29.8181818181818;32.3157894736842
23.01.06;;34.625;22.6153846153846;37.948717948718;26.2;24;31.4545454545455;25.4285714285714;28;24.8461538461538;48;33;47.75;30.3636363636364;32.1052631578947
24.01.06;;34.5;22.4615384615385;38.0128205128205;25.8;23.8333333333333;31;25.5714285714286;27.8;25;47.9375;33.1538461538462;51;30.9090909090909;31.8947368421053
25.01.06;;34.375;22.3076923076923;38.0769230769231;25.4;23.6666666666667;30.5454545454545;25.7142857142857;27.6;24.875;47.875;33.3076923076923;48.5;31.4545454545455;31.6842105263158
26.01.06;;34.25;22.1538461538462;38.1410256410256;25;23.5;30.0909090909091;25.8571428571429;27.4;24.75;47.8125;33.4615384615385;46;32;31.4736842105263
27.01.06;;34.125;22;38.2051282051282;24.6;23.3333333333333;29.6363636363636;26;27.2;24.625;47.75;33.6153846153846;43.5;32.125;31.2631578947368
28.01.06;;34;21.8461538461538;38.2692307692308;24.2;23.1666666666667;29.1818181818182;25.7826086956522;27;24.5;47.6875;33.7692307692308;41;32.25;31.0526315789474
29.01.06;;34.0588235294118;21.6923076923077;38.3333333333333;23.8;23;28.7272727272727;25.5652173913043;27.2105263157895;24.375;47.625;33.9230769230769;38.5;32.375;30.8421052631579
30.01.06;;34.1176470588235;21.5384615384615;38.3974358974359;23.4;23;28.2727272727273;25.3478260869565;27.421052631579;24.25;47.5625;34.0769230769231;36;32.5;30.6315789473684
31.01.06;;34.1764705882353;21.3846153846154;38.4615384615385;23;23;27.8181818181818;25.1304347826087;27.6315789473684;24.125;47.5;34.2307692307692;33.5;32.625;30.4210526315789
01.02.06;;34.2352941176471;21.2307692307692;38.525641025641;22.6;23;27.3636363636364;24.9130434782609;27.8421052631579;24;47.4375;34.3846153846154;31;32.75;30.2105263157895
02.02.06;;34.2941176470588;21.0769230769231;38.5897435897436;22.2;23;26.9090909090909;24.695652173913;28.0526315789474;23.875;47.375;34.5384615384615;28.5;32.875;30
03.02.06;;34.3529411764706;20.9230769230769;38.6538461538462;21.8;23;26.4545454545454;24.4782608695652;28.2631578947368;23.75;47.3125;34.6923076923077;26;33;30.1428571428571
04.02.06;;34.4117647058824;20.7692307692308;38.7179487179487;21.4;23;26;24.2608695652174;28.4736842105263;23.625;47.25;34.8461538461539;26;32.9230769230769;30.2857142857143
05.02.06;;34.4705882352941;20.6153846153846;38.7820512820513;21;22.75;26.75;24.0434782608696;28.6842105263158;23.5;47.1875;35;26;32.8461538461539;30.4285714285714
06.02.06;;34.5294117647059;20.4615384615385;38.8461538461539;20.6;22.5;27.5;23.8260869565217;28.8947368421053;23.375;47.125;35.4285714285714;26;32.7692307692308;30.5714285714286
07.02.06;;34.5882352941176;20.3076923076923;38.9102564102564;20.2;22.25;28.25;23.6086956521739;29.1052631578947;23.25;47.0625;35.8571428571429;26;32.6923076923077;30.7142857142857
08.02.06;;34.6470588235294;20.1538461538462;38.974358974359;19.8;22;29;23.3913043478261;29.3157894736842;23.125;47;36.2857142857143;26;32.6153846153846;30.8571428571429
09.02.06;;34.7058823529412;20;39.0384615384615;19.4;21.75;29.75;23.1739130434783;29.5263157894737;23;46.2307692307692;36.7142857142857;26;32.5384615384615;31
10.02.06;;34.7647058823529;20.0882352941177;39.1025641025641;19;21.5;30.5;22.9565217391304;29.7368421052632;23.9047619047619;45.4615384615385;37.1428571428571;26;32.4615384615385;31.1428571428571
11.02.06;;34.8235294117647;20.1764705882353;39.1666666666667;18.6;21.25;31.25;22.7391304347826;29.9473684210526;24.8095238095238;44.6923076923077;37.5714285714286;26;32.3846153846154;31.2857142857143
12.02.06;;34.8823529411765;20.2647058823529;39.2307692307692;18.2;21;32;22.5217391304348;30.1578947368421;25.7142857142857;43.9230769230769;38;26;32.3076923076923;31.4285714285714
13.02.06;;34.9411764705882;20.3529411764706;39.2948717948718;17.8;20.9642857142857;32.75;22.304347826087;30.3684210526316;26.6190476190476;43.1538461538462;38.1428571428571;26;32.2307692307692;31.5714285714286
14.02.06;;35;20.4411764705882;39.3589743589744;17.4;20.9285714285714;33.5;22.0869565217391;30.5789473684211;27.5238095238095;42.3846153846154;38.2857142857143;26;32.1538461538462;31.7142857142857
15.02.06;;35.0588235294118;20.5294117647059;39.4230769230769;17;20.8928571428571;34.25;21.8695652173913;30.7894736842105;28.4285714285714;41.6153846153846;38.4285714285714;25.7272727272727;32.0769230769231;31.8571428571429
16.02.06;;35.1176470588235;20.6176470588235;39.4871794871795;17.2592592592593;20.8571428571429;35;21.6521739130435;31;29.3333333333333;40.8461538461539;38.5714285714286;25.4545454545455;32;32
17.02.06;;35.1764705882353;20.7058823529412;39.5512820512821;17.5185185185185;20.8214285714286;35.75;21.4347826086957;33.5555555555556;30.2380952380952;40.0769230769231;38.7142857142857;25.1818181818182;31.5;32.1428571428571
18.02.06;;35.2352941176471;20.7941176470588;39.6153846153846;17.7777777777778;20.7857142857143;36.5;21.2173913043478;36.1111111111111;31.1428571428571;39.3076923076923;38.8571428571429;24.9090909090909;31;32.2857142857143
19.02.06;;35.2941176470588;20.8823529411765;39.6794871794872;18.037037037037;20.75;37.25;21;38.6666666666667;32.0476190476191;38.5384615384615;39;24.6363636363636;30.5;32.4285714285714
20.02.06;;35.3529411764706;20.9705882352941;39.7435897435897;18.2962962962963;20.7142857142857;38;21.4285714285714;41.2222222222222;32.952380952381;37.7692307692308;39.1428571428571;24.3636363636364;30;32.5714285714286
21.02.06;;35.4117647058824;21.0588235294118;39.8076923076923;18.5555555555556;20.6785714285714;36.8461538461539;21.8571428571429;43.7777777777778;33.8571428571429;37;39.2857142857143;24.0909090909091;29.5;32.7142857142857
22.02.06;;35.4705882352941;21.1470588235294;39.8717948717949;18.8148148148148;20.6428571428571;35.6923076923077;22.2857142857143;46.3333333333334;34.7619047619048;36.2307692307692;39.4285714285714;23.8181818181818;29;32.8571428571429
23.02.06;;35.5294117647059;21.2352941176471;39.9358974358974;19.0740740740741;20.6071428571429;34.5384615384616;22.7142857142857;48.8888888888889;35.6666666666667;35.4615384615385;39.5714285714286;23.5454545454545;28.5;33
24.02.06;;35.5882352941176;21.3235294117647;40;19.3333333333333;20.5714285714286;33.3846153846154;23.1428571428571;51.4444444444445;36.5714285714286;34.6923076923077;39.7142857142857;23.2727272727273;28;33.1428571428571
25.02.06;;35.6470588235294;21.4117647058824;40.0294117647059;19.5925925925926;20.5357142857143;32.2307692307693;23.5714285714286;54;37.4761904761905;33.9230769230769;39.8571428571429;23;27.5;33.2857142857143
26.02.06;;35.7058823529412;21.5;40.0588235294118;19.8518518518518;20.5;31.0769230769231;24;52.8571428571429;38.3809523809524;33.1538461538462;40;24.8666666666667;27;33.4285714285714
27.02.06;;35.7647058823529;21.5882352941177;40.0882352941176;20.1111111111111;20.4642857142857;29.9230769230769;23.5;51.7142857142857;39.2857142857143;32.3846153846154;41.5384615384615;26.7333333333333;26.5;33.5714285714286
28.02.06;;35.8235294117647;21.6764705882353;40.1176470588235;20.3703703703704;20.4285714285714;28.7692307692308;23;50.5714285714286;40.1904761904762;31.6153846153846;43.0769230769231;28.6;26;33.7142857142857
01.03.06;;35.8823529411765;21.7647058823529;40.1470588235294;20.6296296296296;20.3928571428571;27.6153846153847;22.5;49.4285714285714;41.0952380952381;30.8461538461539;44.6153846153846;30.4666666666667;25.5;33.8571428571429
02.03.06;;35.9411764705882;21.8529411764706;40.1764705882353;20.8888888888889;20.3571428571429;26.4615384615385;22;48.2857142857143;42;30.0769230769231;46.1538461538462;32.3333333333333;25;34
03.03.06;;36;21.9411764705882;40.2058823529412;21.1481481481481;20.3214285714286;25.3076923076924;21.5;47.1428571428572;43.7142857142857;29.3076923076923;47.6923076923077;34.2;25.2;34.9259259259259
04.03.06;;36.5714285714286;22.0294117647059;40.2352941176471;21.4074074074074;20.2857142857143;24.1538461538462;21;46;45.4285714285714;28.5384615384615;49.2307692307692;36.0666666666667;25.4;35.8518518518519
05.03.06;;37.1428571428571;22.1176470588235;40.2647058823529;21.6666666666667;20.25;23.0000000000001;20.5;44.8571428571429;47.1428571428571;27.7692307692308;50.7692307692308;37.9333333333334;25.6;36.7777777777778
06.03.06;;37.7142857142857;22.2058823529412;40.2941176470588;21.9259259259259;20.2142857142857;23.375;20;43.7142857142857;48.8571428571428;27;52.3076923076923;39.8;25.8;37.7037037037037
07.03.06;;38.2857142857143;22.2941176470588;40.3235294117647;22.1851851851852;20.1785714285714;23.75;22.9411764705882;42.5714285714286;50.5714285714286;26.875;53.8461538461539;41.6666666666667;26;38.6296296296296
08.03.06;;38.8571428571429;22.3823529411765;40.3529411764706;22.4444444444444;20.1428571428571;24.125;25.8823529411765;41.4285714285715;52.2857142857143;26.75;55.3846153846154;43.5333333333334;26.2;39.5555555555556
09.03.06;;39.4285714285714;22.4705882352941;40.3823529411765;22.7037037037037;20.1071428571429;24.5;28.8235294117647;40.2857142857143;54;26.625;56.9230769230769;45.4;26.4;40.4814814814815
10.03.06;;40;22.5588235294118;40.4117647058824;22.962962962963;20.0714285714286;24.875;31.764705882353;39.1428571428572;52.6666666666667;26.5;58.4615384615385;47.2666666666667;26.6;41.4074074074074
11.03.06;;40.5714285714286;22.6470588235294;40.4411764705882;23.2222222222222;20.0357142857143;25.25;34.7058823529412;38;51.3333333333333;26.375;60;49.1333333333334;26.8;42.3333333333333
12.03.06;;41.1428571428571;22.7352941176471;40.4705882352941;23.4814814814815;20;25.625;37.6470588235294;37.7692307692308;50;26.25;59.625;51;27;43.2592592592593
13.03.06;;41.7142857142857;22.8235294117647;40.5;23.7407407407407;21.1666666666667;26;40.5882352941177;37.5384615384615;48.6666666666667;26.125;59.25;50.6;27.2;44.1851851851852
14.03.06;;42.2857142857143;22.9117647058824;40.5294117647059;24;22.3333333333333;26;43.5294117647059;37.3076923076923;47.3333333333334;26;58.875;50.2;27.4;45.1111111111111
15.03.06;;42.8571428571429;23;40.5588235294118;24.047619047619;23.5;26;46.4705882352942;37.0769230769231;46;25.875;58.5;49.8;27.6;46.037037037037
16.03.06;;43.4285714285714;24.8695652173913;40.5882352941176;24.0952380952381;24.6666666666667;26;49.4117647058824;36.8461538461539;46.3333333333333;25.75;58.125;49.4;27.8;46.962962962963
17.03.06;;44;26.7391304347826;40.6176470588235;24.1428571428571;25.8333333333334;26;52.3529411764706;36.6153846153846;46.6666666666667;25.625;57.75;49;28;47.8888888888889
18.03.06;;44.5714285714286;28.6086956521739;40.6470588235294;24.1904761904762;27;26;55.2941176470589;36.3846153846154;47;25.5;57.375;49.3846153846154;28.6666666666667;48.8148148148148
19.03.06;;45.1428571428571;30.4782608695652;40.6764705882353;24.2380952380952;27.3333333333333;26;58.2352941176471;36.1538461538462;47.3333333333333;25.375;57;49.7692307692308;29.3333333333333;49.7407407407407
20.03.06;;45.7142857142857;32.3478260869565;40.7058823529412;24.2857142857143;27.6666666666667;26;61.1764705882354;35.9230769230769;47.6666666666667;25.25;57.875;50.1538461538462;30;50.6666666666667
21.03.06;;46.2857142857143;34.2173913043478;40.7352941176471;24.3333333333333;28;26;64.1176470588236;35.6923076923077;48;25.125;58.75;50.5384615384615;30.6666666666667;51.5925925925926
22.03.06;;46.8571428571429;36.0869565217391;40.7647058823529;24.3809523809524;28.3333333333333;27.3846153846154;67.0588235294118;35.4615384615385;47.875;25;59.625;50.9230769230769;31.3333333333333;52.5185185185185
23.03.06;;47.4285714285714;37.9565217391304;40.7941176470588;24.4285714285714;28.6666666666667;28.7692307692308;70.0000000000001;35.2307692307692;47.75;25;60.5;51.3076923076923;32;53.4444444444444
24.03.06;;48;39.8260869565217;40.8235294117647;24.4761904761905;29;30.1538461538461;70.0000000000001;35;47.625;25;61.375;51.6923076923077;32.6666666666667;54.3703703703704
25.03.06;;48.5714285714286;41.695652173913;40.8529411764706;24.5238095238095;29.3333333333333;31.5384615384615;70;39;47.5;25;62.25;52.0769230769231;33.3333333333333;55.2962962962963
26.03.06;;49.1428571428571;43.5652173913043;40.8823529411765;24.5714285714286;29.6666666666667;32.9230769230769;70;43;47.375;25;63.125;52.4615384615385;34;56.2222222222222
27.03.06;;49.7142857142857;45.4347826086956;40.9117647058824;24.6190476190476;30;34.3076923076923;63.25;47;47.25;25;64;52.8461538461539;35.8;57.1481481481482
28.03.06;;50.2857142857143;47.3043478260869;40.9411764705882;24.6666666666667;31.1666666666667;35.6923076923077;56.5;51;47.125;25;59.5;53.2307692307692;37.6;58.0740740740741
29.03.06;;50.8571428571429;49.1739130434782;40.9705882352941;24.7142857142857;32.3333333333333;37.076923076923;49.75;55;47;27.5;55;53.6153846153846;39.4;59
30.03.06;;51.4285714285714;51.0434782608695;41;24.7619047619048;33.5;38.4615384615384;43;59;46.875;30;50.5;54;41.2;57.5
31.03.06;;52;52.9130434782608;41.7619047619048;24.8095238095238;34.6666666666667;39.8461538461538;46.625;63;46.75;32.5;46;53.7777777777778;43;56
01.04.06;;52.5714285714286;54.7826086956521;42.5238095238095;24.8571428571429;35.8333333333334;41.2307692307692;50.25;67;46.625;35;46.3333333333333;53.5555555555556;45.25;54.5
02.04.06;;53.1428571428571;56.6521739130434;43.2857142857143;24.9047619047619;37;42.6153846153846;53.875;63.6666666666667;46.5;37.5;46.6666666666667;53.3333333333333;47.5;53
03.04.06;;53.7142857142857;58.5217391304347;44.0476190476191;24.952380952381;38.2222222222222;43.9999999999999;57.5;60.3333333333333;46.375;40;47;53.1111111111111;49.75;51.5
04.04.06;;54.2857142857143;60.391304347826;44.8095238095238;25;39.4444444444444;44.75;61.125;57;46.25;42.5;47.3333333333333;52.8888888888889;52;50
05.04.06;;54.8571428571428;62.2608695652173;45.5714285714286;28.1666666666667;40.6666666666667;45.5;64.75;53.6666666666667;46.125;45;47.6666666666667;52.6666666666667;54.25;48.5
06.04.06;;55.4285714285714;64.1304347826086;46.3333333333333;31.3333333333333;41.8888888888889;46.25;68.375;50.3333333333334;46;47.5;48;52.4444444444444;56.5;47
07.04.06;;56;65.9999999999999;47.0952380952381;34.5;43.1111111111111;47;72;47;47.8;50;48.3333333333333;52.2222222222222;58.75;47
08.04.06;;56.5714285714286;64.5999999999999;47.8571428571429;37.6666666666667;44.3333333333333;47.75;69.6;52;49.6;52.5;48.6666666666667;52;61;47
09.04.06;;57.1428571428571;63.1999999999999;48.6190476190476;40.8333333333334;45.5555555555555;48.5;67.2;57;51.4;55;49;50.8571428571429;61.75;47
10.04.06;;57.7142857142857;61.8;49.3809523809524;44;46.7777777777778;49.25;64.8;62;53.2;57.5;48.7142857142857;49.7142857142857;62.5;47
11.04.06;;58.2857142857143;60.4;50.1428571428571;47.1666666666667;48;50;62.4;67;55;60;48.4285714285714;48.5714285714286;63.25;47
12.04.06;;58.8571428571428;59;50.9047619047619;50.3333333333334;49.6666666666667;49.5;60;65.8888888888889;56.3333333333333;60.2272727272727;48.1428571428571;47.4285714285714;64;47
13.04.06;;59.4285714285714;58.1111111111111;51.6666666666667;53.5;51.3333333333333;49;57.6;64.7777777777778;57.6666666666667;60.4545454545455;47.8571428571429;46.2857142857143;64.75;47
14.04.06;;;57.2222222222222;52.4285714285714;56.6666666666667;53;48.5;55.2;63.6666666666667;59;60.6818181818182;47.5714285714286;45.1428571428572;65.5;45.8333333333333
15.04.06;;60;56.3333333333333;53.1904761904762;59.8333333333334;54.6666666666667;48;52.8;62.5555555555556;60.3333333333333;60.9090909090909;47.2857142857143;44;66.25;44.6666666666667
16.04.06;;60;55.4444444444444;53.952380952381;63;56.3333333333334;47.5;50.4;61.4444444444445;61.6666666666667;61.1363636363636;47;44.75;67;43.5
17.04.06;;60;54.5555555555556;54.7142857142857;62.8571428571429;58;47;48;60.3333333333333;63;61.3636363636364;46.1428571428571;45.5;66.4615384615385;42.3333333333333
18.04.06;;60;53.6666666666667;55.4761904761905;62.7142857142857;60.2;46.5;48.75;59.2222222222222;62.5;61.5909090909091;45.2857142857143;46.25;65.9230769230769;41.1666666666667
19.04.06;;60;52.7777777777778;56.2380952380952;62.5714285714286;62.4;46;49.5;58.1111111111111;62;61.8181818181818;44.4285714285714;47;65.3846153846154;40
20.04.06;;60;51.8888888888889;57;62.4285714285714;64.6;45.5;50.25;57;61.5;62.0454545454545;43.5714285714286;47.75;64.8461538461539;38.625
21.04.06;;60;51;55.6190476190476;62.2857142857143;66.8;45;51;57;61;62.2727272727273;42.7142857142857;48.5;64.3076923076923;37.25
22.04.06;;60;50.1111111111111;54.2380952380952;62.1428571428571;69;45;51.3333333333333;57;60.5;62.5;41.8571428571429;49.25;63.7692307692308;35.875
23.04.06;;60;49.2222222222222;52.8571428571429;62;66.75;45;51.6666666666667;57;60;62.7272727272727;41;50;63.2307692307692;34.5
24.04.06;326.799582876531;60;48.3333333333333;51.4761904761905;60.4736842105263;64.5;45;52;57;59.5;62.9545454545455;40;50.5;62.6923076923077;33.125
25.04.06;329.791700574034;57;47.4444444444444;50.0952380952381;58.9473684210526;62.25;45;52.3333333333333;57;59;63.1818181818182;39;51;62.1538461538462;31.75
26.04.06;332.808445031548;54;46.5555555555556;48.7142857142857;57.421052631579;60;44.5;52.6666666666667;57;58.5;63.4090909090909;38;51.5;61.6153846153846;30.375
27.04.06;335.850224998957;51;45.6666666666667;47.3333333333333;55.8947368421053;59.2;44;53;55.9285714285714;58;63.6363636363636;37;52;61.0769230769231;29
28.04.06;338.917459487886;48;44.7777777777778;45.952380952381;54.3684210526316;58.4;43.5;50.875;54.8571428571429;56.125;63.8636363636364;36;52.5;60.5384615384616;28.75
29.04.06;342.010578118098;47.5714285714286;43.8888888888889;44.5714285714286;52.8421052631579;57.6;43;48.75;53.7857142857143;54.25;64.0909090909091;35;53;60;28.5
30.04.06;345.130021478632;47.1428571428571;43;43.1904761904762;51.3157894736842;56.8;42.5;46.625;52.7142857142857;52.375;64.3181818181818;34.4583333333333;52.4285714285714;59.4615384615385;28.25
01.05.06;348.276241504442;46.7142857142857;42.1428571428571;41.8095238095238;49.7894736842106;56;42;44.5;51.6428571428572;50.5;64.5454545454545;33.9166666666667;51.8571428571429;58.9230769230769;28
02.05.06;351.449701869345;46.2857142857143;41.2857142857143;40.4285714285714;48.2631578947369;55.2;41.5;42.375;50.5714285714286;48.625;64.7727272727273;33.375;51.2857142857143;58.3846153846154;27.75
03.05.06;354.650878396118;45.8571428571429;40.4285714285714;39.0476190476191;46.7368421052632;54.4;41;40.25;49.5;46.75;65;32.8333333333333;50.7142857142857;57.8461538461539;27.5
04.05.06;357.880259484674;45.4285714285714;39.5714285714286;37.6666666666667;45.2105263157895;53.6;40.5;38.125;48.4285714285714;44.875;64.1538461538462;32.2916666666667;50.1428571428571;57.3076923076923;27.25
05.05.06;361.138346559264;45;38.7142857142857;36.2857142857143;43.6842105263158;52.8;40;36;47.3571428571429;43;63.3076923076923;31.75;49.5714285714286;56.7692307692308;27
06.05.06;364.42565453573;44.5714285714286;37.8571428571429;34.9047619047619;42.1578947368422;52;39.5;35.2222222222222;46.2857142857143;42.8333333333333;62.4615384615385;31.2083333333333;49;56.2307692307692;26.5714285714286
07.05.06;367.267005062753;44.1428571428571;37;33.5238095238095;40.6315789473685;51;39;34.4444444444444;45.2142857142857;42.6666666666667;61.6153846153846;30.6666666666667;47.7142857142857;55.6923076923077;26.1428571428571
08.05.06;370.130553865706;43.7142857142857;36.1428571428571;32.1428571428572;39.1052631578948;50;38.5;33.6666666666667;44.1428571428572;42.5;60.7692307692308;30.125;46.4285714285714;55.1538461538462;25.7142857142857
09.05.06;373.016650529115;43.2857142857143;35.2857142857143;30.7619047619048;37.5789473684211;48.8;38;32.8888888888889;43.0714285714286;42.3333333333333;59.9230769230769;29.5833333333333;45.1428571428571;54.6153846153846;25.2857142857143
10.05.06;375.925652961118;42.8571428571429;34.4285714285714;29.3809523809524;36.0526315789474;47.6;37.5;32.1111111111111;42;42.1666666666667;59.0769230769231;29.0416666666667;43.8571428571428;54.0769230769231;24.8571428571429
11.05.06;378.85792765983;42.4285714285714;33.5714285714286;28;34.5263157894738;46.4;37;31.3333333333333;41.7692307692308;42;58.2307692307692;28.5;42.5714285714286;53.5384615384616;24.4285714285714
12.05.06;381.813849990446;42;32.7142857142857;27.6521739130435;33.0000000000001;45.2;36.5;30.5555555555556;41.5384615384615;41.8333333333333;57.3846153846154;27.9583333333333;41.2857142857143;53;24
13.05.06;384.793804473609;41.7142857142857;31.8571428571429;27.304347826087;32.5925925925927;44;36;29.7777777777778;41.3076923076923;41.6666666666667;56.5384615384615;27.4166666666667;40;51.2857142857143;24
14.05.06;385.959250232879;41.4285714285714;31;26.9565217391304;32.1851851851853;42.3333333333333;35.5;29;41.0769230769231;41.5;55.6923076923077;26.875;40;49.5714285714286;24
15.05.06;387.128413528775;41.1428571428571;30.85;26.6086956521739;31.7777777777779;40.6666666666667;35;28.5833333333333;40.8461538461539;41.3333333333333;54.8461538461539;26.3333333333333;40;47.8571428571429;24
16.05.06;388.301318153593;40.8571428571429;30.7;26.2608695652174;31.3703703703704;39;34.5;28.1666666666667;40.6153846153846;41.1666666666667;54;25.7916666666667;40;46.1428571428571;24
17.05.06;389.477988128768;40.5714285714286;30.55;25.9130434782609;30.962962962963;38.5714285714286;34;27.75;40.3846153846154;41;53.1538461538462;25.25;40;44.4285714285714;24
18.05.06;390.658447707827;40.2857142857143;30.4;25.5652173913043;30.5555555555556;38.1428571428571;33.5;27.3333333333333;40.1538461538462;40.6190476190476;52.3076923076923;24.7083333333333;40;42.7142857142857;23.8333333333333
19.05.06;391.842721379389;40;30.25;25.2173913043478;30.1481481481482;37.7142857142857;33;26.9166666666667;39.9230769230769;40.2380952380952;51.4615384615385;24.1666666666667;40;41;23.6666666666667
20.05.06;393.030833870213;40.125;30.1;24.8695652173913;29.7407407407408;37.2857142857143;32.5;26.5;39.6923076923077;39.8571428571429;50.6153846153846;23.625;40;40.6;23.5
21.05.06;394.222810148294;40.25;29.95;24.5217391304348;29.3333333333334;36.8571428571429;32;26.0833333333333;39.4615384615385;39.4761904761905;49.7692307692308;23.0833333333333;40;40.2;23.3333333333333
22.05.06;395.418675426014;40.375;29.8;24.1739130434783;28.925925925926;36.4285714285714;31.5;25.6666666666667;39.2307692307692;39.0952380952381;48.9230769230769;22.5416666666667;40;39.8;23.1666666666667
23.05.06;398.511794056226;40.5;29.65;23.8260869565217;28.5185185185186;36;31;25.25;39;38.7142857142857;48.0769230769231;22;40;39.4;23
24.05.06;401.631237416759;40.625;29.5;23.4782608695652;28.1111111111112;35.875;31.4285714285714;24.8333333333333;37.7142857142857;38.3333333333333;47.2307692307692;21.9166666666667;40;39;23
25.05.06;404.77745744257;40.75;29.35;23.1304347826087;27.7037037037038;35.75;31.8571428571429;24.4166666666667;36.4285714285714;37.952380952381;46.3846153846154;21.8333333333333;40;38.6;23
26.05.06;407.950917807473;40.875;29.2;22.7826086956522;27.2962962962963;35.625;32.2857142857143;24;35.1428571428571;37.5714285714286;45.5384615384615;21.75;40;38.2;23
27.05.06;411.152094334246;41;29.05;22.4347826086957;26.8888888888889;35.5;32.7142857142857;23.85;33.8571428571428;37.1904761904762;44.6923076923077;21.6666666666667;40;37.8;23
28.05.06;414.381475422802;41;28.9;22.0869565217391;26.4814814814815;35.375;33.1428571428571;23.7;32.5714285714286;36.8095238095238;43.8461538461539;21.5833333333333;39.5714285714286;37.4;23
29.05.06;417.639562497392;41;28.75;21.7391304347826;26.0740740740741;35.25;33.5714285714286;23.55;31.2857142857143;36.4285714285714;43;21.5;39.1428571428571;37;23
30.05.06;348.276241504442;41;28.6;21.3913043478261;25.6666666666667;35.125;34;23.4;30;36.0476190476191;43;21.4166666666667;38.7142857142857;36.6;23
31.05.06;289.973880013234;41;28.45;21.0434782608696;25.2592592592593;35;33.5789473684211;23.25;29.9444444444444;35.6666666666667;43;21.3333333333333;38.2857142857143;36.2;23
01.06.06;239.685226065851;41;28.3;20.695652173913;24.8518518518519;34.9090909090909;33.1578947368421;23.1;29.8888888888889;35.2857142857143;43;21.25;37.8571428571429;35.8;22.7857142857143
02.06.06;195.471162307819;40.6666666666667;28.15;20.3478260869565;24.4444444444445;34.8181818181818;32.7368421052632;22.95;29.8333333333333;34.9047619047619;43;21.1666666666667;37.4285714285714;35.4;22.5714285714286
03.06.06;156.021038533395;40.3333333333333;28;20;24.0370370370371;34.7272727272727;32.3157894736842;22.8;29.7777777777778;34.5238095238095;43;21.0833333333333;37;35;22.3571428571429
04.06.06;120.407378321909;40;28.15;20.0714285714286;23.6296296296296;34.6363636363636;31.8947368421053;22.65;29.7222222222222;34.1428571428571;43;21;36.7142857142857;35;22.1428571428571
05.06.06;191.329509399621;40;28.3;20.1428571428571;23.2222222222222;34.5454545454546;31.4736842105263;22.5;29.6666666666667;33.7619047619048;43;21.0666666666667;36.4285714285714;35;21.9285714285714
06.06.06;279.349009060829;40;28.45;20.2142857142857;22.8148148148148;34.4545454545455;31.0526315789474;22.35;29.6111111111111;33.3809523809524;43;21.1333333333333;36.1428571428571;35;21.7142857142857
07.06.06;395.418675426014;40;28.6;20.2857142857143;22.4074074074074;34.3636363636364;30.6315789473684;22.2;29.5555555555556;33;42.8666666666667;21.2;35.8571428571429;35;21.5
08.06.06;400.8488841155;40;28.75;20.3571428571429;22;34.2727272727273;30.2105263157895;22.05;29.5;32.7142857142857;42.7333333333333;21.2666666666667;35.5714285714286;35;21.2857142857143
09.06.06;406.36075313338;39;28.9;20.4285714285714;21.952380952381;34.1818181818182;29.7894736842105;21.9;29.4444444444444;32.4285714285714;42.6;21.3333333333333;35.2857142857143;35;21.0714285714286
10.06.06;406.36075313338;38;29.05;20.5;21.9047619047619;34.0909090909091;29.3684210526316;21.75;29.3888888888889;32.1428571428571;42.4666666666667;21.4;35;34.3333333333333;20.8571428571429
11.06.06;406.36075313338;37;29.2;20.5714285714286;21.8571428571429;34;28.9473684210526;21.6;29.3333333333333;31.8571428571429;42.3333333333333;21.4666666666667;34.625;33.6666666666667;20.6428571428571
12.06.06;406.36075313338;36.75;29.35;20.6428571428571;21.8095238095238;32.75;28.5263157894737;21.45;29.2777777777778;31.5714285714286;42.2;21.5333333333333;34.25;33;20.4285714285714
13.06.06;406.36075313338;36.5;29.5;20.7142857142857;21.7619047619048;31.5;28.1052631578947;21.3;29.2222222222222;31.2857142857143;42.0666666666667;21.6;33.875;32.3333333333333;20.2142857142857
14.06.06;407.950917807472;36.25;29.65;20.7857142857143;21.7142857142857;30.25;27.6842105263158;21.15;29.1666666666667;31;41.9333333333333;21.6666666666667;33.5;31.6666666666667;20
15.06.06;409.548011325552;36;29.8;20.8571428571429;21.6666666666667;29;27.2631578947369;21;29.1111111111111;31.2222222222222;41.8;21.7333333333333;33.125;31;20.1111111111111
16.06.06;411.152094334245;35.5;29.95;20.9285714285714;21.6190476190476;29;26.8421052631579;21;29.0555555555556;31.4444444444444;41.6666666666667;21.8;32.75;30.3333333333333;20.2222222222222
17.06.06;412.763228279918;35;30.1;21;21.5714285714286;29;26.421052631579;21;29;31.6666666666667;41.5333333333333;21.8666666666667;32.375;29.6666666666667;20.3333333333333
18.06.06;414.381475422802;34.5;30.25;20.9473684210526;21.5238095238095;29;26;21;28.6;31.8888888888889;41.4;21.9333333333333;32;29;20.4444444444444
19.06.06;416.006898851429;34;30.4;20.8947368421053;21.4761904761905;29;26;21;28.2;32.1111111111111;41.2666666666667;22;31;28.3333333333333;20.5555555555556
20.06.06;417.639562497392;33.3333333333333;30.55;20.8421052631579;21.4285714285714;29;26;21;27.8;32.3333333333333;41.1333333333333;21.75;30;27.6666666666667;20.6666666666667
21.06.06;419.937578692498;32.6666666666667;30.7;20.7894736842105;21.3809523809524;29;26;21;27.4;32.5555555555556;41;21.5;29;27;20.7777777777778
22.06.06;422.25009350838;32;30.85;20.7368421052632;21.3333333333333;28.7142857142857;26;21;27;32.7777777777778;40.6666666666667;21.25;28;26.3333333333333;20.8888888888889
23.06.06;424.577291056353;31.25;31;20.6842105263158;21.2857142857143;28.4285714285714;26;21;27.25;33;40.3333333333333;21;27;25.6666666666667;21
24.06.06;426.919358977067;30.5;30.8214285714286;20.6315789473684;21.2380952380952;28.1428571428571;26;21;27.5;32.2857142857143;40;20.75;27.4285714285714;25;20.1428571428571
25.06.06;429.276488531301;29.75;30.6428571428571;20.5789473684211;21.1904761904762;27.8571428571429;26;21;27.75;31.5714285714286;39.6666666666667;20.5;27.8571428571429;25.5714285714286;19.2857142857143
26.06.06;429.276488531301;29;30.4642857142857;20.5263157894737;21.1428571428571;27.5714285714286;26;21;28;30.8571428571429;39.3333333333333;20.25;28.2857142857143;26.1428571428571;18.4285714285714
27.06.06;429.276488531301;29.2;30.2857142857143;20.4736842105263;21.0952380952381;27.2857142857143;26;21;28.25;30.1428571428571;39;20;28.7142857142857;26.7142857142857;17.5714285714286
28.06.06;429.276488531301;29.4;30.1071428571429;20.421052631579;21.047619047619;27;26;21;28.5;29.4285714285714;39.0714285714286;20.5;29.1428571428571;27.2857142857143;16.7142857142857
29.06.06;429.276488531301;29.6;29.9285714285714;20.3684210526316;21;27;26;21;28.75;28.7142857142857;39.1428571428571;21;29.5714285714286;27.8571428571429;15.8571428571429
30.06.06;429.276488531301;29.8;29.75;20.3157894736842;20.8181818181818;27;26;21;29;28;39.2142857142857;21.5;30;28.4285714285714;15
01.07.06;432.244378289312;30;29.5714285714286;20.2631578947368;20.6363636363636;27;26;21;29;29.0909090909091;39.2857142857143;22;29.8666666666667;29;15.2
02.07.06;435.236495986814;30;29.3928571428571;20.2105263157895;20.4545454545455;27;26;21.5555555555556;29;30.1818181818182;39.3571428571429;22.5;29.7333333333333;29.1666666666667;15.4
03.07.06;438.253240444328;30;29.2142857142857;20.1578947368421;20.2727272727273;27;26;22.1111111111111;29;31.2727272727273;39.4285714285714;23;29.6;29.3333333333333;15.6
04.07.06;441.295020411737;30;29.0357142857143;20.1052631578947;20.0909090909091;27;26;22.6666666666667;29;32.3636363636364;39.5;23.375;29.4666666666667;29.5;15.8
05.07.06;443.746751175035;30;28.8571428571429;20.0526315789474;19.9090909090909;27;26;23.2222222222222;29;33.4545454545455;39.5714285714286;23.75;29.3333333333333;29.6666666666667;16
06.07.06;446.214992034166;30;28.6785714285714;20;19.7272727272727;27;26;23.7777777777778;29;34.5454545454545;39.6428571428571;24.125;29.2;29.8333333333333;16.2
07.07.06;448.699966857391;30;28.5;19.8666666666667;19.5454545454545;27;26;24.3333333333333;28.875;35.6363636363636;39.7142857142857;24.5;29.0666666666667;30;16.4
08.07.06;451.201904097376;30;28.3214285714286;19.7333333333333;19.3636363636364;27;26;24.8888888888889;28.75;36.7272727272727;39.7857142857143;24.875;28.9333333333333;30.1666666666667;16.6
09.07.06;453.721036917222;30;28.1428571428571;19.6;19.1818181818182;27;26;25.4444444444445;28.625;37.8181818181818;39.8571428571429;25.25;28.8;30.3333333333333;16.8
10.07.06;456.257603320866;30;27.9642857142857;19.4666666666667;19;27;26;26;28.5;38.9090909090909;39.9285714285714;25.625;28.6666666666667;30.5;17
11.07.06;458.811846288015;30;27.7857142857143;19.3333333333333;19.2;27;26;25.8823529411765;28.375;40;40;26;28.5333333333333;30.6666666666667;17.2
12.07.06;461.384013913821;30;27.6071428571429;19.2;19.4;26.7142857142857;26;25.7647058823529;28.25;39;40;26.2;28.4;30.8333333333333;17.4
13.07.06;463.974359553492;30;27.4285714285714;19.0666666666667;19.6;26.4285714285714;26;25.6470588235294;28.125;38;40;26.4;28.2666666666667;31;17.6
14.07.06;466.583141972045;30;27.25;18.9333333333333;19.8;26.1428571428571;26;25.5294117647059;28;37;40;26.6;28.1333333333333;31.2222222222222;17.8
15.07.06;469.87044994851;30;27.0714285714286;18.8;20;25.8571428571429;26;25.4117647058824;27.85;36.5;40;26.8;28;31.4444444444444;18
16.07.06;473.187507722686;30.2;26.8928571428571;18.6666666666667;20.2;25.5714285714286;26;25.2941176470588;27.7;36;40;27;28.7333333333333;31.6666666666667;18.2
17.07.06;476.534858681099;30.4;26.7142857142857;18.5333333333333;20.4;25.2857142857143;26;25.1764705882353;27.55;35.5;39.5;27.1428571428571;29.4666666666667;31.8888888888889;18.4
18.07.06;479.913061235211;30.6;26.5357142857143;18.4;20.6;25;26;25.0588235294118;27.4;35;39;27.2857142857143;30.2;32.1111111111111;18.6
19.07.06;477.208012924449;30.8;26.3571428571428;18.2666666666667;20.8;25.4285714285714;26;24.9411764705882;27.25;34.5;38.5;27.4285714285714;30.9333333333333;32.3333333333333;18.8
20.07.06;474.522781995352;31;26.1785714285714;18.1333333333333;21;25.8571428571429;26;24.8235294117647;27.1;34;38;27.5714285714286;31.6666666666667;32.5555555555556;19
21.07.06;471.857080191254;31.25;26;18;21;26.2857142857143;26;24.7058823529412;26.95;33.5;37.5;27.7142857142857;32.4;32.7777777777778;18.8
22.07.06;469.210625499429;31.5;26.2142857142857;18;21;26.7142857142857;26;24.5882352941177;26.8;33;37;27.8571428571429;33.1333333333333;33;18.6
23.07.06;466.583141972045;31.75;26.4285714285714;18;21;27.1428571428571;26;24.4705882352941;26.65;32.5;36.5;28;33.8666666666667;33;18.4
24.07.06;465.131526678729;32;26.6428571428571;18;21;27.5714285714286;26;24.3529411764706;26.5;32;36;28.25;34.6;33;18.2
25.07.06;463.685637693364;32;26.8571428571429;18;21;28;26;24.2352941176471;26.35;31.5;36.1;28.5;35.3333333333333;33;18
26.07.06;462.24543001532;32;27.0714285714286;18;21;28.25;26;24.1176470588235;26.2;31;36.2;28.75;36.0666666666667;33;17.8
27.07.06;460.810859172353;32;27.2857142857143;18;20.8571428571429;28.5;26;24;26.05;30.5;36.3;29;36.8;33;17.6
28.07.06;459.381881212367;32;27.5;18;20.7142857142857;28.75;26;24.875;25.9;30;36.4;29.25;37.5333333333333;33.2222222222222;17.4
29.07.06;457.958452695327;32;27.7142857142857;18.1052631578947;20.5714285714286;29;26;25.75;25.75;30.4;36.5;29.5;38.2666666666667;33.4444444444444;17.2
30.07.06;456.540530685344;32;27.9285714285714;18.2105263157895;20.4285714285714;29.25;26;26.625;25.6;30.8;36.6;29.75;39;33.6666666666667;17
31.07.06;455.128072742899;32;28.1428571428571;18.3157894736842;20.2857142857143;29.5;26;27.5;25.45;31.2;36.7;30;38.6923076923077;33.8888888888889;16.8
01.08.06;453.721036917222;32;28.3571428571429;18.421052631579;20.1428571428571;29.75;26;28.375;25.3;31.6;36.8;30.5555555555556;38.3846153846154;34.1111111111111;16.6
02.08.06;449.153596101532;32;28.5714285714286;18.5263157894737;20;30;26;29.25;25.15;32;36.9;31.1111111111111;38.0769230769231;34.3333333333333;16.4
03.08.06;444.642371370151;32;28.7857142857143;18.6315789473684;20.25;29.4285714285714;26;30.125;25;32;37;31.6666666666667;37.7692307692308;34.5555555555556;16.2
04.08.06;440.185995715477;31.75;29;18.7368421052632;20.5;28.8571428571429;26;31;25.1428571428571;32;37.1;32.2222222222222;37.4615384615385;34.7777777777778;16
05.08.06;435.783151393857;31.5;29.2142857142857;18.8421052631579;20.75;28.2857142857143;26;30.4583333333333;25.2857142857143;32;37.2;32.7777777777778;37.1538461538462;35;16.5714285714286
06.08.06;431.432567586506;31.25;29.4285714285714;18.9473684210526;21;27.7142857142857;26;29.9166666666667;25.4285714285714;32;37.3;33.3333333333333;36.8461538461539;34.6666666666667;17.1428571428571
07.08.06;427.13301819762;31;29.6428571428571;19.0526315789474;21.25;27.1428571428571;26;29.375;25.5714285714286;32;37.4;33.8888888888889;36.5384615384615;34.3333333333333;17.7142857142857
08.08.06;422.883319780154;30.8;29.8571428571429;19.1578947368421;21.5;26.5714285714286;26;28.8333333333333;25.7142857142857;32;37.5;34.4444444444445;36.2307692307692;34;18.2857142857143
09.08.06;418.682329580463;30.6;30.0714285714286;19.2631578947368;21.75;26;26;28.2916666666667;25.8571428571429;31.5714285714286;37.6;35;35.9230769230769;33.6666666666667;18.8571428571429
10.08.06;414.528943693744;30.4;30.2857142857143;19.3684210526316;22;26.5;26;27.75;26;31.1428571428571;37.7;33.4285714285714;35.6153846153846;33.3333333333333;19.4285714285714
11.08.06;410.422095322816;30.2;30.5;19.4736842105263;22.5454545454545;27;26;27.2083333333333;26;30.7142857142857;37.8;31.8571428571429;35.3076923076923;33;20
12.08.06;406.36075313338;30;30.7142857142857;19.5789473684211;23.0909090909091;27.5;26;26.6666666666667;26;30.2857142857143;37.9;30.2857142857143;35;32.6666666666667;20
13.08.06;404.514238485131;30;30.9285714285714;19.6842105263158;23.6363636363636;28;26;26.125;26;29.8571428571429;38;28.7142857142857;34.8;32.3333333333333;20
14.08.06;402.676979588263;30;31.1428571428571;19.7894736842105;24.1818181818182;28.3333333333333;26.25;25.5833333333333;26;29.4285714285714;38.1071428571429;27.1428571428572;34.6;32;20
15.08.06;400.8488841155;30;31.3571428571429;19.8947368421053;24.7272727272727;28.6666666666667;26.5;25.0416666666667;26;29;38.2142857142857;25.5714285714286;34.4;31.6666666666667;20
16.08.06;399.029861114178;30;31.5714285714286;20;25.2727272727273;29;26.75;24.5;26;29;38.3214285714286;24;34.2;31.3333333333333;20
17.08.06;397.219820979094;30;31.7857142857143;20;25.8181818181818;29;27;23.9583333333333;26;29;38.4285714285714;23.7777777777778;34;31;20
18.08.06;395.418675426014;30.75;32;20;26.3636363636364;29;27.25;23.4166666666667;26.2857142857143;29;38.5357142857143;23.5555555555556;33.7777777777778;31.4285714285714;20.2857142857143
19.08.06;392.733444496916;31.5;32.0212765957447;20;26.9090909090909;29;27.5;22.875;26.5714285714286;29;38.6428571428571;23.3333333333333;33.5555555555556;31.8571428571429;20.5714285714286
20.08.06;390.067742692819;32.25;32.0425531914894;20;27.4545454545455;29;27.75;22.3333333333333;26.8571428571429;29;38.75;23.1111111111111;33.3333333333333;32.2857142857143;20.8571428571429
21.08.06;387.421288000994;33;32.063829787234;20;28;29;28;21.7916666666667;27.1428571428571;29;38.8571428571429;22.8888888888889;33.1111111111111;32.7142857142857;21.1428571428571
22.08.06;384.793804473609;33.75;32.0851063829787;20;27.375;29;28.25;21.25;27.4285714285714;29;38.9642857142857;22.6666666666667;32.8888888888889;33.1428571428571;21.4285714285714
23.08.06;384.793804473609;34.5;32.1063829787234;20;26.75;29;28.5;20.7083333333333;27.7142857142857;29;39.0714285714286;22.4444444444445;32.6666666666667;33.5714285714286;21.7142857142857
24.08.06;384.793804473609;35.25;32.1276595744681;20;26.125;29;28.75;20.1666666666667;28;29.2857142857143;39.1785714285714;22.2222222222222;32.4444444444444;34;22
25.08.06;384.793804473609;36;32.1489361702128;20;25.5;29;29;19.625;27.75;29.5714285714286;39.2857142857143;22;32.2222222222222;34.4285714285714;22.5555555555556
26.08.06;384.793804473609;35.6;32.1702127659574;20;24.875;29;29;19.0833333333333;27.5;29.8571428571429;39.3928571428571;21.7777777777778;32;34.8571428571429;23.1111111111111
27.08.06;384.793804473609;35.2;32.1914893617021;20;24.25;29;29;18.5416666666667;27.25;30.1428571428571;39.5;21.5555555555556;31.7837837837838;35.2857142857143;23.6666666666667
28.08.06;384.793804473609;34.8;32.2127659574468;20;23.625;29;29;18;27;30.4285714285714;39.6071428571429;21.3333333333333;31.5675675675676;35.7142857142857;24.2222222222222
29.08.06;384.793804473609;34.4;32.2340425531915;20;23;29.1428571428571;29;18.5;26.75;30.7142857142857;39.7142857142857;21.1111111111111;31.3513513513514;36.1428571428571;24.7777777777778
30.08.06;384.793804473609;34;32.2553191489362;20;22.375;29.2857142857143;29;19;26.5;31;39.8214285714286;20.8888888888889;31.1351351351351;36.5714285714286;25.3333333333333
31.08.06;384.793804473609;33.8;32.2765957446809;20;21.75;29.4285714285714;29;19.5;26.25;30.6666666666667;39.9285714285714;20.6666666666667;30.9189189189189;37;25.8888888888889
01.09.06;384.793804473609;33.6;32.2978723404255;20;21.125;29.5714285714286;29;20;26;30.3333333333333;40.0357142857143;20.4444444444444;30.7027027027027;34.2857142857143;26.4444444444445
02.09.06;384.793804473609;33.4;32.3191489361702;20.2941176470588;20.5;29.7142857142857;29;20.5;26;30;40.1428571428571;20.2222222222222;30.4864864864865;31.5714285714286;27
03.09.06;384.793804473609;33.2;32.3404255319149;20.5882352941177;19.875;29.8571428571429;29;21;26;29.6666666666667;40.25;20;30.2702702702703;28.8571428571429;27
04.09.06;384.793804473609;33;32.3617021276596;20.8823529411765;19.25;30;29;21.5;26;29.3333333333333;40.3571428571429;20.1034482758621;30.0540540540541;26.1428571428572;27
05.09.06;384.793804473609;32.75;32.3829787234043;21.1764705882353;18.625;29.7142857142857;29;22;26;29;40.4642857142857;20.2068965517241;29.8378378378378;23.4285714285715;27
06.09.06;384.793804473609;32.5;32.4042553191489;21.4705882352941;18;29.4285714285714;29;22.5;26;28.6666666666667;40.5714285714286;20.3103448275862;29.6216216216216;20.7142857142857;27
07.09.06;384.793804473609;32.25;32.4255319148936;21.7647058823529;18.75;29.1428571428571;29;23;26;28.3333333333333;40.6785714285714;20.4137931034483;29.4054054054054;18;27
08.09.06;384.793804473609;32;32.4468085106383;22.0588235294118;19.5;28.8571428571429;29;22.7777777777778;26;28;40.7857142857143;20.5172413793103;29.1891891891892;18.75;26.962962962963
09.09.06;384.793804473609;32;32.468085106383;22.3529411764706;20.25;28.5714285714286;29;22.5555555555556;25.5294117647059;27.6666666666667;40.8928571428571;20.6206896551724;28.972972972973;19.5;26.9259259259259
10.09.06;384.793804473609;32;32.4893617021277;22.6470588235294;21;28.2857142857143;29;22.3333333333333;25.0588235294118;27.3333333333333;41;20.7241379310345;28.7567567567568;20.25;26.8888888888889
11.09.06;384.793804473609;32;32.5106382978723;22.9411764705882;21.75;28;29;22.1111111111111;24.5882352941176;27;41;20.8275862068966;28.5405405405405;21;26.8518518518519
12.09.06;384.793804473609;32;32.531914893617;23.2352941176471;22.5;27.7142857142857;29;21.8888888888889;24.1176470588235;27.0625;41;20.9310344827586;28.3243243243243;21.75;26.8148148148148
13.09.06;382.185022055057;32;32.5531914893617;23.5294117647059;23.25;27.4285714285714;29;21.6666666666667;23.6470588235294;27.125;41;21.0344827586207;28.1081081081081;22.5;26.7777777777778
14.09.06;379.594676415386;32;32.5744680851064;23.8235294117647;24;27.1428571428571;29;21.4444444444444;23.1764705882353;27.1875;41;21.1379310344828;27.8918918918919;23.25;26.7407407407407
15.09.06;377.02250878958;32;32.5957446808511;24.1176470588235;23.6153846153846;26.8571428571429;29;21.2222222222222;22.7058823529412;27.25;41;21.2413793103448;27.6756756756757;24;26.7037037037037
16.09.06;374.468265822431;32;32.6170212765957;24.4117647058824;23.2307692307692;26.5714285714286;29;21;22.2352941176471;27.3125;41;21.3448275862069;27.4594594594595;24.75;26.6666666666667
17.09.06;374.468265822431;32;32.6382978723404;24.7058823529412;22.8461538461538;26.2857142857143;29;21;21.7647058823529;27.375;41;21.448275862069;27.2432432432433;25.5;26.6296296296296
18.09.06;374.468265822431;32;32.6595744680851;25;22.4615384615385;26;29;21;21.2941176470588;27.4375;41;21.551724137931;27.027027027027;26.25;26.5925925925926
19.09.06;374.468265822431;32;32.6808510638298;25.2941176470588;22.0769230769231;25.7142857142857;29;21;20.8235294117647;27.5;40.9;21.6551724137931;26.8108108108108;27;26.5555555555556
20.09.06;374.468265822431;32;32.7021276595745;25.5882352941177;21.6923076923077;25.4285714285714;29.2105263157895;21;20.3529411764706;27.5625;40.8;21.7586206896552;26.5945945945946;27.75;26.5185185185185
21.09.06;374.468265822431;32;32.7234042553192;25.8823529411765;21.3076923076923;25.1428571428571;29.421052631579;21;19.8823529411765;27.625;40.7;21.8620689655172;26.3783783783784;28.5;26.4814814814815
22.09.06;374.468265822431;32;32.7446808510638;26.1764705882353;20.9230769230769;24.8571428571429;29.6315789473684;21;19.4117647058823;27.6875;40.6;21.9655172413793;26.1621621621622;29.25;26.4444444444444
23.09.06;392.733444496916;32;32.7659574468085;26.4705882352941;20.5384615384615;24.5714285714286;29.8421052631579;21;18.9411764705882;27.75;40.5;22.0689655172414;25.945945945946;30;26.4074074074074
24.09.06;411.956776067937;32;32.7872340425532;26.764705882353;20.1538461538462;24.2857142857143;30.0526315789474;21;18.4705882352941;27.8125;40.4;22.1724137931035;25.7297297297297;30.75;26.3703703703704
25.09.06;432.244378289312;32.25;32.8085106382979;27.0588235294118;19.7692307692308;24;30.2631578947368;21;18;27.875;40.3;22.2758620689655;25.5135135135135;31.5;26.3333333333333
26.09.06;453.721036917222;32.5;32.8297872340426;27.3529411764706;19.3846153846154;23.7142857142857;30.4736842105263;21.1666666666667;18;27.9375;40.2;22.3793103448276;25.2972972972973;32.25;26.2962962962963
27.09.06;438.859580338568;32.75;32.8510638297872;27.6470588235294;19;23.4285714285714;30.6842105263158;21.3333333333333;18;28;40.1;22.4827586206897;25.0810810810811;33;26.2592592592593
28.09.06;424.577291056353;33;32.8723404255319;27.9411764705882;19.5333333333333;23.1428571428571;30.8947368421053;21.5;18;28.1666666666667;40;22.5862068965517;24.8648648648649;33.75;26.2222222222222
29.09.06;410.830715635461;33.1428571428571;32.8936170212766;28.2352941176471;20.0666666666667;22.8571428571429;31.1052631578947;21.6666666666667;18;28.3333333333333;39.9;22.6896551724138;24.6486486486487;34.5;26.1851851851852
30.09.06;397.581114633267;33.2857142857143;32.9148936170213;28.5294117647059;20.6;22.5714285714286;31.3157894736842;21.8333333333333;18;28.5;39.8;22.7931034482759;24.4324324324324;35.25;26.1481481481482
01.10.06;384.793804473609;33.4285714285714;32.936170212766;28.8235294117647;21.1333333333333;22.2857142857143;31.5263157894737;22;18;28.6666666666667;39.7;22.8965517241379;24.2162162162162;36;26.1111111111111
02.10.06;386.543365707066;33.5714285714286;32.9574468085106;29.1176470588235;21.6666666666667;22;31.7368421052632;22.0526315789474;18;28.8333333333333;39.6;23;24;34.9615384615385;26.0740740740741
03.10.06;388.301318153593;33.7142857142857;32.9787234042553;29.4117647058824;22.2;22.3333333333333;31.9473684210526;22.1052631578947;18;29;39.5;22.875;24;33.9230769230769;26.037037037037
04.10.06;390.067742692819;33.8571428571429;33;29.7058823529412;22.7333333333333;22.6666666666667;32.1578947368421;22.1578947368421;18;29.4285714285714;39.4;22.75;24;32.8846153846154;26
05.10.06;391.842721379389;34;33.1111111111111;30;23.2666666666667;23;32.3684210526316;22.2105263157895;18;29.8571428571429;39.3;22.625;24;31.8461538461538;25.5714285714286
06.10.06;393.626337465838;34.3333333333333;33.2222222222222;29.8666666666667;23.8;23.3333333333333;32.5789473684211;22.2631578947368;18;30.2857142857143;39.2;22.5;24;30.8076923076923;25.1428571428571
07.10.06;395.418675426014;34.6666666666667;33.3333333333333;29.7333333333333;24.3333333333333;23.6666666666667;32.7894736842105;22.3157894736842;18;30.7142857142857;39.1;22.375;24;29.7692307692308;24.7142857142857
08.10.06;395.418675426014;35;33.4444444444444;29.6;24.8666666666667;24;33;22.3684210526316;18;31.1428571428571;39;22.25;24;28.7307692307692;24.2857142857143
09.10.06;395.418675426014;35.25;33.5555555555556;29.4666666666667;25.4;24.3333333333333;33.3333333333333;22.421052631579;18;31.5714285714286;38.9;22.125;24;27.6923076923077;23.8571428571429
10.10.06;395.418675426014;35.5;33.6666666666667;29.3333333333333;25.9333333333333;24.6666666666667;33.6666666666667;22.4736842105263;18;32;38.8;22;24;26.6538461538461;23.4285714285714
11.10.06;395.418675426014;35.75;33.7777777777778;29.2;26.4666666666667;25;34;22.5263157894737;18;32.4285714285714;38.7;22.1428571428571;24;25.6153846153846;23
12.10.06;395.418675426014;36;33.8888888888889;29.0666666666667;27;25.4166666666667;34.3333333333333;22.5789473684211;18;32.8571428571429;38.6;22.2857142857143;24;24.5769230769231;23.1428571428571
13.10.06;395.418675426014;35.7714285714286;34;28.9333333333333;27.45;25.8333333333333;34.6666666666667;22.6315789473684;18;33.2857142857143;38.5;22.4285714285714;24;23.5384615384615;23.2857142857143
14.10.06;395.418675426014;35.5428571428571;34.1111111111111;28.8;27.9;26.25;35;22.6842105263158;18;33.7142857142857;38.4;22.5714285714286;24;22.5;23.4285714285714
15.10.06;395.418675426014;35.3142857142857;34.2222222222222;28.6666666666667;28.35;26.6666666666667;35.3333333333333;22.7368421052632;18;34.1428571428571;38.3;22.7142857142857;24;21.4615384615384;23.5714285714286
16.10.06;395.418675426014;35.0857142857143;34.3333333333333;28.5333333333333;28.8;27.0833333333333;35.6666666666667;22.7894736842105;18;34.5714285714286;38.2;22.8571428571429;24.4285714285714;20.4230769230769;23.7142857142857
17.10.06;395.418675426014;34.8571428571429;34.4444444444444;28.4;29.25;27.5;36;22.8421052631579;18;35;38.1;23;24.8571428571429;19.3846153846154;23.8571428571429
18.10.06;395.418675426014;34.6285714285714;34.5555555555556;28.2666666666667;29.7;27.9166666666667;35.55;22.8947368421053;18;35;38;23.4285714285714;25.2857142857143;18.3461538461538;24
19.10.06;395.418675426014;34.4;34.6666666666667;28.1333333333333;30.15;28.3333333333333;35.1;22.9473684210526;18;35;37.85;23.8571428571429;25.7142857142857;17.3076923076923;24.1428571428571
20.10.06;395.418675426014;34.1714285714286;34.7777777777778;28;30.6;28.75;34.65;23;18;35;37.7;24.2857142857143;26.1428571428571;16.2692307692307;24.2857142857143
21.10.06;395.418675426014;33.9428571428571;34.8888888888889;27.8888888888889;31.05;29.1666666666667;34.2;23.1428571428571;18;35;37.55;24.7142857142857;26.5714285714286;15.2307692307692;24.4285714285714
22.10.06;395.418675426014;33.7142857142857;35;27.7777777777778;31.5;29.5833333333333;33.75;23.2857142857143;18;35;37.4;25.1428571428571;27;14.1923076923077;24.5714285714286
23.10.06;395.418675426014;33.4857142857143;35;27.6666666666667;31.95;30;33.3;23.4285714285714;18;35;37.25;25.5714285714286;27.4285714285714;13.1538461538461;24.7142857142857
24.10.06;395.418675426014;33.2571428571429;35;27.5555555555556;32.4;30.0526315789474;32.85;23.5714285714286;18;35;37.1;26;27.8571428571429;12.1153846153846;24.8571428571429
25.10.06;395.418675426014;33.0285714285714;35;27.4444444444444;32.85;30.1052631578947;32.4;23.7142857142857;18;35.1666666666667;36.95;25.9285714285714;28.2857142857143;11.076923076923;25
26.10.06;395.418675426014;32.8;35;27.3333333333333;33.3;30.1578947368421;31.95;23.8571428571429;18;35.3333333333333;36.8;25.8571428571429;28.7142857142857;10.0384615384615;24.7142857142857
27.10.06;395.418675426014;32.5714285714286;35;27.2222222222222;33.75;30.2105263157895;31.5;24;18.2857142857143;35.5;36.65;25.7857142857143;29.1428571428571;8.99999999999996;24.4285714285714
28.10.06;395.418675426014;32.3428571428571;35;27.1111111111111;34.2;30.2631578947368;31.05;24.1428571428571;18.5714285714286;35.6666666666667;36.5;25.7142857142857;29.5714285714286;11;24.1428571428571
29.10.06;395.418675426014;32.1142857142857;35;27;34.65;30.3157894736842;30.6;24.2857142857143;18.8571428571429;35.8333333333333;36.35;25.6428571428571;30;13;23.8571428571429
30.10.06;395.418675426014;31.8857142857143;35;26.8888888888889;35.1;30.3684210526316;30.15;24.4285714285714;19.1428571428571;36;36.2;25.5714285714286;29.9230769230769;15;23.5714285714286
31.10.06;349.180144262124;31.6571428571428;35;26.7777777777778;35.55;30.421052631579;29.7;24.5714285714286;19.4285714285714;36.4347826086957;36.05;25.5;29.8461538461539;17;23.2857142857143
01.11.06;308.12666336548;31.4285714285714;35;26.6666666666667;36;30.4736842105263;29.25;24.7142857142857;19.7142857142857;36.8695652173913;35.9;25.4285714285714;29.7692307692308;19;23
02.11.06;271.211729939023;31.2;35;26.5555555555556;36.1034482758621;30.5263157894737;28.8;24.8571428571429;20;37.304347826087;35.75;25.3571428571429;29.6923076923077;21;22.7142857142857
03.11.06;237.676824424421;30.9714285714286;35;26.4444444444444;36.2068965517241;30.5789473684211;28.35;25;20.2857142857143;37.7391304347826;35.6;25.2857142857143;29.6153846153846;23;22.4285714285714
04.11.06;206.954566922738;30.7428571428571;35;26.3333333333333;36.3103448275862;30.6315789473684;27.9;25.1428571428571;20.5714285714286;38.1739130434783;35.45;25.2142857142857;29.5384615384615;25;22.1428571428571
05.11.06;178.609443634498;30.5142857142857;35;26.2222222222222;36.4137931034483;30.6842105263158;27.45;25.2857142857143;20.8571428571429;38.6086956521739;35.3;25.1428571428571;29.4615384615385;27;21.8571428571429
06.11.06;152.299865632858;30.2857142857143;35;26.1111111111111;36.5172413793103;30.7368421052632;27;25.4285714285714;21.1428571428571;39.0434782608696;35.15;25.0714285714286;29.3846153846154;29;21.5714285714286
07.11.06;180.318222405327;30.0571428571428;35;26;36.6206896551724;30.7894736842105;26.8461538461538;25.5714285714286;21.4285714285714;39.4782608695652;35;25;29.3076923076923;31;21.2857142857143
08.11.06;210.656945700339;29.8285714285714;35;26.1111111111111;36.7241379310345;30.8421052631579;26.6923076923077;25.7142857142857;21.7142857142857;39.9130434782609;34.7142857142857;25.2;29.2307692307692;33;21
09.11.06;243.735348849343;29.6;35;26.2222222222222;36.8275862068966;30.8947368421053;26.5384615384615;25.8571428571429;22;40.3478260869565;34.4285714285714;25.4;29.1538461538462;35;20.5882352941177
10.11.06;280.097798662374;29.3714285714286;35;26.3333333333333;36.9310344827586;30.9473684210526;26.3846153846154;26;22.2857142857143;40.7826086956522;34.1428571428571;25.6;29.0769230769231;35.1428571428571;20.1764705882353
11.11.06;320.468987124288;29.1428571428571;35;26.4444444444444;37.0344827586207;31;26.2307692307692;26.1428571428571;22.5714285714286;41.2173913043478;33.8571428571429;25.8;29;35.2857142857143;19.7647058823529
12.11.06;365.843576545713;28.9142857142857;35;26.5555555555556;37.1379310344828;31.0526315789474;26.0769230769231;26.2857142857143;22.8571428571429;41.6521739130435;33.5714285714286;26;28.125;35.4285714285714;19.3529411764706
13.11.06;417.639562497392;28.6857142857143;35;26.6666666666667;37.2413793103448;31.1052631578947;25.9230769230769;26.4285714285714;23.1428571428571;42.0869565217391;33.2857142857143;25.8571428571429;27.25;35.5714285714286;18.9411764705882
14.11.06;406.36075313338;28.4571428571428;35;26.7777777777778;37.3448275862069;31.1578947368421;25.7692307692308;26.5714285714286;23.4285714285714;42.5217391304348;33;25.7142857142857;26.375;35.7142857142857;18.5294117647059
15.11.06;395.418675426014;28.2285714285714;35;26.8888888888889;37.448275862069;31.2105263157895;25.6153846153846;26.7142857142857;23.7142857142857;42.9565217391304;32.7142857142857;25.5714285714286;25.5;35.8571428571429;18.1176470588235
16.11.06;384.793804473609;28;35;27;37.551724137931;31.2631578947368;25.4615384615385;26.8571428571429;24;43.3913043478261;32.4285714285714;25.4285714285714;24.625;36;17.7058823529412
17.11.06;374.468265822431;28.6428571428571;35;27.1111111111111;37.6551724137931;31.3157894736842;25.3076923076923;27;23.7142857142857;43.8260869565217;32.1428571428571;25.2857142857143;23.75;35.625;17.2941176470588
18.11.06;370.849950333115;29.2857142857143;35;27.2222222222222;37.7586206896552;31.3684210526316;25.1538461538462;27.1;23.4285714285714;44.2608695652174;31.8571428571429;25.1428571428571;22.875;35.25;16.8823529411765
19.11.06;367.267005062753;29.9285714285714;35;27.3333333333333;37.8620689655172;31.4210526315789;25;27.2;23.1428571428571;44.695652173913;31.5714285714286;25;22;34.875;16.4705882352941
20.11.06;363.718745189355;30.5714285714286;35;27.4444444444444;37.9655172413793;31.4736842105263;24.7272727272727;27.3;22.8571428571429;45.1304347826087;31.2857142857143;24.5555555555556;22.4545454545455;34.5;16.0588235294118
21.11.06;360.204505589204;31.2142857142857;35;27.5555555555556;38.0689655172414;31.5263157894737;24.4545454545455;27.4;22.5714285714286;45.5652173913043;31;24.1111111111111;22.9090909090909;34.125;15.6470588235294
22.11.06;356.723640088554;31.8571428571429;35;27.6666666666667;38.1724137931035;31.5789473684211;24.1818181818182;27.5;22.2857142857143;46;30.7142857142857;23.6666666666667;23.3636363636364;33.75;15.2352941176471
23.11.06;353.275520750529;32.5;35;27.7777777777778;38.2758620689655;31.6315789473684;23.9090909090909;27.6;22;45.375;30.4285714285714;23.2222222222222;23.8181818181818;33.375;14.8235294117647
24.11.06;349.859537195252;33.1428571428571;35;27.8888888888889;38.3793103448276;31.6842105263158;23.6363636363636;27.7;22;44.75;30.1428571428571;22.7777777777778;24.2727272727273;33;14.4117647058824
25.11.06;346.475095951362;33.7857142857143;35;28;38.4827586206897;31.7368421052632;23.3636363636364;27.8;22;44.125;29.8571428571429;22.3333333333333;24.7272727272727;34.1666666666667;14
26.11.06;343.121619837201;34.4285714285714;35;28;38.5862068965517;31.7894736842105;23.0909090909091;27.9;22;43.5;29.5714285714286;21.8888888888889;25.1818181818182;35.3333333333333;14
27.11.06;339.798547370052;35.0714285714286;35;28;38.6896551724138;31.8421052631579;22.8181818181818;28;22;42.875;29.2857142857143;21.4444444444445;25.6363636363636;36.5;14
28.11.06;336.505332201914;35.7142857142857;35;28;38.7931034482759;31.8947368421053;22.5454545454545;28;22;42.25;29;21;26.0909090909091;37.6666666666667;14
29.11.06;333.241442580405;36.3571428571429;35;28;38.8965517241379;31.9473684210526;22.2727272727273;28;22;41.625;29;21;26.5454545454546;38.8333333333334;14
30.11.06;330.006360833453;37;35;28;39;32;22;28;22;41;29;21;27;40;14
