01.12.05;7.1;;;7.4;7.12;6.4;7.1;6.94;7.5;6.5;6.9;7.3;6.85;7.19;7.61
02.12.05;7.1;;;7.38166666666667;7.1275;6.41666666666667;7.075;6.9325;7.49071428571429;6.4;6.9;7.29181818181818;6.834;7.165;7.584
03.12.05;7.1;7.2;7.12;7.36333333333333;7.135;6.43333333333333;7.05;6.925;7.48142857142857;6.41818181818182;6.9;7.28363636363636;6.818;7.14;7.558
04.12.05;7.1;7.2;7.10166666666667;7.345;7.1425;6.45;7.025;6.9175;7.47214285714286;6.43636363636364;6.9;7.27545454545455;6.802;7.14166666666667;7.532
05.12.05;7.1;7.2;7.08333333333333;7.32666666666667;7.15;6.46;7;6.91;7.46285714285714;6.45454545454546;6.9;7.26727272727273;6.786;7.14333333333333;7.506
06.12.05;7.1;7.1;7.065;7.30833333333333;7.13823529411765;6.47;6.98571428571429;6.94;7.45357142857143;6.47272727272727;6.9;7.25909090909091;6.77;7.145;7.48
07.12.05;7.1;7.1;7.04666666666667;7.29;7.1264705882353;6.48;6.97142857142857;6.97;7.44428571428571;6.49090909090909;6.9;7.25090909090909;6.806;7.14666666666667;7.44625
08.12.05;7.1;7.1;7.02833333333333;;7.11470588235294;6.49;6.95714285714286;7;7.435;6.50909090909091;6.9;7.24272727272727;6.842;7.14833333333333;7.4125
09.12.05;7.0;7.1;7.01;7.39;7.10294117647059;6.5;6.94285714285714;7.03;7.42571428571429;6.52727272727273;6.875;7.23454545454545;6.878;7.15;7.37875
10.12.05;7.0;7.1;7.008;;7.09117647058824;6.51;6.92857142857143;7.06;7.41642857142857;6.54545454545455;6.85;7.22636363636364;6.914;7.14375;7.345
11.12.05;7.0;7.0;7.006;;7.07941176470588;6.52;6.91428571428572;7.09;7.40714285714286;6.56363636363636;6.825;7.21818181818182;6.95;7.1375;7.31125
12.12.05;7.0;7.0;7.004;;7.06764705882353;6.53;6.9;7.06166666666667;7.39785714285714;6.58181818181818;6.8;7.21;6.95285714285714;7.13125;7.2775
13.12.05;7.0;7.0;7.002;;7.05588235294118;6.54;6.88571428571429;7.03333333333333;7.38857142857143;6.6;6.775;7.19142857142857;6.95571428571429;7.125;7.24375
14.12.05;7.0;7.0;7;;7.04411764705882;6.531875;6.87142857142857;7.005;7.37928571428571;6.58;6.75;7.17285714285714;6.95857142857143;7.11875;7.21
15.12.05;7.0;6.9;6.98642857142857;;7.03235294117647;6.52375;6.85714285714286;6.97666666666667;7.37;6.56;6.74125;7.15428571428571;6.96142857142857;7.1125;7.20076923076923
16.12.05;6.9;6.9;6.97285714285714;;7.02058823529412;6.515625;6.84285714285714;6.94833333333333;7.3475;6.54;6.7325;7.13571428571429;6.96428571428571;7.10625;7.19153846153846
17.12.05;6.9;6.9;6.95928571428571;;7.00882352941177;6.5075;6.82857142857143;6.92;7.325;6.52;6.72375;7.11714285714286;6.96714285714286;7.1;7.18230769230769
18.12.05;6.9;6.8;6.94571428571429;;6.99705882352941;6.499375;6.81428571428571;6.916;7.3025;6.5;6.715;7.09857142857143;6.97;7.10363636363636;7.17307692307692
19.12.05;6.9;6.8;6.93214285714286;;6.98529411764706;6.49125;6.8;6.912;7.28;6.48;6.70625;7.08;6.96363636363636;7.10727272727273;7.16384615384615
20.12.05;6.9;6.7;6.91857142857143;;6.97352941176471;6.483125;6.78571428571429;6.908;7.2575;6.46;6.6975;7.07782608695652;6.95727272727273;7.11090909090909;7.15461538461539
21.12.05;6.9;6.7;6.905;;6.96176470588235;6.475;6.77142857142857;6.904;7.235;6.44;6.68875;7.07565217391304;6.95090909090909;7.11454545454545;7.14538461538462
22.12.05;6.9;6.7;6.89142857142857;;6.95;6.466875;6.75714285714286;6.9;7.2125;6.44272727272727;6.68;7.07347826086957;6.94454545454545;7.11818181818182;7.13615384615385
23.12.05;6.9;6.6;6.87785714285714;;6.935;6.45875;6.74285714285714;6.89521739130435;7.19;6.44545454545455;6.644;7.07130434782609;6.93818181818182;7.12181818181818;7.12692307692308
24.12.05;6.9;6.6;6.86428571428571;;6.92;6.450625;6.72857142857143;6.8904347826087;7.16190476190476;6.44818181818182;6.608;7.06913043478261;6.93181818181818;7.12545454545455;7.11769230769231
25.12.05;6.9;6.6;6.85071428571429;;6.905;6.4425;6.71428571428571;6.88565217391304;7.13380952380952;6.45090909090909;6.572;7.06695652173913;6.92545454545455;7.12909090909091;7.10846153846154
26.12.05;6.9;6.6;6.83714285714286;;6.89;6.434375;6.7;6.88086956521739;7.10571428571429;6.45363636363636;6.536;7.06478260869565;6.91909090909091;7.13272727272727;7.09923076923077
27.12.05;6.9;6.6;6.82357142857143;;6.875;6.42625;6.705;6.87608695652174;7.07761904761905;6.45636363636364;6.5;7.06260869565217;6.91272727272727;7.13636363636364;7.09
28.12.05;6.9;6.7;6.81;;6.86;6.418125;6.71;6.87130434782609;7.04952380952381;6.45909090909091;6.49642857142857;7.0604347826087;6.90636363636364;7.14;7.09375
29.12.05;6.9;6.7;6.8;;6.845;6.41;6.715;6.86652173913044;7.02142857142857;6.46181818181818;6.49285714285714;7.05826086956522;6.9;7.12941176470588;7.0975
30.12.05;6.9;6.8;6.79;;6.83;6.41538461538462;6.72;6.86173913043478;6.99333333333333;6.46454545454546;6.48928571428571;7.05608695652174;6.89363636363636;7.11882352941176;7.10125
31.12.05;6.9;6.8;6.78;;6.815;6.42076923076923;6.725;6.85695652173913;6.9652380952381;6.46727272727273;6.48571428571429;7.05391304347826;6.88727272727273;7.10823529411765;7.105
01.01.06;6.9;6.8;6.77;;6.8;6.42615384615385;6.73;6.85217391304348;6.93714285714286;6.47;6.48214285714286;7.05173913043478;6.88090909090909;7.09764705882353;7.10875
02.01.06;6.9;6.8;6.76;;6.785;6.43153846153846;6.735;6.84739130434783;6.90904761904762;6.47272727272727;6.47857142857143;7.0495652173913;6.87454545454545;7.08705882352941;7.1125
03.01.06;6.9;6.8;6.75;;6.77;6.43692307692308;6.74;6.84260869565217;6.88095238095238;6.47545454545455;6.475;7.04739130434783;6.86818181818182;7.07647058823529;7.11625
04.01.06;6.9;6.9;6.74;;6.755;6.44230769230769;6.745;6.83782608695652;6.85285714285714;6.47818181818182;6.47142857142857;7.04521739130435;6.86181818181818;7.06588235294118;7.12
05.01.06;6.9;6.9;6.73;;6.74;6.44769230769231;6.75;6.83304347826087;6.82476190476191;6.48090909090909;6.46785714285714;7.04304347826087;6.85545454545455;7.05529411764706;7.12375
06.01.06;7.0;6.9;6.72;;6.725;6.45307692307692;6.755;6.82826086956522;6.79666666666667;6.48363636363636;6.46428571428571;7.04086956521739;6.84909090909091;7.04470588235294;7.1275
07.01.06;7.0;6.9;6.71;;6.71;6.45846153846154;6.76;6.82347826086957;6.76857142857143;6.48636363636364;6.46071428571429;7.03869565217391;6.84272727272727;7.03411764705882;7.13125
08.01.06;7.0;6.9;6.7;;6.695;6.46384615384616;6.765;6.81869565217391;6.74047619047619;6.48909090909091;6.45714285714286;7.03652173913044;6.83636363636364;7.02352941176471;7.135
09.01.06;7.0;7.0;6.69;;6.68;6.46923076923077;6.77;6.81391304347826;6.71238095238095;6.49181818181818;6.45357142857143;7.03434782608696;6.83;7.01294117647059;7.13875
10.01.06;7.0;7.0;6.68;;6.665;6.47461538461539;6.74875;6.80913043478261;6.68428571428571;6.49454545454545;6.45;7.03217391304348;6.83333333333333;7.00235294117647;7.1425
11.01.06;7.0;7.0;6.67;;6.65;6.48;6.7275;6.80434782608696;6.65619047619048;6.49727272727273;6.45636363636364;7.03;6.83666666666667;6.99176470588235;7.14625
12.01.06;6.9;7.2;6.66;;6.635;6.47;6.70625;6.7995652173913;6.62809523809524;6.5;6.46272727272727;7.01692307692308;6.84;6.98117647058824;7.15
13.01.06;6.8;7.3;6.65;;6.62;6.46;6.685;6.79478260869565;6.6;6.49230769230769;6.46909090909091;7.00384615384615;6.84333333333333;6.97058823529412;7.15642857142857
14.01.06;6.7;7.5;6.64;;6.605;6.45;6.66375;6.79;6.57777777777778;6.48461538461539;6.47545454545455;6.99076923076923;6.84666666666667;6.96;7.16285714285714
15.01.06;6.8;7.6;6.64230769230769;;6.59;6.44;6.6425;6.78307692307692;6.55555555555556;6.47692307692308;6.48181818181818;6.97769230769231;6.85;6.96;7.16928571428571
16.01.06;6.8;7.8;6.64461538461538;;6.575;6.43;6.62125;6.77615384615385;6.53333333333333;6.46923076923077;6.48818181818182;6.96461538461539;6.88;6.96;7.17571428571429
17.01.06;6.8;7.7;6.64692307692308;;6.56;6.42;6.6;6.76923076923077;6.51111111111111;6.46153846153846;6.49454545454546;6.95153846153846;6.91;6.96;7.18214285714286
18.01.06;6.8;7.5;6.64923076923077;;6.56034482758621;6.41;6.6;6.76230769230769;6.48888888888889;6.45384615384615;6.50090909090909;6.93846153846154;6.94;6.96;7.18857142857143
19.01.06;6.9;7.4;6.65153846153846;;6.56068965517241;6.4;6.6;6.75538461538462;6.46666666666667;6.44615384615385;6.50727272727273;6.92538461538462;6.97;6.96;7.195
20.01.06;6.9;7.2;6.65384615384615;;6.56103448275862;6.39;6.6;6.74846153846154;6.44444444444445;6.43846153846154;6.51363636363636;6.91230769230769;7;6.96;7.20142857142857
21.01.06;6.9;7.1;6.65615384615385;;6.56137931034483;6.38;6.6;6.74153846153846;6.42222222222222;6.43076923076923;6.52;6.89923076923077;7.03;6.96;7.20785714285714
22.01.06;6.9;6.9;6.65846153846154;;6.56172413793103;6.37;6.6;6.73461538461539;6.4;6.42307692307692;6.52636363636364;6.88615384615385;7.06;6.96;7.21428571428571
23.01.06;6.9;6.8;6.66076923076923;;6.56206896551724;6.36;6.6;6.72769230769231;6.38333333333333;6.41538461538462;6.53272727272727;6.87307692307692;7.03222222222222;6.96;7.22071428571429
24.01.06;6.9;6.9;6.66307692307692;;6.56241379310345;6.35;6.6;6.72076923076923;6.36666666666667;6.40769230769231;6.53909090909091;6.86;7.00444444444444;6.96;7.22714285714286
25.01.06;6.9;7.0;6.66538461538462;;6.56275862068966;6.34;6.6;6.71384615384615;6.35;6.4;6.54545454545455;6.86916666666667;6.97666666666667;6.96;7.23357142857143
26.01.06;6.9;7.1;6.66769230769231;;6.56310344827586;6.33;6.6;6.70692307692308;6.33333333333333;6.39333333333333;6.55181818181818;6.87833333333333;6.94888888888889;6.96;7.24
27.01.06;6.9;7.2;6.67;;6.56344827586207;6.32;6.6;6.7;6.31666666666667;6.38666666666667;6.55818181818182;6.8875;6.92111111111111;6.95625;7.215
28.01.06;6.9;7.3;6.67230769230769;;6.56379310344828;6.31;6.6;6.74625;6.3;6.38;6.56454545454545;6.89666666666667;6.89333333333333;6.9525;7.19
29.01.06;6.9;7.2;6.67461538461539;;6.56413793103448;6.3;6.6;6.7925;6.28333333333333;6.37333333333333;6.57090909090909;6.90583333333333;6.86555555555556;6.94875;7.165
30.01.06;6.9;7.2;6.67692307692308;;6.56448275862069;6.3;6.6;6.83875;6.26666666666667;6.36666666666667;6.57727272727273;6.915;6.83777777777778;6.945;7.14
31.01.06;6.9;7.1;6.67923076923077;;6.5648275862069;6.3;6.6;6.885;6.25;6.36;6.58363636363636;6.92416666666667;6.81;6.94125;7.115
01.02.06;7.0;7.1;6.68153846153846;;6.5651724137931;6.3;6.6;6.93125;6.23333333333333;6.35333333333333;6.59;6.93333333333333;6.80666666666667;6.9375;7.09
02.02.06;7.0;7.0;6.68384615384615;;6.56551724137931;6.3;6.6;6.9775;6.21666666666667;6.34666666666667;6.585;6.9425;6.80333333333333;6.93375;7.065
03.02.06;7.0;7.0;6.68615384615385;;6.56586206896552;6.3;6.6;7.02375;6.2;6.34;6.58;6.95166666666667;6.8;6.93;7.04
04.02.06;7.0;7.0;6.68846153846154;;6.56620689655172;6.3;6.60666666666667;7.07;6.19285714285714;6.33333333333333;6.575;6.96083333333333;6.79666666666667;6.92923076923077;7.05
05.02.06;7.0;7.0;6.69076923076923;;6.56655172413793;6.3125;6.61333333333333;7.07;6.18571428571429;6.32666666666667;6.57;6.97;6.79333333333333;6.92846153846154;7.06
06.02.06;7.0;7.0;6.69307692307692;;6.56689655172414;6.325;6.62;7.07;6.17857142857143;6.32;6.565;6.97444444444444;6.79;6.92769230769231;7.07
07.02.06;7.0;7.0;6.69538461538462;;6.56724137931035;6.3375;6.62666666666667;7.07;6.17142857142857;6.31333333333333;6.56;6.97888888888889;6.79;6.92692307692308;7.08
08.02.06;7.0;7.0;6.69769230769231;;6.56758620689655;6.35;6.63333333333333;7.07;6.16428571428572;6.30666666666667;6.555;6.98333333333333;6.79;6.92615384615385;7.09
09.02.06;7.0;7.0;6.7;;6.56793103448276;6.3625;6.64;7.07;6.15714285714286;6.3;6.55;6.98777777777778;6.79;6.92538461538462;7.1
10.02.06;7.0;7.0;6.70529411764706;;6.56827586206897;6.375;6.64666666666667;7.07;6.15;6.3;6.537;6.99222222222222;6.79;6.92461538461538;7.11
11.02.06;7.0;7.0;6.71058823529412;;6.56862068965517;6.3875;6.65333333333333;7.07;6.14285714285714;6.3;6.524;6.99666666666667;6.79;6.92384615384615;7.12
12.02.06;7.0;7.0;6.71588235294118;;6.56896551724138;6.4;6.66;7.07;6.13571428571429;6.3;6.511;7.00111111111111;6.79;6.92307692307692;7.13
13.02.06;7.0;7.0;6.72117647058824;;6.56931034482759;6.41857142857143;6.66666666666667;7.07;6.12857142857143;6.3;6.498;7.00555555555556;6.79;6.92230769230769;7.14
14.02.06;7.0;7.0;6.72647058823529;;6.56965517241379;6.43714285714286;6.67333333333333;7.07833333333333;6.12142857142857;6.3;6.485;7.01;6.79;6.92153846153846;7.15
15.02.06;7.0;6.9;6.73176470588235;;6.57;6.45571428571429;6.68;7.08666666666667;6.11428571428571;6.3;6.472;7.01461538461538;6.79;6.92076923076923;7.16
16.02.06;7.0;6.9;6.73705882352941;;6.56925925925926;6.47428571428572;6.68666666666667;7.095;6.10714285714286;6.3;6.459;7.01923076923077;6.79;6.92;7.17
17.02.06;7.0;6.9;6.74235294117647;;6.56851851851852;6.49285714285714;6.69333333333333;7.10333333333333;6.1;6.3;6.446;7.02384615384615;6.79;6.93444444444444;7.1825
18.02.06;7.0;6.9;6.74764705882353;;6.56777777777778;6.51142857142857;6.7;7.11166666666667;6.1;6.3;6.433;7.02846153846154;6.79;6.94888888888889;7.195
19.02.06;7.0;6.9;6.75294117647059;;6.56703703703704;6.53;6.6875;7.12;6.1;6.3;6.42;7.03307692307692;6.79;6.96333333333333;7.2075
20.02.06;7.0;6.9;6.75823529411765;;6.5662962962963;6.52888888888889;6.675;7.12;6.1;6.3;6.43;7.03769230769231;6.79214285714286;6.97777777777778;7.22
21.02.06;7.0;7.0;6.76352941176471;;6.56555555555556;6.52777777777778;6.6625;7.12;6.1;6.3;6.44;7.04230769230769;6.79428571428571;6.99222222222222;7.2325
22.02.06;7.0;7.0;6.76882352941176;;6.56481481481482;6.52666666666667;6.65;7.12;6.1;6.3325;6.45;7.04692307692308;6.79642857142857;7.00666666666667;7.245
23.02.06;7.0;7.0;6.77411764705882;;6.56407407407408;6.52555555555556;6.6375;7.12;6.1;6.365;6.46;7.05153846153846;6.79857142857143;7.02111111111111;7.2575
24.02.06;7.0;7.0;6.77941176470588;;6.56333333333333;6.52444444444445;6.625;7.12;6.1;6.3975;6.47;7.05615384615385;6.80071428571429;7.03555555555556;7.27
25.02.06;7.0;7.0;6.78470588235294;;6.56259259259259;6.52333333333333;6.6125;7.12;6.1;6.43;6.48;7.06076923076923;6.80285714285714;7.05;7.265
26.02.06;7.0;7.0;6.79;;6.56185185185185;6.52222222222222;6.6;7.12;6.1;6.4625;6.49;7.06538461538462;6.805;7.022;7.26
27.02.06;7.0;6.9;6.79529411764706;;6.56111111111111;6.52111111111111;6.64666666666667;7.12;6.115;6.495;6.5;7.07;6.80714285714286;6.994;7.255
28.02.06;7.0;6.9;6.80058823529412;;6.56037037037037;6.52;6.69333333333333;7.12;6.13;6.5275;6.51;7.07428571428572;6.80928571428571;6.966;7.25
01.03.06;7.0;6.9;6.80588235294118;;6.55962962962963;6.51888888888889;6.74;7.12;6.145;6.56;6.52;7.07857142857143;6.81142857142857;6.938;7.245
02.03.06;7.0;6.9;6.81117647058824;;6.55888888888889;6.51777777777778;6.78666666666667;7.12;6.16;6.55375;6.53;7.08285714285714;6.81357142857143;6.91;7.24
03.03.06;7.1;6.8;6.81647058823529;;6.55814814814815;6.51666666666667;6.83333333333333;7.12;6.175;6.5475;6.54;7.08714285714286;6.81571428571429;6.913125;7.23375
04.03.06;7.1;6.8;6.82176470588235;;6.55740740740741;6.51555555555556;6.88;7.12;6.19;6.54125;6.55;7.09142857142857;6.81785714285714;6.91625;7.2275
05.03.06;7.1;6.8;6.82705882352941;;6.55666666666667;6.51444444444445;6.79;7.12;6.19;6.535;6.56;7.09571428571429;6.82;6.919375;7.22125
06.03.06;7.1;6.8;6.83235294117647;;6.55592592592593;6.51333333333333;6.7;7.12571428571429;6.19;6.52875;6.57;7.1;6.83666666666667;6.9225;7.215
07.03.06;7.1;6.8;6.83764705882353;;6.55518518518519;6.51222222222222;6.7;7.13142857142857;6.19;6.5225;6.58;7.10428571428571;6.85333333333333;6.925625;7.20875
08.03.06;7.1;6.8;6.84294117647059;;6.55444444444444;6.51111111111111;6.7;7.13714285714286;6.19;6.51625;6.588;7.10857142857143;6.87;6.92875;7.2025
09.03.06;7.1;6.8;6.84823529411765;;6.5537037037037;6.51;6.7;7.14285714285714;6.19;6.51;6.596;7.11285714285714;6.88666666666667;6.931875;7.19625
10.03.06;7.1;6.8;6.85352941176471;;6.55296296296296;6.50888888888889;6.7;7.14857142857143;6.19;6.52428571428571;6.604;7.11714285714286;6.90333333333333;6.935;7.19
11.03.06;7.1;6.8;6.85882352941177;;6.55222222222222;6.50777777777778;6.7;7.15428571428572;6.19;6.53857142857143;6.612;7.12142857142857;6.92;6.938125;7.19307692307692
12.03.06;7.1;6.8;6.86411764705882;;6.55148148148148;6.50666666666667;6.7;7.16;6.18307692307692;6.55285714285714;6.62;7.12571428571429;6.89857142857143;6.94125;7.19615384615385
13.03.06;7.1;6.8;6.86941176470588;;6.55074074074074;6.50555555555556;6.7;7.15;6.17615384615385;6.56714285714286;6.628;7.13;6.87714285714286;6.944375;7.19923076923077
14.03.06;7.1;6.8;6.87470588235294;;6.55;6.50444444444444;6.7125;7.14;6.16923076923077;6.58142857142857;6.636;7.12875;6.85571428571429;6.9475;7.20230769230769
15.03.06;7.0;6.9;6.88;;6.53861111111111;6.50333333333333;6.725;7.13;6.16230769230769;6.59571428571429;6.644;7.1275;6.83428571428571;6.950625;7.20538461538462
16.03.06;7.0;6.9;6.89666666666667;;6.52722222222222;6.50222222222222;6.7375;7.12;6.15538461538462;6.61;6.652;7.12625;6.81285714285714;6.95375;7.20846153846154
17.03.06;7.0;6.9;6.91333333333333;;6.51583333333333;6.50111111111111;6.75;7.11;6.14846153846154;6.59333333333333;6.66;7.125;6.79142857142857;6.956875;7.21153846153846
18.03.06;7.0;6.9;6.93;;6.50444444444444;6.5;6.74;7.11;6.14153846153846;6.57666666666667;6.668;7.12375;6.77;6.96;7.21461538461539
19.03.06;7.0;7.0;6.94666666666667;;6.49305555555556;6.48666666666667;6.73;7.11;6.13461538461538;6.56;6.676;7.1225;6.86;6.96875;7.21769230769231
20.03.06;7.0;7.0;6.96333333333333;;6.48166666666667;6.47333333333333;6.72;7.11;6.12769230769231;6.54333333333333;6.684;7.12125;6.82545454545455;6.9775;7.22076923076923
21.03.06;7.0;7.0;6.98;;6.47027777777778;6.46;6.7325;7.11;6.12076923076923;6.52666666666667;6.692;7.12;6.79090909090909;6.98625;7.22384615384615
22.03.06;7.0;7.0;6.99666666666667;;6.45888888888889;6.44666666666667;6.745;7.11;6.11384615384615;6.51;6.7;7.12;6.75636363636364;6.995;7.22692307692308
23.03.06;7.0;7.0;7.01333333333333;;6.4475;6.43333333333333;6.7575;7.11;6.10692307692308;6.49125;6.69285714285714;7.12;6.72181818181818;7.00375;7.23
24.03.06;7.0;7.0;7.03;;6.43611111111111;6.42;6.77;7.11;6.1;6.4725;6.68571428571429;7.12;6.68727272727273;7.0125;7.23428571428572
25.03.06;6.9;7.0;7.016;;6.42472222222222;6.40666666666667;6.736;7.11;6.10785714285714;6.45375;6.67857142857143;7.12;6.65272727272727;7.02125;7.23857142857143
26.03.06;6.9;7.0;7.002;;6.41333333333333;6.39333333333333;6.702;7.11;6.11571428571429;6.435;6.67142857142857;7.12;6.61818181818182;7.03;7.24285714285714
27.03.06;6.9;7.0;6.988;;6.40194444444444;6.38;6.668;7.1525;6.12357142857143;6.41625;6.66428571428572;7.12777777777778;6.58363636363636;7.004;7.24714285714286
28.03.06;6.9;7.0;6.974;;6.39055555555556;6.36666666666667;6.634;7.195;6.13142857142857;6.3975;6.65714285714286;7.13555555555556;6.54909090909091;6.978;7.25142857142857
29.03.06;6.9;7.0;6.96;;6.37916666666667;6.35333333333333;6.6;7.2375;6.13928571428571;6.37875;6.65;7.14333333333333;6.51454545454546;6.952;7.25571428571429
30.03.06;6.9;7.0;6.97;6.87;6.36777777777778;6.34;6.566;7.28;6.14714285714286;6.36;6.65857142857143;7.15111111111111;6.48;6.926;7.26
31.03.06;6.9;7.0;6.98;6.86222222222222;6.35638888888889;6.32666666666667;6.532;7.24;6.155;6.39428571428571;6.66714285714286;7.15888888888889;6.51444444444445;6.9;7.25111111111111
01.04.06;7.0;7.0;6.99;6.85444444444445;6.345;6.31333333333333;6.498;7.2;6.16285714285714;6.42857142857143;6.67571428571429;7.16666666666667;6.54888888888889;6.89777777777778;7.24222222222222
02.04.06;7.1;7.0;7;6.84666666666667;6.33361111111111;6.3;6.464;7.16;6.17071428571429;6.46285714285714;6.68428571428571;7.17444444444445;6.58333333333333;6.89555555555556;7.23333333333333
03.04.06;7.3;7.0;7.01;6.83888888888889;6.32222222222222;6.3;6.43;7.206;6.17857142857143;6.49714285714286;6.69285714285714;7.18222222222222;6.61777777777778;6.89333333333333;7.22444444444444
04.04.06;7.2;7.0;7.02;6.83111111111111;6.31083333333333;6.3;6.45428571428571;7.252;6.18642857142857;6.53142857142857;6.70142857142857;7.19;6.65222222222222;6.89111111111111;7.21555555555556
05.04.06;7.3;7.0;7.03;6.82333333333333;6.29944444444444;6.3;6.47857142857143;7.298;6.19428571428571;6.56571428571429;6.71;7.195;6.68666666666667;6.88888888888889;7.20666666666667
06.04.06;7.5;7.0;6.99142857142857;6.81555555555556;6.28805555555556;6.3;6.50285714285714;7.344;6.20214285714286;6.6;6.758;7.2;6.72111111111111;6.88666666666667;7.19777777777778
07.04.06;7.6;7.1;6.95285714285714;6.80777777777778;6.27666666666667;6.3;6.52714285714286;7.39;6.21;6.66;6.806;7.205;6.75555555555556;6.88444444444444;7.18888888888889
08.04.06;6.8;;6.91428571428572;6.8;6.26527777777778;6.3;6.55142857142857;7.39;6.1675;6.72;6.854;7.21;6.79;6.88222222222222;7.18
09.04.06;6.8;;6.87571428571429;6.804;6.25388888888889;6.26;6.57571428571429;7.39;6.125;6.78;6.902;7.215;6.80142857142857;6.88;7.18714285714286
10.04.06;6.9;;6.83714285714286;6.808;6.2425;6.22;6.6;7.39;6.0825;6.84;6.95;7.22;6.81285714285714;6.89833333333333;7.19428571428571
11.04.06;6.9;;6.79857142857143;6.812;6.23111111111111;6.24;6.62428571428571;7.39;6.04;6.73;6.82;7.17857142857143;6.82428571428571;6.91666666666667;7.20142857142857
12.04.06;6.9;;6.76;6.816;6.21972222222222;6.26;6.64857142857143;7.39;5.9975;6.62;6.78142857142857;7.13714285714286;6.83571428571429;6.935;7.20857142857143
13.04.06;6.9;;6.7625;6.82;6.20833333333333;6.28;6.67285714285714;7.39;5.955;6.51;6.74285714285714;7.09571428571429;6.84714285714286;6.95333333333333;7.21571428571429
14.04.06;6.9;;6.765;6.824;6.19694444444444;6.3;6.69714285714286;7.33875;5.9125;6.51;6.70428571428572;7.05428571428571;6.85857142857143;6.97166666666667;7.22285714285714
15.04.06;6.7;;6.7675;6.828;6.18555555555556;6.32;6.72142857142857;7.2875;5.87;6.51;6.66571428571429;7.01285714285714;6.87;6.99;7.23
16.04.06;6.6;;6.77;6.832;6.17416666666667;6.34;6.74571428571429;7.23625;5.8275;6.51;6.62714285714286;6.97142857142857;6.88;6.99;7.145
17.04.06;6.4;;6.75;6.836;6.16277777777778;6.36;6.77;7.185;5.785;6.51;6.58857142857143;6.93;6.89;6.91333333333333;7.06
18.04.06;6.5;;6.73;6.84;6.15138888888889;6.38;6.7525;7.13375;5.7425;6.435;6.55;6.93142857142857;6.9;6.83666666666667;6.975
19.04.06;6.7;;6.71;6.76;6.14;6.4;6.735;7.0825;5.7;6.36;6.536;6.93285714285714;6.91;6.76;6.89
20.04.06;6.8;;6.69;6.68;6.09;6.33333333333333;6.7175;7.03125;5.7;6.285;6.522;6.93428571428571;6.92;6.68333333333333;6.805
21.04.06;6.9;;6.67;6.64833333333333;6.04;6.26666666666667;6.7;6.98;5.7;6.21;6.508;6.93571428571429;6.93;6.60666666666667;6.72
22.04.06;7.1;;6.65;6.61666666666667;5.99;6.2;6.6825;6.90666666666667;5.7;6.16333333333333;6.494;6.93714285714286;6.94;6.53;6.77625
23.04.06;7.0;;6.63;6.585;5.94;6.175;6.665;6.83333333333333;5.7;6.11666666666667;6.48;6.93857142857143;6.95;6.55315789473684;6.8325
24.04.06;6.8;;6.61;6.55333333333333;5.89;6.15;6.6475;6.76;5.7;6.07;6.466;6.94;6.97;6.57631578947369;6.88875
25.04.06;6.8;;6.59;6.52166666666667;5.84;6.125;6.63;6.68666666666667;5.7;6.02333333333333;6.452;6.96285714285714;6.99;6.59947368421053;6.945
26.04.06;6.8;;6.57;6.49;5.79;6.1;6.681;6.61333333333333;5.7;5.97666666666667;6.438;6.98571428571429;7.01;6.62263157894737;7.00125
27.04.06;6.8;;6.6125;6.48266666666667;5.74;6.1;6.732;6.54;5.74444444444444;5.93;6.424;7.00857142857143;7.03;6.64578947368421;7.0575
28.04.06;6.8;;6.655;6.47533333333333;5.8;6.1;6.783;6.46666666666667;5.78888888888889;5.96125;6.41;7.03142857142857;7.05;6.66894736842105;7.11375
29.04.06;6.8;;6.6975;6.468;5.86;6.1;6.834;6.39333333333333;5.83333333333333;5.9925;6.41;7.05428571428571;7.07;6.6921052631579;7.17
30.04.06;6.8;;6.74;6.46066666666667;5.92;6.05714285714286;6.885;6.32;5.87777777777778;6.02375;6.41;7.07714285714286;7.0725;6.71526315789474;7.18857142857143
01.05.06;6.9;;6.8;6.45333333333333;5.98;6.01428571428571;6.936;6.37642857142857;5.92222222222222;6.055;6.41;7.1;7.075;6.73842105263158;7.20714285714286
02.05.06;6.9;;6.86;6.446;6.04;5.97142857142857;6.987;6.43285714285714;5.96666666666667;6.08625;6.41;7.12285714285714;7.0775;6.76157894736842;7.22571428571429
03.05.06;7.0;;6.92;6.43866666666667;6.1;5.92857142857143;7.038;6.48928571428572;6.01111111111111;6.1175;6.41;7.14571428571429;7.08;6.78473684210526;7.24428571428572
04.05.06;7.0;;6.98;6.43133333333333;6.16;5.88571428571429;7.089;6.54571428571429;6.05555555555556;6.14875;6.44;7.16857142857143;7.0825;6.80789473684211;7.26285714285714
05.05.06;7.1;;7.04;6.424;6.22;5.84285714285714;7.14;6.60214285714286;6.1;6.18;6.47;7.19142857142857;7.085;6.83105263157895;7.28142857142857
06.05.06;7.1;;7.1;6.41666666666667;6.28;5.8;7.16285714285714;6.65857142857143;6.15;6.21;6.5;7.21428571428571;7.0875;6.85421052631579;7.3
07.05.06;7.1;;7.16;6.40933333333333;6.34;5.85714285714286;7.18571428571429;6.715;6.2;6.24;6.53;7.23714285714286;7.09;6.87736842105263;7.345
08.05.06;7.2;;7.22;6.402;6.4;5.91428571428572;7.20857142857143;6.77142857142857;6.25;6.27;6.56;7.26;7.10714285714286;6.90052631578947;7.39
09.05.06;7.2;;7.28;6.39466666666667;6.46;5.97142857142857;7.23142857142857;6.82785714285714;6.3;6.3;6.59;7.27571428571429;7.12428571428571;6.92368421052632;7.435
10.05.06;7.2;;7.34;6.38733333333333;6.52;6.02857142857143;7.25428571428571;6.88428571428571;6.35;6.33;6.62;7.29142857142857;7.14142857142857;6.94684210526316;7.48
11.05.06;7.3;;7.4;6.38;6.58;6.08571428571429;7.27714285714286;6.94071428571429;6.35;6.36;6.65833333333333;7.30714285714286;7.15857142857143;6.97;7.525
12.05.06;7.4;;7.42666666666667;6.40869565217391;6.64;6.14285714285714;7.3;6.99714285714286;6.35;6.39;6.69666666666667;7.32285714285714;7.17571428571429;6.90666666666667;7.57
13.05.06;7.4;;7.45333333333333;6.43739130434783;6.665;6.2;7.2;7.05357142857143;6.38571428571429;6.42;6.735;7.33857142857143;7.19285714285714;6.84333333333333;7.56307692307692
14.05.06;7.5;;7.48;6.46608695652174;6.69;6.24;7.1;7.11;6.42142857142857;6.45;6.77333333333333;7.35428571428572;7.21;6.78;7.55615384615385
15.05.06;7.5;;7.50666666666667;6.49478260869565;6.715;6.28;7.156;7.15785714285714;6.45714285714286;6.48;6.81166666666667;7.37;7.22857142857143;6.82166666666667;7.54923076923077
16.05.06;7.5;;7.53333333333333;6.52347826086957;6.74;6.32;7.212;7.20571428571429;6.49285714285714;6.51;6.85;7.37375;7.24714285714286;6.86333333333333;7.54230769230769
17.05.06;7.6;;7.56;6.55217391304348;6.765;6.36;7.268;7.25357142857143;6.52857142857143;6.54;6.89428571428571;7.3775;7.26571428571429;6.905;7.53538461538462
18.05.06;7.7;;7.58666666666667;6.58086956521739;6.79;6.4;7.324;7.30142857142857;6.56428571428571;6.53555555555556;6.93857142857143;7.38125;7.28428571428572;6.94666666666667;7.52846153846154
19.05.06;7.8;;7.61333333333333;6.6095652173913;6.815;6.44;7.38;7.34928571428572;6.6;6.53111111111111;6.98285714285714;7.385;7.30285714285714;6.98833333333333;7.52153846153846
20.05.06;7.8;;7.64;6.63826086956522;6.84;6.48;7.38;7.39714285714286;6.6325;6.52666666666667;7.02714285714286;7.38875;7.32142857142857;7.03;7.51461538461539
21.05.06;7.8;;7.62777777777778;6.66695652173913;6.865;6.52;7.38;7.445;6.665;6.52222222222222;7.07142857142857;7.3925;7.34;7.06857142857143;7.50769230769231
22.05.06;7.8;7.0;7.61555555555556;6.69565217391304;6.89;6.56;7.38;7.49285714285714;6.6975;6.51777777777778;7.11571428571429;7.39625;7.33285714285714;7.10714285714286;7.50076923076923
23.05.06;7.9;7.0;7.60333333333333;6.72434782608696;6.915;6.6;7.40214285714286;7.54071428571429;6.73;6.51333333333333;7.16;7.4;7.32571428571429;7.14571428571429;7.49384615384615
24.05.06;8.0;7.0;7.59111111111111;6.75304347826087;6.94;6.6;7.42428571428571;7.58857142857143;6.73;6.50888888888889;7.17285714285714;7.42285714285714;7.31857142857143;7.18428571428572;7.48692307692308
25.05.06;8.1;7.0;7.57888888888889;6.78173913043478;6.965;6.6;7.44642857142857;7.63642857142857;6.73;6.50444444444444;7.18571428571429;7.44571428571429;7.31142857142857;7.22285714285714;7.48
26.05.06;8.2;7.0;7.56666666666667;6.8104347826087;6.99;6.6;7.46857142857143;7.68428571428572;6.792;6.5;7.19857142857143;7.46857142857143;7.30428571428571;7.26142857142857;7.48
27.05.06;8.1;6.9;7.55444444444444;6.83913043478261;7.015;6.6;7.49071428571429;7.73214285714286;6.854;6.58;7.21142857142857;7.49142857142857;7.29714285714286;7.3;7.48
28.05.06;7.9;6.9;7.54222222222222;6.86782608695652;7.04;6.6;7.51285714285714;7.78;6.916;6.66;7.22428571428571;7.51428571428571;7.29;7.33857142857143;7.48
29.05.06;7.8;6.9;7.53;6.89652173913043;7.06222222222222;6.6;7.535;7.79;6.978;6.74;7.23714285714286;7.53714285714286;7.29;7.37714285714286;7.48
30.05.06;7.8;6.8;7.524;6.92521739130435;7.08444444444444;6.6;7.55714285714286;7.8;7.04;6.82;7.25;7.56;7.29;7.41571428571429;7.48
31.05.06;7.8;6.8;7.518;6.95391304347826;7.10666666666667;6.6;7.57928571428572;7.81;7.00333333333333;6.82;7.26142857142857;7.58285714285714;7.29;7.45428571428572;7.48
01.06.06;7.8;6.8;7.512;6.98260869565217;7.12888888888889;6.64285714285714;7.60142857142857;7.82;6.96666666666667;6.82;7.27285714285714;7.60571428571429;7.29;7.49285714285714;7.48
02.06.06;7.8;6.8;7.506;7.01130434782609;7.15111111111111;6.68571428571429;7.62357142857143;7.83;6.93;6.8825;7.28428571428571;7.62857142857143;7.29;7.53142857142857;7.5225
03.06.06;7.8;6.7;7.5;7.04;7.17333333333333;6.72857142857143;7.64571428571429;7.84;6.93;6.945;7.29571428571429;7.65142857142857;7.29;7.57;7.565
04.06.06;7.7;6.7;7.51666666666667;7.04666666666667;7.19555555555556;6.77142857142857;7.66785714285714;7.85;6.93;7.0075;7.30714285714286;7.67428571428571;7.29;7.576;7.6075
05.06.06;7.8;6.7;7.53333333333333;7.05333333333333;7.21777777777778;6.81428571428572;7.69;7.86;6.93;7.07;7.31857142857143;7.69714285714286;7.30857142857143;7.582;7.65
06.06.06;7.8;6.8;7.55;7.06;7.24;6.85714285714286;7.69;7.87;6.93;7.07666666666667;7.33;7.72;7.32714285714286;7.588;7.6925
07.06.06;7.8;6.8;7.56666666666667;7.06666666666667;7.26222222222222;6.9;7.69;7.88;6.93;7.08333333333333;7.34777777777778;7.70142857142857;7.34571428571429;7.594;7.735
08.06.06;7.8;6.8;7.58333333333333;7.07333333333333;7.28444444444444;6.91111111111111;7.69;7.89;6.94333333333333;7.09;7.36555555555556;7.68285714285714;7.36428571428572;7.6;7.7775
09.06.06;7.9;6.8;7.6;7.08;7.30666666666667;6.92222222222222;7.69;7.90285714285714;6.95666666666667;7.09666666666667;7.38333333333333;7.66428571428571;7.38285714285714;7.6375;7.82
10.06.06;7.9;6.8;7.59285714285714;7.09;7.32888888888889;6.93333333333333;7.69;7.91571428571429;6.97;7.10333333333333;7.40111111111111;7.64571428571429;7.40142857142857;7.675;7.83833333333333
11.06.06;8.0;6.8;7.58571428571429;7.1;7.35111111111111;6.94444444444445;7.69;7.92857142857143;6.98333333333333;7.11;7.41888888888889;7.62714285714286;7.42;7.7125;7.85666666666667
12.06.06;8.0;6.8;7.57857142857143;7.11;7.37333333333333;6.95555555555556;7.69;7.94142857142857;6.99666666666667;7.11666666666667;7.43666666666667;7.60857142857143;7.41;7.75;7.875
13.06.06;8.0;6.8;7.57142857142857;7.12;7.39555555555556;6.96666666666667;7.69;7.95428571428571;7.01;7.12333333333333;7.45444444444444;7.59;7.4;7.7875;7.89333333333333
14.06.06;8.0;6.8;7.56428571428571;7.13;7.41777777777778;6.97777777777778;7.69;7.96714285714286;7.02333333333333;7.13;7.47222222222222;7.60666666666667;7.39;7.825;7.91166666666667
15.06.06;8.0;6.8;7.55714285714286;7.14;7.44;6.98888888888889;7.69;7.98;7.03666666666667;7.08;7.49;7.62333333333333;7.38;7.8625;7.93
16.06.06;8.0;6.7;7.55;7.15;7.435;7;7.69;7.99285714285714;7.05;7.03;7.5075;7.64;7.37;7.9;7.96
17.06.06;8.0;6.7;7.54846153846154;7.16;7.43;7.01111111111111;7.69;8.00571428571429;7.06333333333333;7.07333333333333;7.525;7.65666666666667;7.36;7.88625;7.99
18.06.06;8.0;6.8;7.54692307692308;7.13764705882353;7.425;7.02222222222222;7.69;8.01857142857143;7.07666666666667;7.11666666666667;7.5425;7.67333333333333;7.35;7.8725;8.02
19.06.06;7.9;6.8;7.54538461538462;7.11529411764706;7.42;7.03333333333333;7.69;8.03142857142857;7.09;7.16;7.56;7.69;7.39285714285714;7.85875;8.05
20.06.06;7.9;6.8;7.54384615384615;7.09294117647059;7.415;7.04444444444444;7.69;8.04428571428571;7.10333333333333;7.16;7.5775;7.70375;7.43571428571429;7.845;8.08
21.06.06;7.8;6.9;7.54230769230769;7.07058823529412;7.41;7.05555555555556;7.69;8.05714285714286;7.11666666666667;7.16;7.595;7.7175;7.47857142857143;7.83125;8.11
22.06.06;7.7;6.9;7.54076923076923;7.04823529411765;7.405;7.06666666666667;7.69;8.07;7.13;7.16;7.6125;7.73125;7.52142857142857;7.8175;8.14
23.06.06;;7.0;7.53923076923077;7.02588235294118;7.4;7.07777777777778;7.69;8.06625;7.11333333333333;7.16;7.63;7.745;7.56428571428572;7.80375;8.17
24.06.06;;7.0;7.53769230769231;7.00352941176471;7.395;7.08888888888889;7.71333333333333;8.0625;7.09666666666667;7.11857142857143;7.6475;7.75875;7.60714285714286;7.79;8.2
25.06.06;;7.0;7.53615384615385;6.98117647058824;7.39;7.1;7.73666666666667;8.05875;7.08;7.07714285714286;7.665;7.7725;7.65;7.8;8.2
26.06.06;;7.1;7.53461538461538;6.95882352941177;7.42;7.16666666666667;7.76;8.055;7.06333333333333;7.03571428571429;7.6825;7.78625;7.66625;7.81;8.2
27.06.06;;7.1;7.53307692307692;6.93647058823529;7.45;7.23333333333333;7.715;8.05125;7.04666666666667;6.99428571428572;7.7;7.8;7.6825;7.82;8.2
28.06.06;;7.1;7.53153846153846;6.91411764705882;7.48;7.3;7.67;8.0475;7.03;6.95285714285714;7.7;7.78571428571429;7.69875;7.83;8.2
29.06.06;;7.1;7.53;6.89176470588235;7.51;7.24285714285714;7.625;8.04375;7.01333333333333;6.91142857142857;7.7;7.77142857142857;7.715;7.84;8.2
30.06.06;;7.1;7.54818181818182;6.86941176470588;7.54;7.18571428571429;7.58;8.04;6.99666666666667;6.87;7.7;7.75714285714286;7.73125;7.85;8.2
01.07.06;;7.2;7.56636363636364;6.84705882352941;7.57;7.12857142857143;7.58;8.04;6.98;6.87571428571429;7.7;7.74285714285714;7.7475;7.86;8.2
02.07.06;;7.2;7.58454545454546;6.82470588235294;7.6;7.07142857142857;7.58;8.04;6.988;6.88142857142857;7.7;7.72857142857143;7.76375;7.85428571428572;8.20333333333333
03.07.06;;7.1;7.60272727272727;6.80235294117647;7.63;7.01428571428571;7.58;8.04;6.996;6.88714285714286;7.7;7.71428571428571;7.78;7.84857142857143;8.20666666666667
04.07.06;;6.9;7.62090909090909;6.78;7.63;6.95714285714286;7.5625;8.04;7.004;6.89285714285714;7.7;7.7;7.81;7.84285714285714;8.21
05.07.06;;6.8;7.63909090909091;6.80764705882353;7.63;6.9;7.545;8.04;7.012;6.89857142857143;7.69230769230769;7.69857142857143;7.84;7.83714285714286;8.21333333333333
06.07.06;;6.6;7.65727272727273;6.83529411764706;7.63;6.9;7.5275;8.04;7.02;6.90428571428572;7.68461538461539;7.69714285714286;7.87;7.83142857142857;8.21666666666667
07.07.06;;6.8;7.67545454545455;6.86294117647059;7.645;6.9;7.51;8.04;7.02;6.91;7.67692307692308;7.69571428571429;7.9;7.82571428571429;8.22
08.07.06;;7.0;7.69363636363636;6.89058823529412;7.66;6.9;7.5625;8.003;7.02;6.87142857142857;7.66923076923077;7.69428571428572;7.93;7.82;8.216
09.07.06;;7.2;7.71181818181818;6.91823529411765;7.675;6.9;7.615;7.966;7.07333333333333;6.83285714285714;7.66153846153846;7.69285714285714;7.96;7.84285714285714;8.212
10.07.06;;7.4;7.73;6.94588235294118;7.69;6.9;7.6675;7.929;7.12666666666667;6.79428571428571;7.65384615384615;7.69142857142857;7.87857142857143;7.86571428571429;8.208
11.07.06;;7.4;7.735;6.97352941176471;7.622;6.9;7.72;7.892;7.18;6.75571428571429;7.64615384615385;7.69;7.79714285714286;7.88857142857143;8.204
12.07.06;;7.4;7.74;7.00117647058824;7.554;6.93684210526316;7.69285714285714;7.855;7.23333333333333;6.71714285714286;7.63846153846154;7.69571428571429;7.71571428571429;7.91142857142857;8.2
13.07.06;;7.4;7.745;7.02882352941177;7.486;6.97368421052632;7.66571428571429;7.818;7.28666666666667;6.67857142857143;7.63076923076923;7.70142857142857;7.63428571428571;7.93428571428572;8.2
14.07.06;;7.4;7.75;7.05647058823529;7.418;7.01052631578947;7.63857142857143;7.781;7.34;6.64;7.62307692307692;7.70714285714286;7.55285714285714;7.95714285714286;8.2
15.07.06;;7.4;7.75;7.08411764705882;7.35;7.04736842105263;7.61142857142857;7.744;7.31333333333333;6.64;7.61538461538462;7.71285714285714;7.47142857142857;7.98;8.2
16.07.06;;7.4;7.75;7.11176470588235;7.36;7.08421052631579;7.58428571428571;7.707;7.28666666666667;6.64;7.60769230769231;7.71857142857143;7.39;7.98;8.2
17.07.06;;7.4;7.75;7.13941176470588;7.37;7.12105263157895;7.55714285714286;7.67;7.26;6.64;7.6;7.72428571428572;7.43428571428571;7.98;8.2
18.07.06;;7.4;7.75;7.16705882352941;7.38;7.15789473684211;7.53;7.66615384615385;7.23333333333333;6.64;7.64714285714286;7.73;7.47857142857143;7.98;8.2
19.07.06;;7.5;7.75;7.19470588235294;7.39;7.19473684210526;7.551;7.66230769230769;7.20666666666667;6.64;7.69428571428571;7.725;7.52285714285714;7.98;8.2
20.07.06;;7.5;7.75;7.22235294117647;7.4;7.23157894736842;7.572;7.65846153846154;7.18;6.64;7.74142857142857;7.72;7.56714285714286;7.98;8.2
21.07.06;;7.4;7.75;7.25;7.42;7.26842105263158;7.593;7.65461538461539;7.19666666666667;6.64;7.78857142857143;7.715;7.61142857142857;7.98;8.2
22.07.06;;7.4;7.7525;7.27333333333333;7.44;7.30526315789474;7.614;7.65076923076923;7.21333333333333;6.619;7.83571428571429;7.71;7.65571428571429;7.98875;8.246
23.07.06;;7.3;7.755;7.29666666666667;7.46;7.3421052631579;7.635;7.64692307692308;7.23;6.598;7.88285714285714;7.705;7.7;7.9975;8.292
24.07.06;;7.3;7.7575;7.32;7.48;7.37894736842105;7.656;7.64307692307692;7.24666666666667;6.577;7.93;7.7;7.71166666666667;8.00625;8.338
25.07.06;;7.3;7.76;7.34333333333333;7.5;7.41578947368421;7.677;7.63923076923077;7.26333333333333;6.556;7.925;7.7;7.72333333333333;8.015;8.384
26.07.06;;7.3;7.7625;7.36666666666667;7.5;7.45263157894737;7.698;7.63538461538462;7.28;6.535;7.92;7.7;7.735;8.02375;8.43
27.07.06;;7.3;7.765;7.39;7.5;7.48947368421053;7.719;7.63153846153846;7.295;6.514;7.915;7.7;7.74666666666667;8.0325;8.416
28.07.06;;7.3;7.7675;7.41333333333333;7.5;7.52631578947369;7.74;7.62769230769231;7.31;6.493;7.91;7.7;7.75833333333333;8.04125;8.402
29.07.06;;7.3;7.77;7.43666666666667;7.5;7.56315789473684;7.74;7.62384615384615;7.325;6.472;7.905;7.7;7.77;8.05;8.388
30.07.06;;7.3;7.7725;7.46;7.5;7.6;7.74;7.62;7.34;6.451;7.9;7.7;7.75375;8.06285714285714;8.374
31.07.06;;7.3;7.775;7.48333333333333;7.5;7.58571428571429;7.74;7.6445;7.355;6.43;7.895;7.7;7.7375;8.07571428571429;8.36
01.08.06;;7.3;7.7775;7.50666666666667;7.5;7.57142857142857;7.74;7.669;7.37;6.52625;7.89;7.71777777777778;7.72125;8.08857142857143;8.346
02.08.06;;7.4;7.78;7.53;7.5;7.55714285714286;7.76;7.6935;7.385;6.6225;7.885;7.73555555555556;7.705;8.10142857142857;8.332
03.08.06;;7.4;7.7825;7.53217391304348;7.5;7.54285714285714;7.78;7.718;7.4;6.71875;7.88;7.75333333333333;7.68875;8.11428571428571;8.318
04.08.06;;7.4;7.785;7.53434782608696;7.5;7.52857142857143;7.8;7.7425;7.4;6.815;7.875;7.77111111111111;7.6725;8.12714285714286;8.304
05.08.06;;7.4;7.7875;7.53652173913044;7.5;7.51428571428571;7.8;7.767;7.4;6.91125;7.87;7.78888888888889;7.65625;8.14;8.29
06.08.06;;7.3;7.79;7.53869565217391;7.5;7.5;7.8;7.7915;7.4;7.0075;7.865;7.80666666666667;7.64;8.13285714285714;8.29857142857143
07.08.06;;7.3;7.8175;7.54086956521739;7.5;7.48571428571429;7.8;7.816;7.4;7.10375;7.86;7.82444444444444;7.64;8.12571428571429;8.30714285714286
08.08.06;;7.4;7.845;7.54304347826087;7.5;7.47142857142857;7.8;7.8405;7.4;7.2;7.855;7.84222222222222;7.64;8.11857142857143;8.31571428571429
09.08.06;;7.5;7.8725;7.54521739130435;7.5;7.45714285714286;7.8;7.865;7.4;7.2;7.85;7.86;7.64;8.11142857142857;8.32428571428571
10.08.06;;7.6;7.9;7.54739130434783;7.5;7.44285714285714;7.8;7.8895;7.4;7.2;7.825;7.845;7.64;8.10428571428571;8.33285714285714
11.08.06;;7.6;7.90666666666667;7.5495652173913;7.56666666666667;7.42857142857143;7.8;7.914;7.4;7.2;7.8;7.83;7.64;8.09714285714286;8.34142857142857
12.08.06;;7.6;7.91333333333333;7.55173913043478;7.63333333333333;7.41428571428572;7.8;7.9385;7.38666666666667;7.21666666666667;7.775;7.815;7.64;8.09;8.35
13.08.06;;7.5;7.92;7.55391304347826;7.7;7.4;7.8;7.963;7.37333333333333;7.23333333333333;7.75;7.8;7.644;8.11285714285714;8.34166666666667
14.08.06;;7.5;7.92666666666667;7.55608695652174;7.67272727272727;7.4;7.8;7.9875;7.36;7.25;7.757;7.785;7.648;8.13571428571429;8.33333333333333
15.08.06;;7.5;7.93333333333333;7.55826086956522;7.64545454545455;7.4;7.8;8.012;7.34666666666667;7.26666666666667;7.764;7.77;7.652;8.15857142857143;8.325
16.08.06;;7.5;7.94;7.5604347826087;7.61818181818182;7.4;7.8;8.0365;7.33333333333333;7.28333333333333;7.771;7.755;7.656;8.18142857142857;8.31666666666667
17.08.06;;7.5;7.94071428571429;7.56260869565217;7.59090909090909;7.37;7.8;8.061;7.32;7.3;7.778;7.74;7.66;8.20428571428571;8.30833333333333
18.08.06;;7.5;7.94142857142857;7.56478260869565;7.56363636363636;7.34;7.8;8.0855;7.35;7.36;7.785;7.725;7.68222222222222;8.22714285714286;8.3
19.08.06;;7.5;7.94214285714286;7.56695652173913;7.53636363636364;7.31;7.81428571428571;8.11;7.38;7.42;7.792;7.71;7.70444444444444;8.25;8.3125
20.08.06;;7.4;7.94285714285714;7.56913043478261;7.50909090909091;7.28;7.82857142857143;8.12;7.38;7.48;7.799;7.72666666666667;7.72666666666667;8.22714285714286;8.325
21.08.06;;7.3;7.94357142857143;7.57130434782609;7.48181818181818;7.25;7.84285714285714;8.13;7.38;7.54;7.806;7.74333333333333;7.74888888888889;8.20428571428571;8.3375
22.08.06;;7.4;7.94428571428572;7.57347826086957;7.45454545454545;7.22;7.85714285714286;8.14;7.38;7.6;7.813;7.76;7.77111111111111;8.18142857142857;8.35
23.08.06;;7.5;7.945;7.57565217391304;7.42727272727273;7.19;7.87142857142857;8.15;7.38;7.66;7.82;7.73;7.79333333333333;8.15857142857143;8.3625
24.08.06;;7.6;7.94571428571429;7.57782608695652;7.4;7.16;7.88571428571429;8.16;7.38;7.52;7.83166666666667;7.7;7.81555555555556;8.13571428571429;8.375
25.08.06;;7.5;7.94642857142857;7.58;;7.13;7.9;8.17;7.49;7.38;7.84333333333333;7.67;7.83777777777778;8.11285714285714;8.3875
26.08.06;;7.5;7.94714285714286;7.56;;7.1;7.88;8.18;7.6;7.31;7.855;7.64;7.86;8.09;8.4
27.08.06;;7.4;7.94785714285714;7.54;;7.16666666666667;7.86;8.19;7.53833333333333;7.24;7.86666666666667;7.61;7.86;8.1;8.3875
28.08.06;;7.4;7.94857142857143;7.52;;7.23333333333333;7.84;8.2;7.47666666666667;7.17;7.87833333333333;7.58;7.86;8.11;8.375
29.08.06;;7.5;7.94928571428572;7.5;;7.3;7.82;8.191;7.415;7.1;7.89;7.55;7.86;8.12;8.3625
30.08.06;;7.6;7.95;7.48;;7.3;7.827;8.182;7.35333333333333;7.03;7.89076923076923;7.52;7.86;8.13;8.35
31.08.06;;7.7;7.950625;7.46;;7.3;7.834;8.173;7.29166666666667;7.265;7.89153846153846;7.55166666666667;7.86;8.14;8.37571428571429
01.09.06;;7.7;7.95125;7.44;;7.3;7.841;8.164;7.23;7.5;7.89230769230769;7.58333333333333;7.86;8.1625;8.40142857142857
02.09.06;;7.6;7.951875;7.46461538461539;;7.3;7.848;8.155;7.26;7.486;7.89307692307692;7.615;7.86;8.185;8.42714285714286
03.09.06;;7.6;7.9525;7.48923076923077;;7.3;7.855;8.146;7.29;7.472;7.89384615384615;7.64666666666667;7.86;8.2075;8.45285714285714
04.09.06;;7.6;7.953125;7.51384615384615;;7.3;7.862;8.137;7.32;7.458;7.89461538461539;7.67833333333333;7.86;8.23;8.47857142857143
05.09.06;;7.6;7.95375;7.53846153846154;;7.3;7.869;8.128;7.35;7.444;7.89538461538462;7.71;7.86;8.2525;8.50428571428571
06.09.06;;7.6;7.954375;7.56307692307692;;7.3;7.876;8.119;7.38;7.43;7.89615384615385;7.71037037037037;7.86;8.275;8.53
07.09.06;;7.5;7.955;7.58769230769231;;7.3;7.883;8.11;7.41;7.416;7.89692307692308;7.71074074074074;7.86;8.2975;8.53
08.09.06;;7.5;7.955625;7.61230769230769;;7.3;7.89;8.12714285714286;7.44;7.402;7.89769230769231;7.71111111111111;7.86;8.32;8.53
09.09.06;;7.5;7.95625;7.63692307692308;;7.3;7.87818181818182;8.14428571428571;7.42230769230769;7.388;7.89846153846154;7.71148148148148;7.86;8.32166666666667;8.53
10.09.06;;7.5;7.956875;7.66153846153846;;7.26666666666667;7.86636363636364;8.16142857142857;7.40461538461539;7.374;7.89923076923077;7.71185185185185;7.86318181818182;8.32333333333333;8.53
11.09.06;;7.5;7.9575;7.68615384615385;;7.23333333333333;7.85454545454545;8.17857142857143;7.38692307692308;7.36;7.9;7.71222222222222;7.86636363636364;8.325;8.53
12.09.06;;7.5;7.958125;7.71076923076923;;7.2;7.84272727272727;8.19571428571429;7.36923076923077;7.40666666666667;7.86428571428572;7.71259259259259;7.86954545454546;8.32666666666667;8.53
13.09.06;;7.5;7.95875;7.73538461538462;;7.2;7.83090909090909;8.21285714285714;7.35153846153846;7.45333333333333;7.82857142857143;7.71296296296296;7.87272727272727;8.32833333333333;8.53
14.09.06;;7.5;7.959375;7.76;;7.2;7.81909090909091;8.23;7.33384615384615;7.5;7.79285714285714;7.71333333333333;7.87590909090909;8.33;8.53
15.09.06;;7.5;7.96;7.75684210526316;;7.2;7.80727272727273;8.24714285714286;7.31615384615385;7.48769230769231;7.75714285714286;7.7137037037037;7.87909090909091;8.33166666666667;8.53
16.09.06;;7.5;7.96166666666667;7.75368421052632;;7.2;7.79545454545455;8.26428571428571;7.29846153846154;7.47538461538462;7.72142857142857;7.71407407407407;7.88227272727273;8.33333333333333;8.53
17.09.06;;7.5;7.96333333333333;7.75052631578947;;7.2;7.78363636363636;8.28142857142857;7.28076923076923;7.46307692307692;7.68571428571429;7.71444444444444;7.88545454545455;8.335;8.53
18.09.06;;7.5;7.965;7.74736842105263;;7.2;7.77181818181818;8.29857142857143;7.26307692307692;7.45076923076923;7.65;7.71481481481481;7.88863636363636;8.33666666666667;8.504375
19.09.06;;7.5;7.96666666666667;7.74421052631579;;7.2;7.76;8.31571428571429;7.24538461538462;7.43846153846154;7.66555555555556;7.71518518518519;7.89181818181818;8.33833333333333;8.47875
20.09.06;;7.5;7.96833333333333;7.74105263157895;;7.25;7.76647058823529;8.33285714285714;7.22769230769231;7.42615384615385;7.68111111111111;7.71555555555556;7.895;8.34;8.453125
21.09.06;;7.5;7.97;7.73789473684211;;7.3;7.77294117647059;8.35;7.21;7.41384615384615;7.69666666666667;7.71592592592593;7.89818181818182;8.324;8.4275
22.09.06;;7.5;7.954;7.73473684210526;;7.35;7.77941176470588;8.34857142857143;7.19230769230769;7.40153846153846;7.71222222222222;7.7162962962963;7.90136363636364;8.308;8.401875
23.09.06;;7.4;7.938;7.73157894736842;;7.4;7.78588235294118;8.34714285714286;7.17461538461539;7.38923076923077;7.72777777777778;7.71666666666667;7.90454545454545;8.292;8.37625
24.09.06;;7.4;7.922;7.72842105263158;;7.37777777777778;7.79235294117647;8.34571428571429;7.15692307692308;7.37692307692308;7.74333333333333;7.71703703703704;7.90772727272727;8.276;8.350625
25.09.06;;7.5;7.906;7.72526315789474;;7.35555555555556;7.79882352941177;8.34428571428571;7.13923076923077;7.36461538461539;7.75888888888889;7.71740740740741;7.91090909090909;8.26;8.325
26.09.06;;7.6;7.89;7.7221052631579;;7.33333333333333;7.80529411764706;8.34285714285714;7.12153846153846;7.35230769230769;7.77444444444445;7.71777777777778;7.91409090909091;8.244;8.299375
27.09.06;;7.6;7.874;7.71894736842105;;7.31111111111111;7.81176470588235;8.34142857142857;7.10384615384615;7.34;7.79;7.71814814814815;7.91727272727273;8.228;8.27375
28.09.06;;7.7;7.858;7.71578947368421;;7.28888888888889;7.81823529411765;8.34;7.08615384615385;7.33333333333333;7.79615384615385;7.71851851851852;7.92045454545455;8.212;8.248125
29.09.06;;7.7;7.842;7.71263157894737;;7.26666666666667;7.82470588235294;8.33857142857143;7.06846153846154;7.32666666666667;7.80230769230769;7.71888888888889;7.92363636363636;8.196;8.2225
30.09.06;;7.7;7.826;7.70947368421053;;7.24444444444445;7.83117647058824;8.33714285714286;7.05076923076923;7.32;7.80846153846154;7.71925925925926;7.92681818181818;8.18;8.196875
01.10.06;;7.6;7.81;7.70631578947369;;7.22222222222222;7.83764705882353;8.33571428571429;7.03307692307692;7.31333333333333;7.81461538461539;7.71962962962963;7.93;8.19142857142857;8.17125
02.10.06;7.6;7.6;7.81714285714286;7.70315789473684;;7.2;7.84411764705882;8.33428571428572;7.01538461538462;7.30666666666667;7.82076923076923;7.72;7.94285714285714;8.20285714285714;8.145625
03.10.06;7.6;7.6;7.82428571428571;7.7;;7.2;7.85058823529412;8.33285714285714;6.99769230769231;7.3;7.82692307692308;7.7;7.95571428571429;8.21428571428571;8.12
04.10.06;7.6;7.6;7.83142857142857;7.66;;7.2;7.85705882352941;8.33142857142857;6.98;7.3;7.83307692307692;7.68;7.96857142857143;8.22571428571429;8.13
05.10.06;7.6;7.6;7.83857142857143;7.62;;7.2;7.86352941176471;8.33;7.025;7.3;7.83923076923077;7.66;7.98142857142857;8.23714285714286;8.14
06.10.06;7.5;7.5;7.84571428571429;7.622;;7.2;7.87;8.31;7.07;7.3;7.84538461538462;7.64;7.99428571428571;8.24857142857143;8.15
07.10.06;7.5;7.5;7.85285714285714;7.624;;7.2;7.775;8.29;7.115;7.3;7.85153846153846;7.62;8.00714285714286;8.26;8.16
08.10.06;7.5;7.4;7.86;7.626;;7.175;7.68;8.27;7.16;7.3;7.85769230769231;7.6;8.02;8.263;8.17
09.10.06;7.5;7.4;7.86714285714286;7.628;;7.15;7.68;8.25;7.205;7.3;7.86384615384615;7.58;8.02;8.266;8.18
10.10.06;7.5;7.4;7.87428571428571;7.63;;7.125;7.68;8.23;7.25;7.3;7.87;7.56;8.02;8.269;8.19
11.10.06;7.5;7.4;7.88142857142857;7.632;;7.1;7.68;8.21;7.23333333333333;7.28857142857143;7.85625;7.52714285714286;8.02;8.272;8.2
12.10.06;7.5;7.4;7.88857142857143;7.634;6.5;7.1;7.68;8.19;7.21666666666667;7.27714285714286;7.8425;7.49428571428571;8.02;8.275;8.21
13.10.06;7.5;7.4;7.89571428571429;7.636;6.495;7.1;7.68;8.17;7.2;7.26571428571429;7.82875;7.46142857142857;8.02;8.278;8.22
14.10.06;7.5;7.4;7.90285714285714;7.638;6.49;7.1;7.68;8.15;7.18333333333333;7.25428571428571;7.815;7.42857142857143;8.02;8.281;8.22333333333333
15.10.06;7.5;7.4;7.91;7.64;6.485;7.1;7.68;8.13;7.16666666666667;7.24285714285714;7.80125;7.39571428571429;8.02;8.284;8.22666666666667
16.10.06;7.5;7.4;7.91714285714286;7.642;6.48;7.1;7.68;8.11;7.15;7.23142857142857;7.7875;7.36285714285714;7.99857142857143;8.287;8.23
17.10.06;7.5;7.4;7.92428571428571;7.644;6.475;7.1;7.68;8.09;7.13333333333333;7.22;7.77375;7.33;7.97714285714286;8.29;8.23333333333333
18.10.06;7.4;7.4;7.93142857142857;7.646;6.47;7.1;7.628;8.07;7.11666666666667;7.20857142857143;7.76;7.32428571428572;7.95571428571429;8.293;8.23666666666667
19.10.06;7.4;7.3;7.93857142857143;7.648;6.465;7.1;7.576;8.05;7.1;7.19714285714286;7.75625;7.31857142857143;7.93428571428571;8.296;8.24
20.10.06;7.3;7.3;7.94571428571429;7.65;6.46;7.1;7.524;8.03;7.1;7.18571428571429;7.7525;7.31285714285714;7.91285714285714;8.299;8.24333333333333
21.10.06;7.3;7.3;7.95285714285714;7.63461538461539;6.455;7.1;7.472;8.01;7.1;7.17428571428571;7.74875;7.30714285714286;7.89142857142857;8.302;8.24666666666667
22.10.06;7.2;7.3;7.96;7.61923076923077;6.45;7.1;7.42;7.99;7.1;7.16285714285714;7.745;7.30142857142857;7.87;8.305;8.25
23.10.06;7.2;7.3;7.94545454545455;7.60384615384615;6.445;7.1;7.368;7.97;7.1;7.15142857142857;7.74125;7.29571428571429;7.886;8.308;8.25333333333333
24.10.06;7.1;7.3;7.93090909090909;7.58846153846154;6.44;7.1;7.316;7.95;7.1;7.14;7.7375;7.29;7.902;8.311;8.25666666666667
25.10.06;7.1;7.3;7.91636363636364;7.57307692307692;6.435;7.1;7.264;7.93;7.1;7.14333333333333;7.73375;7.28666666666667;7.918;8.314;8.26
26.10.06;7.2;7.2;7.90181818181818;7.55769230769231;6.43;7.1;7.212;7.91;7.1;7.14666666666667;7.73;7.28333333333333;7.934;8.317;8.23857142857143
27.10.06;7.2;7.2;7.88727272727273;7.54230769230769;6.425;7.1;7.16;7.89;7.1;7.15;7.75166666666667;7.28;7.95;8.32;8.21714285714286
28.10.06;7.3;7.2;7.87272727272727;7.52692307692308;6.42;7.1;7.17266666666667;7.87;7.1;7.15333333333333;7.77333333333333;7.27666666666667;7.93333333333333;8.30866666666667;8.19571428571429
29.10.06;7.4;7.2;7.85818181818182;7.51153846153846;6.415;7.07;7.18533333333333;7.85;7.1;7.15666666666667;7.795;7.27333333333333;7.91666666666667;8.29733333333333;8.17428571428571
30.10.06;7.6;7.2;7.84363636363636;7.49615384615385;6.41;7.04;7.198;7.82857142857143;7.1;7.16;7.81666666666667;7.27;7.9;8.286;8.15285714285714
31.10.06;7.5;7.2;7.82909090909091;7.48076923076923;6.405;7.01;7.21066666666667;7.80714285714286;7.1;7.225;7.83833333333333;7.28375;7.88333333333333;8.27466666666667;8.13142857142857
01.11.06;7.5;7.2;7.81454545454545;7.46538461538462;6.4;7.02285714285714;7.22333333333333;7.78571428571429;7.1;7.29;7.86;7.2975;7.86666666666667;8.26333333333333;8.11
02.11.06;7.4;7.2;7.8;7.45;6.40909090909091;7.03571428571429;7.236;7.76428571428571;7.1;7.26142857142857;7.825;7.31125;7.85;8.252;8.1175
03.11.06;7.3;7.2;7.79538461538462;7.45;6.41818181818182;7.04857142857143;7.24866666666667;7.74285714285714;7.07714285714286;7.23285714285714;7.79;7.325;7.83333333333333;8.24066666666667;8.125
04.11.06;7.2;7.2;7.79076923076923;7.45;6.42727272727273;7.06142857142857;7.26133333333333;7.72142857142857;7.05428571428571;7.20428571428572;7.755;7.33875;7.81666666666667;8.22933333333334;8.1325
05.11.06;7.1;7.3;7.78615384615385;7.45;6.43636363636364;7.07428571428571;7.274;7.7;7.03142857142857;7.17571428571429;7.72;7.3525;7.8;8.218;8.14
06.11.06;7.0;7.3;7.78153846153846;7.45;6.44545454545455;7.08714285714286;7.28666666666667;7.7;7.00857142857143;7.14714285714286;7.685;7.36625;7.795;8.20666666666667;8.1475
07.11.06;7.0;7.3;7.77692307692308;7.45;6.45454545454546;7.1;7.29933333333333;7.7;6.98571428571429;7.11857142857143;7.65;7.38;7.79;8.19533333333333;8.155
08.11.06;7.0;7.3;7.77230769230769;7.43833333333333;6.46363636363636;7.125;7.312;7.7;6.96285714285714;7.09;7.63375;7.346;7.785;8.184;8.1625
09.11.06;7.0;7.3;7.76769230769231;7.42666666666667;6.47272727272727;7.15;7.32466666666667;7.7;6.94;7.08714285714286;7.6175;7.312;7.78;8.17266666666667;8.17
10.11.06;7.0;7.3;7.76307692307692;7.415;6.48181818181818;7.175;7.33733333333333;7.7;6.91904761904762;7.08428571428571;7.60125;7.278;7.775;8.16133333333333;8.17
11.11.06;7.0;7.3;7.75846153846154;7.40333333333333;6.49090909090909;7.2;7.35;7.7;6.89809523809524;7.08142857142857;7.585;7.244;7.77;8.15;8.17
12.11.06;6.9;7.3;7.75384615384615;7.39166666666667;6.5;7.2;7.328;7.7;6.87714285714286;7.07857142857143;7.56875;7.21;7.72375;8.125;8.17
13.11.06;6.9;7.3;7.74923076923077;7.38;6.49444444444444;7.2;7.306;7.69285714285714;6.85619047619048;7.07571428571429;7.5525;7.17285714285714;7.6775;8.1;8.17
14.11.06;6.9;7.3;7.74461538461538;7.36666666666667;6.48888888888889;7.2;7.284;7.68571428571429;6.8352380952381;7.07285714285714;7.53625;7.13571428571429;7.63125;8.075;8.17
15.11.06;7.0;7.3;7.74;7.35333333333333;6.48333333333333;7.18333333333333;7.262;7.67857142857143;6.81428571428571;7.07;7.52;7.09857142857143;7.585;8.05;8.17
16.11.06;7.0;7.4;7.73142857142857;7.34;6.47777777777778;7.16666666666667;7.24;7.67142857142857;6.79333333333333;7.07714285714286;7.51272727272727;7.06142857142857;7.53875;8.025;8.17
17.11.06;7.1;7.4;7.72285714285714;7.32666666666667;6.47222222222222;7.15;7.218;7.66428571428572;6.77238095238095;7.08428571428571;7.50545454545455;7.02428571428571;7.4925;8;8.145
18.11.06;7.1;7.4;7.71428571428571;7.31333333333333;6.46666666666667;7.13333333333333;7.196;7.65714285714286;6.75142857142857;7.09142857142857;7.49818181818182;6.98714285714286;7.44625;7.98;8.12
19.11.06;7.1;7.3;7.70571428571429;7.3;6.46111111111111;7.11666666666667;7.174;7.65;6.73047619047619;7.09857142857143;7.49090909090909;6.95;7.4;7.96;8.095
20.11.06;7.1;7.3;7.69714285714286;7.27;6.45555555555556;7.1;7.152;7.64285714285714;6.70952380952381;7.10571428571429;7.48363636363636;6.94333333333333;7.38857142857143;7.94;8.07
21.11.06;7.1;7.3;7.68857142857143;7.24;6.45;7.1;7.13;7.63571428571429;6.68857142857143;7.11285714285714;7.47636363636364;6.93666666666667;7.37714285714286;7.92;8.045
22.11.06;7.2;7.3;7.68;7.21;6.44444444444445;7.1;7.108;7.62857142857143;6.66761904761905;7.12;7.46909090909091;6.93;7.36571428571429;7.9;8.02
23.11.06;7.2;7.3;7.68;7.18;6.43888888888889;7.1;7.086;7.62142857142857;6.64666666666667;7.0925;7.46181818181818;6.92333333333333;7.35428571428572;7.88;7.995
24.11.06;7.2;7.2;7.68;7.15;6.43333333333333;7.1;7.064;7.61428571428571;6.62571428571429;7.065;7.45454545454546;6.91666666666667;7.34285714285714;7.84285714285714;7.97
25.11.06;7.2;7.2;7.68;7.12;6.42777777777778;7.1;7.042;7.60714285714286;6.6047619047619;7.0375;7.44727272727273;6.91;7.33142857142857;7.80571428571429;7.92
26.11.06;7.2;7.2;7.68;7.12;6.42222222222222;7.1;7.02;7.6;6.58380952380952;7.01;7.44;6.90333333333333;7.32;7.76857142857143;7.87
27.11.06;7.2;7.2;7.61;7.12;6.41666666666667;7.1;7.0025;7.575;6.56285714285714;6.9825;7.405;6.89666666666667;7.29;7.73142857142857;7.82
28.11.06;7.2;7.1;7.54;7.12;6.41111111111111;7.1;6.985;7.55;6.54190476190476;6.955;7.37;6.89;7.26;7.69428571428571;7.77
29.11.06;7.2;7.1;7.47;7.12;6.40555555555556;7.1;6.9675;7.525;6.52095238095238;6.9275;7.335;6.87;7.23;7.65714285714286;7.72
30.11.06;7.2;7.1;7.4;7.12;6.4;7.1;6.95;7.5;6.5;6.9;7.3;6.85;7.2;7.62;7.67