01.12.05;136;;128;111;175;66;89;143;122;127;87;145;70;105;124
02.12.05;136;;121.333333333333;111.25;170.75;67;91.25;146.5;121;128;87.625;145.333333333333;71;100;123.785714285714
03.12.05;136;91.0;114.666666666667;111.5;166.5;69;93.5;150;120.153846153846;127.454545454545;88.25;145.666666666667;72;95;123.571428571429
04.12.05;136;90.2;108;111.75;162.25;71;95.75;153.5;119.307692307692;126.909090909091;88.875;146;73;103.833333333333;123.357142857143
05.12.05;137.166666666667;89.3;101.333333333333;112;158;73.4444444444444;98;157;118.461538461538;126.363636363636;89.5;146.333333333333;74;112.666666666667;123.142857142857
06.12.05;138.333333333333;88.5;94.6666666666667;112.25;156.117647058824;75.8888888888889;98.375;158.333333333333;117.615384615385;125.818181818182;90.125;146.666666666667;75;121.5;122.928571428571
07.12.05;139.5;87.7;88;112.5;154.235294117647;78.3333333333333;98.75;159.666666666667;116.769230769231;125.272727272727;90.75;147;83.8;130.333333333333;122.714285714286
08.12.05;140.666666666667;86.8;78;112.75;152.352941176471;80.7777777777778;99.125;161;115.923076923077;124.727272727273;91.375;147.333333333333;92.6;139.166666666667;122.5
09.12.05;141.833333333333;86.0;68;113;150.470588235294;83.2222222222222;99.5;162.333333333333;115.076923076923;124.181818181818;92;147.666666666667;101.4;148;122.285714285714
10.12.05;143;83.2;69.6315789473684;;148.588235294118;85.6666666666666;99.875;163.666666666667;114.230769230769;123.636363636364;92.625;148;110.2;148.875;122.071428571429
11.12.05;143.142857142857;80.3;71.2631578947368;;146.705882352941;88.1111111111111;100.25;165;113.384615384615;123.090909090909;93.25;148.333333333333;119;149.75;121.857142857143
12.12.05;143.285714285714;77.5;72.8947368421053;;144.823529411765;90.5555555555555;100.625;164.166666666667;112.538461538462;122.545454545455;93.875;148.666666666667;119;150.625;121.642857142857
13.12.05;143.428571428571;74.7;74.5263157894737;;142.941176470588;93;101;163.333333333333;111.692307692308;122;94.5;149;119;151.5;121.428571428571
14.12.05;143.571428571429;71.8;76.1578947368421;;141.058823529412;95.4117647058824;101.538461538462;162.5;110.846153846154;121.566666666667;95.125;148.166666666667;119;152.375;121.214285714286
15.12.05;143.714285714286;69.0;77.7894736842105;;139.176470588235;97.8235294117647;102.076923076923;161.666666666667;110;121.133333333333;95.75;147.333333333333;119;153.25;121
16.12.05;143.857142857143;69.0;79.421052631579;;137.294117647059;100.235294117647;102.615384615385;160.833333333333;110;120.7;96.375;146.5;119;154.125;121.416666666667
17.12.05;144;69.0;81.0526315789474;;135.411764705882;102.647058823529;103.153846153846;160;110;120.266666666667;97;145.666666666667;119;155;121.833333333333
18.12.05;144.285714285714;69.0;82.6842105263158;;133.529411764706;105.058823529412;103.692307692308;157.875;110;119.833333333333;93.6363636363636;144.833333333333;119;155.181818181818;122.25
19.12.05;144.571428571429;69.0;84.3157894736842;;131.647058823529;107.470588235294;104.230769230769;155.75;110;119.4;90.2727272727273;144;115.857142857143;155.363636363636;122.666666666667
20.12.05;144.857142857143;69.0;85.9473684210526;;129.764705882353;109.882352941176;104.769230769231;153.625;110;118.966666666667;86.9090909090909;139.5;112.714285714286;155.545454545455;123.083333333333
21.12.05;145.142857142857;69.0;87.578947368421;;127.882352941176;112.294117647059;105.307692307692;151.5;110;118.533333333333;83.5454545454546;135;109.571428571429;155.727272727273;123.5
22.12.05;145.428571428571;69.0;89.2105263157895;;126;114.705882352941;105.846153846154;149.375;110;118.1;80.1818181818182;130.5;106.428571428571;155.909090909091;123.916666666667
23.12.05;145.714285714286;69.0;90.8421052631579;;126.153846153846;117.117647058824;106.384615384615;147.25;110;117.666666666667;76.8181818181818;126;103.285714285714;156.090909090909;124.333333333333
24.12.05;146;69.0;92.4736842105263;;126.307692307692;119.529411764706;106.923076923077;145.125;110.952380952381;117.233333333333;73.4545454545455;121.5;100.142857142857;156.272727272727;124.75
25.12.05;147;69.0;94.1052631578947;;126.461538461538;121.941176470588;107.461538461538;143;111.904761904762;116.8;70.0909090909091;117;97;156.454545454545;125.166666666667
26.12.05;148;77.6;95.7368421052631;;126.615384615385;124.352941176471;108;143;112.857142857143;116.366666666667;66.7272727272728;112.5;97.6;156.636363636364;125.583333333333
27.12.05;149;86.2;97.3684210526316;;126.769230769231;126.764705882353;108.714285714286;143;113.809523809524;115.933333333333;63.3636363636364;108;98.2;156.818181818182;126
28.12.05;150;94.8;99;;126.923076923077;129.176470588235;109.428571428571;143;114.761904761905;115.5;60;109.866666666667;98.8;157;126.125
29.12.05;151;103.4;99.4117647058824;;127.076923076923;131.588235294118;110.142857142857;143;115.714285714286;115.066666666667;60.8333333333334;111.733333333333;99.4;154.117647058824;126.25
30.12.05;151.538461538462;112.0;99.8235294117647;;127.230769230769;134;110.857142857143;143;116.666666666667;114.633333333333;61.6666666666667;113.6;100;151.235294117647;126.375
31.12.05;152.076923076923;115.1;100.235294117647;;127.384615384615;134.333333333333;111.571428571429;143;117.619047619048;114.2;62.5;115.466666666667;100.6;148.352941176471;126.5
01.01.06;152.615384615385;118.2;100.647058823529;;127.538461538462;134.666666666667;112.285714285714;143;118.571428571429;113.766666666667;63.3333333333334;117.333333333333;101.2;145.470588235294;126.625
02.01.06;153.153846153846;121.3;101.058823529412;;127.692307692308;135;113;143;119.52380952381;113.333333333333;64.1666666666667;119.2;101.8;142.588235294118;126.75
03.01.06;153.692307692308;124.3;101.470588235294;;127.846153846154;135.333333333333;113.714285714286;143;120.47619047619;112.9;65;121.066666666667;102.4;139.705882352941;126.875
04.01.06;154.230769230769;127.4;101.882352941176;;128;135.666666666667;114.428571428571;143;121.428571428571;112.466666666667;65.8333333333333;122.933333333333;103;136.823529411765;127
05.01.06;154.769230769231;130.5;102.294117647059;;128.153846153846;136;115.142857142857;143;122.380952380952;112.033333333333;66.6666666666667;124.8;103.6;133.941176470588;127.125
06.01.06;155.307692307692;133.6;102.705882352941;;128.307692307692;136.333333333333;115.857142857143;143;123.333333333333;111.6;67.5;126.666666666667;104.2;131.058823529412;127.25
07.01.06;155.846153846154;136.7;103.117647058824;;128.461538461538;136.666666666667;116.571428571429;143;124.285714285714;111.166666666667;68.3333333333333;128.533333333333;104.8;128.176470588235;127.375
08.01.06;156.384615384615;139.8;103.529411764706;;128.615384615385;137;117.285714285714;143;125.238095238095;110.733333333333;69.1666666666667;130.4;105.4;125.294117647059;127.5
09.01.06;156.923076923077;142.8;103.941176470588;;128.769230769231;137.333333333333;118;143;126.190476190476;110.3;70;132.266666666667;106;122.411764705882;127.625
10.01.06;157.461538461538;145.9;104.352941176471;;128.923076923077;137.666666666667;114.125;143;127.142857142857;109.866666666667;70.8125;134.133333333333;106;119.529411764706;127.75
11.01.06;158;149.0;104.764705882353;;129.076923076923;138;110.25;143;128.095238095238;109.433333333333;71.625;136;106;116.647058823529;127.875
12.01.06;162.666666666667;151.8;105.176470588235;;129.230769230769;137.888888888889;106.375;143;129.047619047619;109;72.4375;133.076923076923;106;113.764705882353;128
13.01.06;167.333333333333;154.6;105.588235294118;;129.384615384615;137.777777777778;102.5;143;130;109.923076923077;73.25;130.153846153846;106;110.882352941176;128.384615384615
14.01.06;172;157.4;106;;129.538461538462;137.666666666667;98.625;143;130.888888888889;110.846153846154;74.0625;127.230769230769;106;108;128.769230769231
15.01.06;169;160.2;106.730769230769;;129.692307692308;137.555555555556;94.75;143.461538461538;131.777777777778;111.769230769231;74.875;124.307692307692;106;110.166666666667;129.153846153846
16.01.06;166;163.0;107.461538461538;;129.846153846154;137.444444444444;90.875;143.923076923077;132.666666666667;112.692307692308;75.6875;121.384615384615;107.571428571429;112.333333333333;129.538461538462
17.01.06;163;162.1;108.192307692308;;130;137.333333333333;87;144.384615384615;133.555555555556;113.615384615385;76.5;118.461538461538;109.142857142857;114.5;129.923076923077
18.01.06;160;161.3;108.923076923077;;131.064516129032;137.222222222222;85.8333333333333;144.846153846154;134.444444444444;114.538461538462;77.3125;115.538461538462;110.714285714286;116.666666666667;130.307692307692
19.01.06;157;160.4;109.653846153846;;132.129032258065;137.111111111111;84.6666666666667;145.307692307692;135.333333333333;115.461538461538;78.125;112.615384615385;112.285714285714;118.833333333333;130.692307692308
20.01.06;154;159.6;110.384615384615;;133.193548387097;137;83.5;145.769230769231;136.222222222222;116.384615384615;78.9375;109.692307692308;113.857142857143;121;131.076923076923
21.01.06;151;158.7;111.115384615385;;134.258064516129;136.888888888889;82.3333333333333;146.230769230769;137.111111111111;117.307692307692;79.75;106.769230769231;115.428571428571;123.166666666667;131.461538461538
22.01.06;151.5;157.9;111.846153846154;;135.322580645161;136.777777777778;81.1666666666667;146.692307692308;138;118.230769230769;80.5625;103.846153846154;117;125.333333333333;131.846153846154
23.01.06;152;157.0;112.576923076923;;136.387096774194;136.666666666667;80;147.153846153846;137.416666666667;119.153846153846;81.375;100.923076923077;114.125;127.5;132.230769230769
24.01.06;152.5;155.0;113.307692307692;;137.451612903226;136.555555555556;83.1818181818182;147.615384615385;136.833333333333;120.076923076923;82.1875;98;111.25;129.666666666667;132.615384615385
25.01.06;153;153.0;114.038461538462;;138.516129032258;136.444444444444;86.3636363636364;148.076923076923;136.25;121;83;98.5;108.375;131.833333333333;133
26.01.06;153.6;151.0;114.769230769231;;139.58064516129;136.333333333333;89.5454545454545;148.538461538462;135.666666666667;119.933333333333;85.4285714285714;99;105.5;134;128.888888888889
27.01.06;154.2;149.0;115.5;;140.645161290323;136.222222222222;92.7272727272727;149;135.083333333333;118.866666666667;87.8571428571429;99.5;102.625;133.222222222222;124.777777777778
28.01.06;154.8;147.0;116.230769230769;;141.709677419355;136.111111111111;95.9090909090909;153.125;134.5;117.8;90.2857142857143;100;99.75;132.444444444444;120.666666666667
29.01.06;155.4;148.4;116.961538461538;;142.774193548387;136;99.0909090909091;157.25;133.916666666667;116.733333333333;92.7142857142857;100.5;96.875;131.666666666667;116.555555555556
30.01.06;156;149.8;117.692307692308;;143.838709677419;135.5;102.272727272727;161.375;133.333333333333;115.666666666667;95.1428571428572;101;94;130.888888888889;112.444444444444
31.01.06;151.2;151.2;118.423076923077;;144.903225806452;135;105.454545454545;165.5;132.75;114.6;97.5714285714286;101.5;94.4285714285714;130.111111111111;108.333333333333
01.02.06;146.4;152.6;119.153846153846;;145.967741935484;134.5;108.636363636364;169.625;132.166666666667;113.533333333333;100;102;94.8571428571429;129.333333333333;104.222222222222
02.02.06;141.6;154.0;119.884615384615;;147.032258064516;134;111.818181818182;173.75;131.583333333333;112.466666666667;100;102.5;95.2857142857143;128.555555555556;100.111111111111
03.02.06;136.8;152.1;120.615384615385;;148.096774193548;133.5;115;177.875;131;111.4;100;103;95.7142857142857;127.777777777778;96
04.02.06;132;150.3;121.346153846154;;149.161290322581;133;117.6;182;131;110.333333333333;100;103.5;96.1428571428571;127;97.5
05.02.06;132;148.4;122.076923076923;;150.225806451613;133;120.2;178.666666666667;131;109.266666666667;100;104;96.5714285714286;126.714285714286;99
06.02.06;132;146.6;122.807692307692;;151.290322580645;133;122.8;175.333333333333;131;108.2;100;107.777777777778;97;126.428571428571;100.5
07.02.06;132;144.7;123.538461538462;;152.354838709677;133;125.4;172;131;107.133333333333;100;111.555555555556;97.8333333333333;126.142857142857;102
08.02.06;132;142.9;124.269230769231;;153.41935483871;133;128;168.666666666667;131;106.066666666667;100;115.333333333333;98.6666666666667;125.857142857143;103.5
09.02.06;132;141.0;125;;154.483870967742;133;130.6;165.333333333333;131;105;100;119.111111111111;99.5;125.571428571429;105
10.02.06;132;141.6;125.882352941176;;155.548387096774;133;133.2;162;131;107.25;98.6;122.888888888889;100.333333333333;125.285714285714;106.5
11.02.06;132.166666666667;142.2;126.764705882353;;156.612903225807;133;135.8;158.666666666667;131;109.5;97.2;126.666666666667;101.166666666667;125;108
12.02.06;132.333333333333;142.8;127.647058823529;;157.677419354839;133;138.4;155.333333333333;131;111.75;95.8;130.444444444444;102;125.4;109.5
13.02.06;132.5;143.4;128.529411764706;;158.741935483871;132.428571428571;141;152;131;114;94.4;134.222222222222;102;125.8;111
14.02.06;132.666666666667;144.0;129.411764705882;;159.806451612903;131.857142857143;140.142857142857;150.833333333333;131;116.25;93;138;102;126.2;112.5
15.02.06;132.833333333333;145.0;130.294117647059;;160.870967741936;131.285714285714;139.285714285714;149.666666666667;131;118.5;91.6;137;102;126.6;114
16.02.06;133;146.0;131.176470588235;;161.935483870968;130.714285714286;138.428571428571;148.5;131;120.75;90.2;136;102;127;115.5
17.02.06;133.166666666667;147.0;132.058823529412;;163;130.142857142857;137.571428571429;147.333333333333;131;123;88.8;135;102;125.555555555556;117
18.02.06;133.333333333333;148.0;132.941176470588;;162.76;129.571428571429;136.714285714286;146.166666666667;130;125.25;87.4;134;102;124.111111111111;118.571428571429
19.02.06;133.5;149.0;133.823529411765;;162.52;129;135.857142857143;145;129;127.5;86;133;102;122.666666666667;120.142857142857
20.02.06;133.666666666667;148.2;134.705882352941;;162.28;130.444444444444;135;144.285714285714;128;129.75;86.6875;132;102.625;121.222222222222;121.714285714286
21.02.06;133.833333333333;147.4;135.588235294118;;162.04;131.888888888889;135;143.571428571429;127;132;87.375;131;103.25;119.777777777778;123.285714285714
22.02.06;134;146.6;136.470588235294;;161.8;133.333333333333;135;142.857142857143;126;131;88.0625;130;103.875;118.333333333333;124.857142857143
23.02.06;133.166666666667;145.8;137.352941176471;;161.56;134.777777777778;135;142.142857142857;125;130;88.75;129;104.5;116.888888888889;126.428571428571
24.02.06;132.333333333333;145.0;138.235294117647;151;161.32;136.222222222222;135;141.428571428571;124;129;89.4375;128;105.125;115.444444444444;128
25.02.06;131.5;145.6;139.117647058824;151.5;161.08;137.666666666667;135;140.714285714286;123;128;90.125;127;105.75;114;127.5
26.02.06;130.666666666667;146.1;140;152;160.84;139.111111111111;135;140;122;127;90.8125;126;106.375;115.6;127
27.02.06;129.833333333333;146.7;140.882352941176;152.5;160.6;140.555555555556;136.375;141.571428571429;121;126;91.5;125;107;117.2;126.5
28.02.06;129;147.3;141.764705882353;153;160.36;142;137.75;143.142857142857;120;125;92.1875;124.909090909091;106;118.8;126
01.03.06;122;147.9;142.647058823529;153.5;160.12;143.444444444444;139.125;144.714285714286;119;124;92.875;124.818181818182;105;120.4;125.5
02.03.06;118.5;148.4;143.529411764706;154;159.88;144.888888888889;140.5;146.285714285714;118;122.375;93.5625;124.727272727273;104;122;125
03.03.06;115;149.0;144.411764705882;154.5;159.64;146.333333333333;141.875;147.857142857143;117;120.75;94.25;124.636363636364;103;122.25;124
04.03.06;114.833333333333;148.8;145.294117647059;155;159.4;147.777777777778;143.25;149.428571428571;116;119.125;94.9375;124.545454545455;102;122.5;123
05.03.06;114.666666666667;148.6;146.176470588235;155.5;159.16;149.222222222222;144.625;151;115;117.5;95.625;124.454545454545;101;122.75;122
06.03.06;114.5;148.4;147.058823529412;156;158.92;150.666666666667;146;150.428571428571;114;115.875;96.3125;124.363636363636;96.3333333333333;123;121
07.03.06;114.333333333333;148.2;147.941176470588;156.5;158.68;152.111111111111;147;149.857142857143;113;114.25;97;124.272727272727;91.6666666666667;123.25;120
08.03.06;114.166666666667;148.0;148.823529411765;157;158.44;153.555555555556;148;149.285714285714;112;112.625;98.2727272727273;124.181818181818;87;123.5;119
09.03.06;114;147.5;149.705882352941;157.5;158.2;155;149;148.714285714286;111;111;99.5454545454546;124.090909090909;82.3333333333333;123.75;118
10.03.06;113.75;147.0;150.588235294118;158;157.96;156.444444444444;150;148.142857142857;110;111.571428571429;100.818181818182;124;77.6666666666667;124;117
11.03.06;113.5;146.5;151.470588235294;158.5;157.72;157.888888888889;151;147.571428571429;109;112.142857142857;102.090909090909;123.909090909091;73;124.25;118
12.03.06;113.25;146.0;152.352941176471;159;157.48;159.333333333333;152;147;108.421052631579;112.714285714286;103.363636363636;123.818181818182;69.2857142857143;124.5;119
13.03.06;113;145.8;153.235294117647;159.5;157.24;160.777777777778;153;147;107.842105263158;113.285714285714;104.636363636364;123.727272727273;65.5714285714286;124.75;120
14.03.06;115.75;145.5;154.117647058824;160;157;162.222222222222;145.5;147;107.263157894737;113.857142857143;105.909090909091;123.636363636364;61.8571428571429;125;121
15.03.06;118.5;145.3;155;160.5;156.142857142857;163.666666666667;138;147;106.684210526316;114.428571428571;107.181818181818;123.545454545455;58.1428571428571;125.25;122
16.03.06;121.25;145.0;155.222222222222;161;155.285714285714;165.111111111111;130.5;147;106.105263157895;115;108.454545454545;123.454545454545;54.4285714285714;125.5;123
17.03.06;124;144.8;155.444444444444;161.857142857143;154.428571428571;166.555555555555;123;147;105.526315789474;110.333333333333;109.727272727273;123.363636363636;50.7142857142857;125.75;124
18.03.06;122.2;144.5;155.666666666667;162.714285714286;153.571428571429;168;123;146.1;104.947368421053;105.666666666667;111;123.272727272727;47;126;125
19.03.06;120.4;144.3;155.888888888889;163.571428571429;152.714285714286;168.666666666667;123;145.2;104.368421052632;101;112.272727272727;123.181818181818;31;125.625;126
20.03.06;118.6;144.0;156.111111111111;164.428571428571;151.857142857143;169.333333333333;123;144.3;103.789473684211;96.3333333333333;113.545454545455;123.090909090909;30.9;125.25;127
21.03.06;116.8;;156.333333333333;165.285714285714;151;170;123;143.4;103.210526315789;91.6666666666667;114.818181818182;123;30.8;124.875;128
22.03.06;115;;156.555555555556;166.142857142857;150.142857142857;169.5;117.666666666667;142.5;102.631578947368;87;116.090909090909;121.666666666667;30.7;124.5;129
23.03.06;109;;156.777777777778;167;149.285714285714;169;112.333333333333;141.6;102.052631578947;89;117.363636363636;120.333333333333;30.6;124.125;130
24.03.06;103;;157;167.857142857143;148.428571428571;168.5;107;140.7;101.473684210526;91;118.636363636364;119;30.5;123.75;129.142857142857
25.03.06;97;;158.8;168.714285714286;147.571428571429;168;101.142857142857;139.8;100.894736842105;93;119.909090909091;117.666666666667;30.4;123.375;128.285714285714
26.03.06;91;;160.6;169.571428571429;146.714285714286;167.5;95.2857142857143;138.9;100.315789473684;95;121.181818181818;116.333333333333;30.3;123;127.428571428571
27.03.06;85;;162.4;170.428571428571;145.857142857143;167;89.4285714285714;138;99.7368421052632;97;122.454545454545;115;30.2;126;126.571428571429
28.03.06;80;;164.2;171.285714285714;145;166.5;83.5714285714286;137.1;99.1578947368421;99;123.727272727273;113.125;30.1;129;125.714285714286
29.03.06;75;;166;172.142857142857;144.142857142857;166;77.7142857142857;136.2;98.578947368421;101;125;111.25;30;132;124.857142857143
30.03.06;70;;160.5;173;143.285714285714;165.5;71.8571428571428;135.3;98;103;121.857142857143;109.375;29.9;135;124
31.03.06;65;;155;167.2;142.428571428571;165;66;134.4;96.25;102.285714285714;118.714285714286;107.5;29.8;138;121.222222222222
01.04.06;61;;149.5;161.4;141.571428571429;164.5;61;133.5;94.5;101.571428571429;115.571428571429;105.625;29.7;133;118.444444444444
02.04.06;54.5;;144;155.6;140.714285714286;164;56;132.6;92.75;100.857142857143;112.428571428571;103.75;29.6;128;115.666666666667
03.04.06;48;;133.333333333333;149.8;139.857142857143;149.333333333333;51;131.7;91;100.142857142857;109.285714285714;101.875;29.5;123;112.888888888889
04.04.06;43;;122.666666666667;144;139;134.666666666667;52.7142857142857;130.8;89.25;99.4285714285714;106.142857142857;100;29.4;118;110.111111111111
05.04.06;44;;112;144;138.222222222222;120;54.4285714285714;129.9;87.5;98.7142857142857;103;96.3333333333333;29.3;113;107.333333333333
06.04.06;45;;104;144;137.444444444444;118;56.1428571428571;129;85.75;98;100.2;92.6666666666667;29.2;108;104.555555555556
07.04.06;46;;96;144;136.666666666667;116;57.8571428571428;129;84;92;97.4;89;29.1;103;101.777777777778
08.04.06;41;;88;144;135.888888888889;114;59.5714285714286;129;80;86;94.6;85.3333333333333;29;98;99
09.04.06;41;;79;142.4;135.111111111111;109.5;61.2857142857143;129;76;80;91.8;81.6666666666667;30.7142857142857;93;90.5
10.04.06;42;;70;140.8;134.333333333333;105;63;123.75;72;74;89;78;32.4285714285714;85.75;82
11.04.06;42;;61;139.2;133.555555555556;103.5;61.3333333333333;118.5;68;68;81.5714285714286;73.1666666666667;34.1428571428571;78.5;73.5
12.04.06;43;;52;137.6;132.777777777778;102;59.6666666666667;113.25;64;66;74.1428571428571;68.3333333333333;35.8571428571428;71.25;65
13.04.06;44;;50.5;136;132;97.3333333333333;58;108;60;64;66.7142857142857;63.5;37.5714285714286;64;62.6666666666667
14.04.06;45;;49;129.2;123.25;92.6666666666667;56.3333333333333;96.6666666666667;56;62;59.2857142857143;58.6666666666667;39.2857142857143;60.5;60.3333333333333
15.04.06;39;;47.5;122.4;114.5;88;54.6666666666667;85.3333333333334;52;60;51.8571428571429;53.8333333333334;41;57;58
16.04.06;40;;46;115.6;105.75;81;53;74.0000000000001;48;58;44.4285714285715;49;40.25;55;55
17.04.06;41;;46.2;108.8;97;74;51.3333333333333;70.8000000000001;44;56;37;47.875;39.5;52;52
18.04.06;32;;46.4;102;78.5;67;49.6666666666666;67.6000000000001;40;50.5;36.2727272727273;46.75;38.75;49;49
19.04.06;33;;46.6;88.5;60;60.75;48;64.4;36;45;35.5454545454546;45.625;38;46;46
20.04.06;34;;46.8;75;57;54.5;46.3333333333333;61.2;32;39.5;34.8181818181818;44.5;37.25;43;43
21.04.06;35;;47;71;54;48.25;44.6666666666666;58;31.8571428571429;34;34.0909090909091;43.375;36.5;40;40
22.04.06;39.3333333333333;;47.2;67;51;42;43;56.3333333333333;31.7142857142857;33.6666666666667;33.3636363636364;42.25;35.75;37;40.25
23.04.06;43.6666666666667;;47.4;63;48;40.75;41.3333333333333;54.6666666666667;31.5714285714286;33.3333333333333;32.6363636363637;41.125;35;37.1052631578947;40.5
24.04.06;48;;47.6;59;45;39.5;39.6666666666666;53;31.4285714285714;33;31.9090909090909;40;35.6666666666667;37.2105263157895;40.75
25.04.06;47.6666666666667;;47.8;55;42;38.25;38;51.3333333333333;31.2857142857143;32.6666666666667;31.1818181818182;42.5;36.3333333333333;37.3157894736842;41
26.04.06;47.3333333333333;;48;51;39;37;40.5;49.6666666666667;31.1428571428571;32.3333333333333;30.4545454545455;45;37;37.4210526315789;41.25
27.04.06;47;;52.5;49.75;36;34.6666666666667;43;48;31;32;29.7272727272727;47.5;37.6666666666667;37.5263157894737;41.5
28.04.06;46.3333333333333;;57;48.5;38.5294117647059;32.3333333333333;45.5;46.3333333333333;32.5;32.5333333333333;29;50;38.3333333333333;37.6315789473684;41.75
29.04.06;45.6666666666667;;58.5;47.25;41.0588235294118;30;48;44.6666666666666;34;33.0666666666667;29.4;52.5;39;37.7368421052632;42
30.04.06;45;;60;46;43.5882352941176;30.5714285714286;50.5;43;35.5;33.6;29.8;55;40.75;37.8421052631579;44.8571428571429
01.05.06;49.3333333333333;;64;44.75;46.1176470588235;31.1428571428571;53;41.3333333333333;37;34.1333333333333;30.2;57.5;42.5;37.9473684210526;47.7142857142857
02.05.06;53.6666666666667;;68;43.5;48.6470588235294;31.7142857142857;55.5;39.6666666666666;38.5;34.6666666666667;30.6;60;44.25;38.0526315789474;50.5714285714286
03.05.06;58;;72;42.25;51.1764705882353;32.2857142857143;58;38;40;35.2;31;62.5;46;38.1578947368421;53.4285714285714
04.05.06;58.6666666666667;;76;41;53.7058823529412;32.8571428571429;60.5;41.4;41.5;35.7333333333333;32.4285714285714;65;47.75;38.2631578947368;56.2857142857143
05.05.06;59.3333333333333;;80;41.8571428571429;56.235294117647;33.4285714285714;63;44.8;43;36.2666666666667;33.8571428571429;67.5;49.5;38.3684210526316;59.1428571428572
06.05.06;60;;84;42.7142857142857;58.7647058823529;34;68;48.2;46.6;36.8;35.2857142857143;70;51.25;38.4736842105263;62
07.05.06;64.5;;88;43.5714285714286;61.2941176470588;37;73;51.6;50.2;37.3333333333333;36.7142857142857;72.5;53;38.5789473684211;64.8333333333333
08.05.06;69;;92;44.4285714285714;63.8235294117647;40;78;55;53.8;37.8666666666667;38.1428571428572;75;55.2857142857143;38.6842105263158;67.6666666666667
09.05.06;73.5;;96;45.2857142857143;66.3529411764706;43;82;55;57.4;38.4;39.5714285714286;78;57.5714285714286;38.7894736842105;70.5
10.05.06;78;;100;46.1428571428571;68.8823529411764;46;86;55;61;38.9333333333333;41;81;59.8571428571429;38.8947368421053;73.3333333333333
11.05.06;86;;104;47;71.4117647058823;49;90;55;66;39.4666666666667;44.6666666666667;84;62.1428571428572;39;76.1666666666667
12.05.06;94;50.0;106.111111111111;50.1304347826087;73.9411764705882;52;94;55;71;40;48.3333333333334;87;64.4285714285714;39;79
13.05.06;102;55.0;108.222222222222;53.2608695652174;76.4705882352941;55;106.5;61;76.7142857142857;41.0714285714286;52;90;66.7142857142857;39;75.7142857142857
14.05.06;104;60.0;110.333333333333;56.3913043478261;79;58.6666666666667;119;67;82.4285714285714;42.1428571428571;55.6666666666667;93;69;39;72.4285714285714
15.05.06;106;64.0;112.444444444444;59.5217391304348;83.5;62.3333333333333;117.2;69.8;88.1428571428571;43.2142857142857;59.3333333333334;96;69.1428571428572;43.1666666666667;69.1428571428571
16.05.06;108;68.0;114.555555555556;62.6521739130435;88;66;115.4;72.6;93.8571428571428;44.2857142857143;63;96.75;69.2857142857143;47.3333333333333;65.8571428571428
17.05.06;109.666666666667;72.0;116.666666666667;65.7826086956522;92.5;69.2857142857143;113.6;75.4;99.5714285714286;45.3571428571429;66.5714285714286;97.5;69.4285714285714;51.5;62.5714285714286
18.05.06;111.333333333333;76.0;118.777777777778;68.9130434782609;97;72.5714285714286;111.8;78.2;105.285714285714;46.4285714285714;70.1428571428572;98.25;69.5714285714286;55.6666666666667;59.2857142857143
19.05.06;113;80.0;120.888888888889;72.0434782608696;98.7;75.8571428571429;110;81;111;47.5;73.7142857142857;99;69.7142857142857;59.8333333333334;56
20.05.06;115.666666666667;84.0;123;75.1739130434783;100.4;79.1428571428572;116;88.5;107;48.5714285714286;77.2857142857143;99.75;69.8571428571429;64;55.3333333333333
21.05.06;118.333333333333;88.0;120.571428571429;78.304347826087;102.1;82.4285714285714;122;96;103;49.6428571428571;80.8571428571429;100.5;70;66.6428571428572;54.6666666666667
22.05.06;121;92.0;118.142857142857;81.4347826086957;103.8;85.7142857142857;128;97;99;50.7142857142857;84.4285714285714;101.25;69.4285714285714;69.2857142857143;54
23.05.06;118;93.3;115.714285714286;84.5652173913044;105.5;89;128;98;95;51.7857142857143;88;102;68.8571428571429;71.9285714285714;53.3333333333333
24.05.06;115;94.7;113.285714285714;87.6956521739131;107.2;92.85;128;99;97.8571428571429;52.8571428571428;89.5714285714286;103.285714285714;68.2857142857143;74.5714285714286;52.6666666666667
25.05.06;112;96.0;110.857142857143;90.8260869565218;108.9;96.7;128;100;100.714285714286;53.9285714285714;91.1428571428572;104.571428571429;67.7142857142857;77.2142857142857;52
26.05.06;109;90.9;108.428571428571;93.9565217391305;110.6;100.55;128;101;103.571428571429;55;92.7142857142857;105.857142857143;67.1428571428571;79.8571428571429;54.2857142857143
27.05.06;106;85.7;106;97.0869565217392;112.3;104.4;138.25;102;106.428571428571;58.6666666666667;94.2857142857143;107.142857142857;66.5714285714286;82.5;56.5714285714286
28.05.06;103;80.6;109.428571428571;100.217391304348;114;108.25;148.5;103;109.285714285714;62.3333333333333;95.8571428571429;108.428571428571;66;85.1428571428571;58.8571428571429
29.05.06;100;75.4;112.857142857143;103.347826086957;114.777777777778;112.1;158.75;104.714285714286;112.142857142857;66;97.4285714285714;109.714285714286;66;87.7857142857143;61.1428571428572
30.05.06;97.75;70.3;116.285714285714;106.478260869565;115.555555555556;115.95;169;106.428571428571;115;69.6666666666667;99;111;66;90.4285714285714;63.4285714285715
31.05.06;95.5;65.1;119.714285714286;109.608695652174;116.333333333333;119.8;166;108.142857142857;120;73.3333333333333;99.4285714285714;112.285714285714;66;93.0714285714286;65.7142857142857
01.06.06;93.25;60.0;123.142857142857;112.739130434783;117.111111111111;120.02;163;109.857142857143;125;77;99.8571428571429;113.571428571429;66;95.7142857142857;68
02.06.06;91;59.7;126.571428571429;115.869565217391;117.888888888889;120.24;160;111.571428571429;130;77;100.285714285714;114.857142857143;66;98.3571428571428;70
03.06.06;92;59.3;130;119;118.666666666667;120.46;157;113.285714285714;129.2;77;100.714285714286;116.142857142857;66;101;72
04.06.06;93;59.0;130;120;119.444444444444;120.68;154;115;128.4;77;101.142857142857;117.428571428571;66;104.2;74
05.06.06;95;62.8;130;121;120.222222222222;120.9;151;115;127.6;77;101.571428571429;118.714285714286;66.8571428571429;107.4;76
06.06.06;97;66.5;130;122;121;121.12;151;115;126.8;77;102;120;67.7142857142857;110.6;78
07.06.06;99;70.3;130;123;121.777777777778;121.34;151;115;126;77;102.777777777778;120.428571428571;68.5714285714286;113.8;80
08.06.06;102;74.0;130;124;122.555555555556;121.56;151;115;122.666666666667;77.1428571428571;103.555555555556;120.857142857143;69.4285714285714;117;82
09.06.06;105;77.3;130;125;123.333333333333;121.78;151;115;119.333333333333;77.2857142857143;104.333333333333;121.285714285714;70.2857142857143;118.625;84
10.06.06;107;80.7;127.142857142857;125.75;124.111111111111;122;151;115;116;77.4285714285714;105.111111111111;121.714285714286;71.1428571428571;120.25;87.5
11.06.06;109;84.0;124.285714285714;126.5;124.888888888889;124.5;151;115;116.571428571429;77.5714285714286;105.888888888889;122.142857142857;72;121.875;91
12.06.06;110.5;84.0;121.428571428571;127.25;125.666666666667;127;151;115;117.142857142857;77.7142857142857;106.666666666667;122.571428571429;72;123.5;94.5
13.06.06;112;84.0;118.571428571429;128;126.444444444444;129.5;151;115;117.714285714286;77.8571428571429;107.444444444444;123;72;125.125;98
14.06.06;114.666666666667;84.0;115.714285714286;128.75;127.222222222222;132;151;115;118.285714285714;78;108.222222222222;125.333333333333;72;126.75;101.5
15.06.06;117.333333333333;84.0;112.857142857143;129.5;128;134.5;151;115;118.857142857143;80.6;109;127.666666666667;72;128.375;105
16.06.06;120;83.5;110;130.25;128.7;137;151;116;119.428571428571;83.2;110.714285714286;130;72;130;108.555555555556
17.06.06;121;83.0;110;131;129.4;139.5;151;117;120;85.8;112.428571428571;132.333333333333;72;131.375;112.111111111111
18.06.06;122;84.5;110;127.058823529412;130.1;142;151;118;120.8;88.4;114.142857142857;134.666666666667;72;132.75;115.666666666667
19.06.06;123;86.0;110;123.117647058824;130.8;144.5;151;119;121.6;91;115.857142857143;137;76.2857142857143;134.125;119.222222222222
20.06.06;;87.0;110;119.176470588235;131.5;147;145;120;122.4;89.5;117.571428571429;138.375;80.5714285714286;135.5;122.777777777778
21.06.06;;88.0;110;115.235294117647;132.2;148.714285714286;139;121;123.2;88;119.285714285714;139.75;84.8571428571429;136.875;126.333333333333
22.06.06;;89.0;110;111.294117647059;132.9;150.428571428571;133;122;124;86.5;121;141.125;89.1428571428572;138.25;129.888888888889
23.06.06;;92.5;109.714285714286;107.352941176471;133.6;152.142857142857;127;123;123;85;123;142.5;93.4285714285714;139.625;133.444444444444
24.06.06;;96.0;109.428571428571;103.411764705882;134.3;153.857142857143;135.333333333333;124;122;80.7142857142857;125;143.875;97.7142857142857;141;137
25.06.06;;102.0;109.142857142857;99.4705882352941;135;155.571428571429;143.666666666667;125;122.5;76.4285714285714;127;145.25;102;141.142857142857;135.428571428571
26.06.06;;108.0;108.857142857143;95.5294117647058;136;157.285714285714;152;126;123;72.1428571428571;129;146.625;104.5;141.285714285714;133.857142857143
27.06.06;;109.3;108.571428571429;91.5882352941176;137;159;147.25;127;123.5;67.8571428571428;131;148;107;141.428571428571;132.285714285714
28.06.06;;110.7;108.285714285714;87.6470588235294;138;160.714285714286;142.5;128;124;63.5714285714286;132.285714285714;147.714285714286;109.5;141.571428571429;130.714285714286
29.06.06;;112.0;108;83.7058823529411;139;162.428571428571;137.75;129;124.5;59.2857142857143;133.571428571429;147.428571428571;112;141.714285714286;129.142857142857
30.06.06;;114.3;110.818181818182;79.7647058823529;142;164.142857142857;133;130;125;55;134.857142857143;147.142857142857;114.5;141.857142857143;127.571428571429
01.07.06;;116.7;113.636363636364;75.8235294117646;145;165.857142857143;130;131.5;126.833333333333;59;136.142857142857;146.857142857143;117;142;126
02.07.06;;119.0;116.454545454545;71.8823529411764;148;167.571428571429;127;133;128.666666666667;63;137.428571428571;146.571428571429;119.5;143.285714285714;128.833333333333
03.07.06;;122.0;119.272727272727;67.9411764705882;151;169.285714285714;124;130.6;130.5;67;138.714285714286;146.285714285714;122;144.571428571429;131.666666666667
04.07.06;;125.0;122.090909090909;63.9999999999999;151;171;120;128.2;132.333333333333;71;140;146;126.333333333333;145.857142857143;134.5
05.07.06;;128.0;124.909090909091;72;151;172.714285714286;116;125.8;134.166666666667;75;141;145.428571428571;130.666666666667;147.142857142857;137.333333333333
06.07.06;;131.0;127.727272727273;80;151;174.428571428571;112;123.4;136;79;142;144.857142857143;135;148.428571428571;140.166666666667
07.07.06;;133.3;130.545454545455;85.4285714285714;151.75;176.142857142857;108;121;134;83;143;144.285714285714;139.333333333333;149.714285714286;143
08.07.06;;135.5;133.363636363636;90.8571428571429;152.5;177.857142857143;108;117.666666666667;132;80;144;143.714285714286;143.666666666667;151;143.8
09.07.06;;137.8;136.181818181818;96.2857142857143;153.25;179.571428571429;108;114.333333333333;134.166666666667;77;145;143.142857142857;148;154.428571428571;144.6
10.07.06;;140.0;139;101.714285714286;154;181.285714285714;108;111;136.333333333333;74;146;142.571428571429;146.571428571429;157.857142857143;145.4
11.07.06;;141.5;141.75;107.142857142857;154;183;108;108.285714285714;138.5;70;147;142;145.142857142857;161.285714285714;146.2
12.07.06;;143.0;144.5;112.571428571429;154;181.714285714286;109.333333333333;105.571428571429;140.666666666667;66;147;139.4;143.714285714286;164.714285714286;147
13.07.06;;144.5;147.25;118;154;180.428571428571;110.666666666667;102.857142857143;142.833333333333;62;147;136.8;142.285714285714;168.142857142857;146.555555555556
14.07.06;;146.0;150;122.5;154;179.142857142857;112;100.142857142857;145;58;147;134.2;140.857142857143;171.571428571429;146.111111111111
15.07.06;;147.5;152.428571428571;127;154;177.857142857143;114.25;97.4285714285714;146.833333333333;58;147;131.6;139.428571428571;175;145.666666666667
16.07.06;;149.0;154.857142857143;131.5;152.6;176.571428571429;116.5;94.7142857142857;148.666666666667;58;147;129;138;172.833333333333;145.222222222222
17.07.06;;150.0;157.285714285714;136;151.2;175.285714285714;118.75;92;150.5;58;147;128.125;133.285714285714;170.666666666667;144.777777777778
18.07.06;;151.0;159.714285714286;140.5;149.8;174;121;88.5;152.333333333333;58;146;127.25;128.571428571429;168.5;144.333333333333
19.07.06;;152.0;162.142857142857;145;148.4;172.714285714286;123.2;85;154.166666666667;58;145;126.375;123.857142857143;166.333333333333;143.888888888889
20.07.06;;153.0;164.571428571429;149.5;147;171.428571428571;125.4;81.5;156;58;144;125.5;119.142857142857;164.166666666667;143.444444444444
21.07.06;;152.8;167;154;147;170.142857142857;127.6;78;148.5;58;143;124.625;114.428571428571;162;143
22.07.06;;152.5;166.4;153.166666666667;147;168.857142857143;129.8;79.5555555555556;141;63;142;123.75;109.714285714286;160.875;143.666666666667
23.07.06;;152.3;165.8;152.333333333333;147;167.571428571429;132;81.1111111111111;144.25;68;141;122.875;105;159.75;144.333333333333
24.07.06;;152.0;165.2;151.5;147;166.285714285714;134.2;82.6666666666667;147.5;73;140;122;102.333333333333;158.625;145
25.07.06;;150.9;164.6;150.666666666667;147;165;136.4;84.2222222222222;150.75;78;140.5625;122.142857142857;99.6666666666667;157.5;145.666666666667
26.07.06;;149.7;164;149.833333333333;151;164.625;138.6;85.7777777777778;154;83;141.125;122.285714285714;97;156.375;146.333333333333
27.07.06;;148.6;164.666666666667;149;155;164.25;140.8;87.3333333333334;155.125;88;141.6875;122.428571428571;94.3333333333333;155.25;147
28.07.06;;147.4;165.333333333333;150.166666666667;155.857142857143;163.875;143;88.8888888888889;156.25;93;142.25;122.571428571429;91.6666666666667;154.125;147
29.07.06;;146.3;166;151.333333333333;156.714285714286;163.5;154;90.4444444444445;157.375;98;142.8125;122.714285714286;89;153;147
30.07.06;;145.1;166.666666666667;152.5;157.571428571429;163.125;165;92;158.5;103;143.375;122.857142857143;89.75;153.142857142857;147
31.07.06;;144.0;167.333333333333;153.666666666667;158.428571428571;162.75;176;96.4;159.625;108;143.9375;123;90.5;153.285714285714;147
01.08.06;148;146.7;168;154.833333333333;159.285714285714;162.375;187;100.8;160.75;108;144.5;124.666666666667;91.25;153.428571428571;147
02.08.06;149.666666666667;149.3;168.666666666667;156;160.142857142857;162;176;105.2;161.875;108;145.0625;126.333333333333;92;153.571428571429;147
03.08.06;151.333333333333;152.0;169.333333333333;156.714285714286;161;162;165;109.6;163;109.333333333333;145.625;128;92.75;153.714285714286;147
04.08.06;153;150.5;170;157.428571428571;161.666666666667;162;154;114;160.857142857143;110.666666666667;146.1875;129.666666666667;93.5;153.857142857143;147
05.08.06;151;149.0;170.666666666667;158.142857142857;162.333333333333;162;157.5;116.4;158.714285714286;112;146.75;131.333333333333;94.25;154;147
06.08.06;150;147.5;171.333333333333;158.857142857143;163;159.625;161;118.8;156.571428571429;113.333333333333;147.3125;133;95;154.714285714286;147
07.08.06;147;146.0;172;159.571428571429;164.25;157.25;164.5;121.2;154.428571428571;114.666666666667;147.875;134.666666666667;96.5;155.428571428571;147
08.08.06;144;150.0;172.666666666667;160.285714285714;165.5;154.875;168;123.6;152.285714285714;116;148.4375;136.333333333333;98;156.142857142857;147
09.08.06;143;154.0;173.333333333333;161;166.75;152.5;163.666666666667;126;150.142857142857;117;149;138;99.5;156.857142857143;147
10.08.06;142;158.0;174;161.714285714286;168;150.125;159.333333333333;128.4;148;118;148.5;137.142857142857;101;157.571428571429;147
11.08.06;141;154.5;171;162.428571428571;166.666666666667;147.75;155;130.8;147.428571428571;119;148;136.285714285714;102.5;158.285714285714;147
12.08.06;138;151.0;168;163.142857142857;165.333333333333;145.375;156.25;133.2;146.857142857143;120.714285714286;147.5;135.428571428571;104;159;147
13.08.06;135;147.5;165;163.857142857143;164;143;157.5;135.6;146.285714285714;122.428571428571;147;134.571428571429;106;159.142857142857;147.833333333333
14.08.06;134;144.0;162;164.571428571429;161.090909090909;140;158.75;138;145.714285714286;124.142857142857;146.5;133.714285714286;108;159.285714285714;148.666666666667
15.08.06;133;144.3;159;165.285714285714;158.181818181818;137;160;138.894736842105;145.142857142857;125.857142857143;146;132.857142857143;110;159.428571428571;149.5
16.08.06;133;144.7;156;166;155.272727272727;134;156.666666666667;139.789473684211;144.571428571429;127.571428571429;145.5;132;112;159.571428571429;150.333333333333
17.08.06;133;145.0;154;165.875;152.363636363636;134;153.333333333333;140.684210526316;144;129.285714285714;145;131.166666666667;114;159.714285714286;151.166666666667
18.08.06;133;149.0;152;165.75;149.454545454545;134;150;141.578947368421;144;131;144.5;130.333333333333;112.888888888889;159.857142857143;152
19.08.06;133.5;153.0;150.4;165.625;146.545454545455;134;150;142.473684210526;144;133.4;144;129.5;111.777777777778;160;153.125
20.08.06;134;154.5;148.8;165.5;143.636363636364;134;150;143.368421052632;145.2;135.8;143.5;128.666666666667;110.666666666667;157.142857142857;154.25
21.08.06;135.5;156.0;147.2;165.375;140.727272727273;134;150;144.263157894737;146.4;138.2;143;127.833333333333;109.555555555556;154.285714285714;155.375
22.08.06;137;154.0;145.6;165.25;137.818181818182;134;150;145.157894736842;147.6;140.6;142.5;127;108.444444444444;151.428571428571;156.5
23.08.06;138.833333333333;152.0;144;165.125;134.909090909091;134;150;146.052631578947;148.8;143;142;124.5;107.333333333333;148.571428571429;157.625
24.08.06;140.666666666667;150.0;143.571428571429;165;132;134;150;146.947368421053;150;145;144.142857142857;122;106.222222222222;145.714285714286;158.75
25.08.06;142.5;150.0;143.142857142857;164.875;132;134;150;147.842105263158;148.125;147;146.285714285714;119.5;105.111111111111;142.857142857143;159.875
26.08.06;144.333333333333;150.0;142.714285714286;164.75;132;134;152.25;148.736842105263;146.25;148;148.428571428571;117;104;140;161
27.08.06;146.166666666667;150.0;142.285714285714;164.625;132;134.888888888889;154.5;149.631578947368;144.375;149;150.571428571429;114.5;105.5;140;159.5
28.08.06;148;150.0;141.857142857143;164.5;132;135.777777777778;156.75;150.526315789474;142.5;150;152.714285714286;112;107;140;158
29.08.06;145.333333333333;150.0;141.428571428571;164.375;132;136.666666666667;159;151.421052631579;140.625;151;154.857142857143;109.5;108.5;140;156.5
30.08.06;142.666666666667;150.0;141;164.25;132;137.555555555556;156.8;152.315789473684;138.75;152;157;107;110;140;155
31.08.06;140;150.0;135;164.125;132;138.444444444444;154.6;153.210526315789;136.875;150.583333333333;155.666666666667;111.166666666667;111.5;140;152.285714285714
01.09.06;137.333333333333;150.3;129;164;132;139.333333333333;152.4;154.105263157895;135;149.166666666667;154.333333333333;115.333333333333;113;140;149.571428571429
02.09.06;134.666666666667;150.5;128.5;163.384615384615;132;140.222222222222;150.2;155;134.16;147.75;153;119.5;114.5;138.428571428571;146.857142857143
03.09.06;132;150.8;128;162.769230769231;132;141.111111111111;148;153.857142857143;133.32;146.333333333333;151.666666666667;123.666666666667;116;136.857142857143;144.142857142857
04.09.06;132.5;151.0;127.5;162.153846153846;132;142;148;152.714285714286;132.48;144.916666666667;150.333333333333;127.833333333333;117.5;135.285714285714;141.428571428571
05.09.06;133;151.0;127;161.538461538462;132;138.555555555556;148;151.571428571429;131.64;143.5;149;132;119;133.714285714286;138.714285714286
06.09.06;125.333333333333;151.0;126.8;160.923076923077;132;135.111111111111;148;150.428571428571;130.8;142.083333333333;147.666666666667;132.037037037037;120.5;132.142857142857;136
07.09.06;117.666666666667;151.0;126.6;160.307692307692;131.125;131.666666666667;148;149.285714285714;129.96;140.666666666667;146.333333333333;132.074074074074;122;130.571428571429;135.625
08.09.06;110;151.0;126.4;159.692307692308;130.25;128.222222222222;148;148.142857142857;129.12;139.25;145;132.111111111111;123.5;129;135.25
09.09.06;103.5;152.0;126.2;159.076923076923;129.375;124.777777777778;147.818181818182;147;128.28;137.833333333333;143.666666666667;132.148148148148;125;130;134.875
10.09.06;97;153.0;126;158.461538461538;128.5;121.333333333333;147.636363636364;145.857142857143;127.44;136.416666666667;142.333333333333;132.185185185185;124.954545454545;131;134.5
11.09.06;97;154.0;126.8;157.846153846154;127.625;117.888888888889;147.454545454545;144.714285714286;126.6;135;141;132.222222222222;124.909090909091;132;134.125
12.09.06;97;154.3;127.6;157.230769230769;126.75;114.444444444444;147.272727272727;143.571428571429;125.76;133.25;138.857142857143;132.259259259259;124.863636363636;133;133.75
13.09.06;98;154.7;128.4;156.615384615385;125.875;111;147.090909090909;142.428571428571;124.92;131.5;136.714285714286;132.296296296296;124.818181818182;134;133.375
14.09.06;99;155.0;129.2;156;125;116.333333333333;146.909090909091;141.285714285714;124.08;129.75;134.571428571429;132.333333333333;124.772727272727;135;133
15.09.06;100;155.7;130;156;125.384615384615;121.666666666667;146.727272727273;140.142857142857;123.24;128;132.428571428571;132.37037037037;124.727272727273;136;133.25
16.09.06;106.5;156.3;131;156;125.769230769231;127;146.545454545455;139;122.4;126.25;130.285714285714;132.407407407407;124.681818181818;137;133.5
17.09.06;113;157.0;132;156;126.153846153846;132.333333333333;146.363636363636;140.6;121.56;124.5;128.142857142857;132.444444444444;124.636363636364;138;133.75
18.09.06;114;158.3;133;156;126.538461538462;137.666666666667;146.181818181818;142.2;120.72;122.75;126;132.481481481482;124.590909090909;139;134
19.09.06;115;159.5;134;156;126.923076923077;143;146;143.8;119.88;121;126;132.518518518519;124.545454545455;140;134.25
20.09.06;119;160.8;135;156;127.307692307692;140.461538461538;146.411764705882;145.4;119.04;119.25;126;132.555555555556;124.5;141;134.5
21.09.06;123;162.0;136;156;127.692307692308;137.923076923077;146.823529411765;147;118.2;117.5;126;132.592592592593;124.454545454545;141;134.75
22.09.06;127;161.3;135.9375;156;128.076923076923;135.384615384615;147.235294117647;147.357142857143;117.36;115.75;126;132.62962962963;124.409090909091;141;135
23.09.06;131;160.7;135.875;156;128.461538461538;132.846153846154;147.647058823529;147.714285714286;116.52;114;126;132.666666666667;124.363636363636;141;135.25
24.09.06;135;160.0;135.8125;156;128.846153846154;130.307692307692;148.058823529412;148.071428571429;115.68;112.25;126;132.703703703704;124.318181818182;141;135.5
25.09.06;135;157.3;135.75;156;129.230769230769;127.769230769231;148.470588235294;148.428571428571;114.84;110.5;126;132.740740740741;124.272727272727;141;135.75
26.09.06;135;154.5;135.6875;156;129.615384615385;125.230769230769;148.882352941176;148.785714285714;114;108.75;126;132.777777777778;124.227272727273;141;136
27.09.06;135.4;151.8;135.625;156;130;122.692307692308;149.294117647059;149.142857142857;113.75;107;126;132.814814814815;124.181818181818;141;136.25
28.09.06;135.8;149.0;135.5625;156;129.461538461538;120.153846153846;149.705882352941;149.5;113.5;109.833333333333;126;132.851851851852;124.136363636364;141;136.5
29.09.06;136.2;149.3;135.5;156;128.923076923077;117.615384615385;150.117647058824;149.857142857143;113.25;112.666666666667;126;132.888888888889;124.090909090909;141;136.75
30.09.06;136.6;149.5;135.4375;156;128.384615384615;115.076923076923;150.529411764706;150.214285714286;113;115.5;126;132.925925925926;124.045454545455;141;137
01.10.06;137;149.8;135.375;156;127.846153846154;112.538461538462;150.941176470588;150.571428571429;112.75;118.333333333333;126;132.962962962963;124;135.714285714286;137.25
02.10.06;138;150.0;135.3125;156;127.307692307692;110;151.352941176471;150.928571428571;112.5;121.166666666667;126;133;125;130.428571428571;137.5
03.10.06;139;150.0;135.25;156;126.769230769231;110;151.764705882353;151.285714285714;112.25;124;126;130.5;126;125.142857142857;137.75
04.10.06;139.25;150.0;135.1875;153;126.230769230769;110;152.176470588235;151.642857142857;112;122.857142857143;126;128;127;119.857142857143;138
05.10.06;139.5;150.0;135.125;150;125.692307692308;110;152.588235294118;152;115;121.714285714286;126;125.5;128;114.571428571429;135.111111111111
06.10.06;139.75;153.3;135.0625;150.066666666667;125.153846153846;110;153;153;118;120.571428571429;126;123;129;109.285714285714;132.222222222222
07.10.06;140;156.7;135;150.133333333333;124.615384615385;110;155.5;154;121;119.428571428571;126;120.5;130;104;129.333333333333
08.10.06;140.666666666667;160.0;134;150.2;124.076923076923;110;158;155;124;118.285714285714;126;118;131;106.5;126.444444444444
09.10.06;141.333333333333;157.0;133;150.266666666667;123.538461538462;110;156.444444444444;156;127;117.142857142857;126;115.5;132.714285714286;109;123.555555555556
10.10.06;142;154.0;132;150.333333333333;123;110;154.888888888889;155.5;130;116;126;113;134.428571428571;111.5;120.666666666667
11.10.06;141.333333333333;151.0;131;150.4;121.263157894737;110;153.333333333333;155;130;114.714285714286;126;109.428571428571;136.142857142857;114;117.777777777778
12.10.06;140.666666666667;148.0;130;150.466666666667;119.526315789474;108.75;151.777777777778;154.5;130;113.428571428571;126;105.857142857143;137.857142857143;116.5;114.888888888889
13.10.06;140;144.4;129;150.533333333333;117.789473684211;107.5;150.222222222222;154;130;112.142857142857;126;102.285714285714;139.571428571429;119;112
14.10.06;139.666666666667;140.9;128;150.6;116.052631578947;106.25;148.666666666667;153.285714285714;130;110.857142857143;126;98.7142857142857;141.285714285714;118;113.916666666667
15.10.06;139.333333333333;137.3;127;150.666666666667;114.315789473684;105;147.111111111111;152.571428571429;130;109.571428571429;126;95.1428571428572;143;117;115.833333333333
16.10.06;139;133.7;126;150.733333333333;112.578947368421;103.75;145.555555555556;151.857142857143;130;108.285714285714;126;91.5714285714286;139.285714285714;116;117.75
17.10.06;138.2;130.1;125;150.8;110.842105263158;102.5;144;151.142857142857;130;107;126;88;135.571428571429;115;119.666666666667
18.10.06;137.4;126.6;124;150.866666666667;109.105263157895;101.25;142.8;150.428571428571;130;105.714285714286;126;86.5714285714286;131.857142857143;114;121.583333333333
19.10.06;136.6;123.0;123;150.933333333333;107.368421052632;100;141.6;149.714285714286;130;104.428571428571;126;85.1428571428572;128.142857142857;113;123.5
20.10.06;135.8;125.3;122;151;105.631578947368;98.75;140.4;149;128.964285714286;103.142857142857;126;83.7142857142857;124.428571428571;112;125.416666666667
21.10.06;135;127.5;121;150.615384615385;103.894736842105;97.5;139.2;147.555555555556;127.928571428571;101.857142857143;126;82.2857142857143;120.714285714286;111;127.333333333333
22.10.06;131.333333333333;129.8;120;150.230769230769;102.157894736842;96.25;138;146.111111111111;126.892857142857;100.571428571429;126;80.8571428571429;117;110;129.25
23.10.06;127.666666666667;132.0;122;149.846153846154;100.421052631579;95;136.8;144.666666666667;125.857142857143;99.2857142857142;126;79.4285714285714;118.4;109;131.166666666667
24.10.06;124;134.3;124;149.461538461538;98.6842105263158;94.5;135.6;143.222222222222;124.821428571429;97.9999999999999;126;78;119.8;108;133.083333333333
25.10.06;122.333333333333;136.7;126;149.076923076923;96.9473684210526;94;134.4;141.777777777778;123.785714285714;99.3333333333333;126;77;121.2;107;135
26.10.06;120.666666666667;139.0;128;148.692307692308;95.2105263157894;93.5;133.2;140.333333333333;122.75;100.666666666667;126;76;122.6;106;132.857142857143
27.10.06;119;135.8;130;148.307692307692;93.4736842105263;93;132;138.888888888889;121.714285714286;102;127.714285714286;75;124;105;130.714285714286
28.10.06;117.666666666667;132.5;132;147.923076923077;91.7368421052631;92.5;133.1;137.444444444444;120.678571428571;103.333333333333;129.428571428571;74;122.444444444444;105.533333333333;128.571428571429
29.10.06;116.333333333333;129.3;134;147.538461538462;90;92;134.2;136;119.642857142857;104.666666666667;131.142857142857;73;120.888888888889;106.066666666667;126.428571428571
30.10.06;115;126.0;136;147.153846153846;90;91.5;135.3;134.285714285714;118.607142857143;106;132.857142857143;72;119.333333333333;106.6;124.285714285714
31.10.06;116;118.7;138;146.769230769231;90;91;136.4;132.571428571429;117.571428571429;106;134.571428571429;73;117.777777777778;107.133333333333;122.142857142857
01.11.06;117;111.3;140;146.384615384615;90;91;137.5;130.857142857143;116.535714285714;106;136.285714285714;74;116.222222222222;107.666666666667;120
02.11.06;117.8;104.0;142;146;84;91;138.6;129.142857142857;115.5;103.428571428571;138;75;114.666666666667;108.2;119.428571428571
03.11.06;118.6;110.3;140.538461538462;147.8;78;91;139.7;127.428571428571;114.464285714286;100.857142857143;132;76;113.111111111111;108.733333333333;118.857142857143
04.11.06;119.4;116.7;139.076923076923;149.6;72;91;140.8;125.714285714286;113.428571428571;98.2857142857143;126;77;111.555555555556;109.266666666667;118.285714285714
05.11.06;120.2;123.0;137.615384615385;151.4;66;91;141.9;124;112.392857142857;95.7142857142857;120;78;110;109.8;117.714285714286
06.11.06;121;122.5;136.153846153846;153.2;60;91;143;124;111.357142857143;93.1428571428572;114;79;110.714285714286;110.333333333333;117.142857142857
07.11.06;120.75;122.0;134.692307692308;155;59.1666666666667;91;139.4;124;110.321428571429;90.5714285714286;108;80;111.428571428571;110.866666666667;116.571428571429
08.11.06;120.5;121.5;133.230769230769;159.5;58.3333333333333;91;135.8;124;109.285714285714;88;102;79.4;112.142857142857;111.4;116
09.11.06;120.25;121.0;131.769230769231;164;57.5;91;132.2;124;108.25;89.5714285714286;108.857142857143;78.8;112.857142857143;111.933333333333;115.125
10.11.06;120;120.0;130.307692307692;168.5;56.6666666666667;91;128.6;124;107.214285714286;91.1428571428572;115.714285714286;78.2;113.571428571429;112.466666666667;114.25
11.11.06;120;119.0;128.846153846154;173;55.8333333333333;91;125;124;106.178571428571;92.7142857142857;122.571428571429;77.6;114.285714285714;113;113.375
12.11.06;120;118.0;127.384615384615;177.5;55;91;125.266666666667;124;105.142857142857;94.2857142857143;129.428571428571;77;115;112.333333333333;112.5
13.11.06;120;113.8;125.923076923077;182;55;91;125.533333333333;123;104.107142857143;95.8571428571429;136.285714285714;73.4285714285714;115;111.666666666667;111.625
14.11.06;119.5;109.5;124.461538461538;188.25;55;91;125.8;122;103.071428571428;97.4285714285714;143.142857142857;69.8571428571429;115;111;110.75
15.11.06;119;105.3;123;194.5;55;89.8333333333333;126.066666666667;121;102.035714285714;99;150;66.2857142857143;115;110.333333333333;109.875
16.11.06;118.5;101.0;122.142857142857;200.75;55;88.6666666666667;126.333333333333;120;101;97.7142857142857;149.454545454545;62.7142857142857;115;109.666666666667;109
17.11.06;118;102.9;121.285714285714;207;55;87.5;126.6;119;102.785714285714;96.4285714285714;148.909090909091;59.1428571428572;115;109;109.625
18.11.06;116;104.9;120.428571428571;213.25;55;86.3333333333333;126.866666666667;119.777777777778;104.571428571429;95.1428571428571;148.363636363636;55.5714285714286;115;112.166666666667;110.25
19.11.06;114;106.8;119.571428571429;219.5;55;85.1666666666667;127.133333333333;120.555555555556;106.357142857143;93.8571428571428;147.818181818182;52;116.75;115.333333333333;110.875
20.11.06;112;108.7;118.714285714286;225.75;56;84;127.4;121.333333333333;108.142857142857;92.5714285714286;147.272727272727;53.7777777777778;118.5;118.5;111.5
21.11.06;110;110.6;117.857142857143;232;57;84.5;127.666666666667;122.111111111111;109.928571428571;91.2857142857143;146.727272727273;55.5555555555556;120.25;121.666666666667;112.125
22.11.06;101.8;112.6;117;238.25;58;85;127.933333333333;122.888888888889;111.714285714286;90;146.181818181818;57.3333333333334;122;124.833333333333;112.75
23.11.06;100.6;114.5;115.5;244.5;59;85.5;128.2;123.666666666667;113.5;89.625;145.636363636364;59.1111111111111;123.75;128;113.375
24.11.06;99.4;116.4;114;250.75;60;86;128.466666666667;124.444444444444;115.285714285714;89.25;145.090909090909;60.8888888888889;125.5;127.571428571429;114
25.11.06;98.2;118.4;112.5;257;61;86.5;128.733333333333;125.222222222222;117.071428571429;88.875;144.545454545455;62.6666666666667;127.25;127.142857142857;115
26.11.06;97;120.3;111;241.6;62;87;129;126;118.857142857143;88.5;144;64.4444444444445;129;126.714285714286;116
27.11.06;95.8;122.2;111;226.2;63;87.5;132.25;125.25;120.642857142857;88.125;144.25;66.2222222222223;123;126.285714285714;117
28.11.06;94.6;124.1;111;210.8;64;88;135.5;124.5;122.428571428571;87.75;144.5;68;117;125.857142857143;118
29.11.06;93.4;126.1;111;195.4;65;88.5;138.75;123.75;124.214285714286;87.375;144.75;69;111;125.428571428571;119
30.11.06;92.2;128.0;111;180;66;89;142;123;126;87;145;70;105;125;120
