01.12.05;0.2;;;0;0;0;0;0;0;0.1;0.1;0.1;0.2;0.2;0.2
02.12.05;0.2;;;0;0;0;0;0;0;0.1;0.1;0.1;0.2;0.2;0.18
03.12.05;0.2;0.4;1.6;0;0;0;0;0;0;0.1;0.1;0.1;0.2;0.2;0.16
04.12.05;0.2;0.9;1.3;0;0;0;0;0;0;0.1;0.1;0.1;0.2;0.2;0.14
05.12.05;0.183333333333333;1.3;1;0;0;0;0;0;0;0.1;0.1;0.1;0.2;0.2;0.12
06.12.05;0.166666666666667;1.8;0.7;0;0;0;0;0;0;0.1;0.1;0.1;0.2;0.2;0.1
07.12.05;0.15;2.2;0.4;0;0;0;0;0;0;0.1;0.1;0.1;0.2;0.2;0.111111111111111
08.12.05;0.133333333333333;2.7;0.1;0;0;0;0;0;0;0.1;0.1;0.1;0.2;0.2;0.122222222222222
09.12.05;0.116666666666667;3.1;0;0;0;0;0;0;0;0.1;0.1;0.1;0.2;0.2;0.133333333333333
10.12.05;0.1;2.7;0;0;0;0;0;0;0;0.1;0.1;0.1;0.2;0.1875;0.144444444444444
11.12.05;0.1;2.2;0;0;0;0;0;0;0;0.1;0.1;0.1;0.2;0.175;0.155555555555556
12.12.05;0.1;1.8;0;0;0;0;0;0;0;0.1;0.1;0.1;0.185714285714286;0.1625;0.166666666666667
13.12.05;0.1;1.4;0;0;0;0;0;0;0;0.1;0.1;0.1;0.171428571428571;0.15;0.177777777777778
14.12.05;0.1;0.9;0;0;0;0;0;0;0;0.1;0.1;0.1;0.157142857142857;0.1375;0.188888888888889
15.12.05;0.1;0.5;0;0;0;0;0;0;0;0.1;0.1;0.1;0.142857142857143;0.125;0.2
16.12.05;0.1;0.4;0;0;0;0;0;0;0;0.1;0.1;0.1;0.128571428571429;0.1125;0.2
17.12.05;0.1;0.3;0;0;0;0;0;0;0;0.1;0.1;0.1;0.114285714285714;0.1;0.2
18.12.05;0.1;0.3;0;0;0;0;0;0;0;0.1;0.1;0.1;0.0999999999999999;0.109090909090909;0.2
19.12.05;0.1;0.2;0;0;0;0;0;0;0;0.1;0.1;0.1;0.114285714285714;0.118181818181818;0.2
20.12.05;0.1;0.1;0;0;0;0;0;0;0;0.1;0.1;0.1;0.128571428571429;0.127272727272727;0.2
21.12.05;0.1;0.1;0;0;0;0;0;0;0;0.1;0.1;0.1;0.142857142857143;0.136363636363636;0.2
22.12.05;0.1;0.1;0;0;0;0;0;0;0;0.1;0.1;0.1;0.157142857142857;0.145454545454545;0.2
23.12.05;0.1;0.0;0;0;0;0;0;0;0.1;0.1;0.1;0.1;0.171428571428571;0.154545454545455;0.2
24.12.05;0.1;0.0;0;0;0;0;0;0;0.1;0.1;0.1;0.1;0.185714285714286;0.163636363636364;0.2
25.12.05;0.08;0.0;0;0;0;0;0;0;0.1;0.1;0.1;0.1;0.2;0.172727272727273;0.2
26.12.05;0.06;0.0;0;0;0;0;0;0;0.1;0.1;0.1;0.1;0.2;0.181818181818182;0.2
27.12.05;0.04;0.0;0;0;0;0;0;0;0;0.1;0.1;0.1;0.2;0.190909090909091;0.2
28.12.05;0.02;0.0;0;0;0;0;0;0;0;0.1;0.1;0.1;0.2;0.2;0.2
29.12.05;1.38777878078145E-17;0.0;0;0;0;0;0;0;0;0.1;0.1;0.1;0.2;0.2;0.2
30.12.05;1.28102656687518E-17;0.0;0;0;0;0;0;0;0;0.1;0.1;0.1;0.2;0.2;0.2
31.12.05;1.17427435296892E-17;0.0;0;0;0;0;0;0;0;0.1;0.1;0.1;0.2;0.2;0.2
01.01.06;1.06752213906265E-17;0.0;0;0;0;0;0;0;0;0.1;0.1;0.1;0.2;0.2;0.2
02.01.06;9.60769925156385E-18;0.0;0;0;0;0;0;0;0;0.1;0.1;0.1;0.2;0.2;0.2
03.01.06;8.54017711250121E-18;0.0;0;0;0;0;0;0;0;0.1;0.1;0.1;0.2;0.2;0.2
04.01.06;7.47265497343855E-18;0.0;0;0;0;0;0;0;0;0.1;0.1;0.1;0.2;0.2;0.2
05.01.06;6.4051328343759E-18;0.0;0;0;0;0;0;0;0;0.1;0.1;0.1;0.2;0.2;0.2
06.01.06;5.33761069531325E-18;0.0;0;0;0;0;0;0;0;0.1;0.1;0.1;0.2;0.2;0.2
07.01.06;4.2700885562506E-18;0.0;0;0;0;0;0;0;0;0.1;0.1;0.1;0.2;0.2;0.2
08.01.06;3.20256641718795E-18;0.0;0;0;0;0;0;0;0;0.1;0.1;0.1;0.2;0.2;0.2
09.01.06;2.1350442781253E-18;0.0;0;0;0;0;0;0;0;0.1;0.1;0.1;0.2;0.2;0.2
10.01.06;1.06752213906265E-18;0.0;0;0;0;0;0;0;0;0.1;0.1;0.1;0.2;0.2;0.2
11.01.06;2.77555756156289E-17;0.0;0;0;0;0;0;0;0;0.1;0.1;0.1;0.2;0.2;0.2
12.01.06;0.1;0.0;0;0;0;0;0;0;0;0.1;0.1;0.1;0.2;0.2;0.2
13.01.06;0.2;0.0;0;0;0;0;0;0;0;0.1;0.1;0.1;0.2;0.2;0.2
14.01.06;0.3;0.0;0;0;0;0;0;0;0;0.1;0.1;0.1;0.2;0.2;0.2
15.01.06;0.257142857142857;0.0;0;0;0;0;0;0;0;0.1;0.1;0.1;0.2;0.2;0.2
16.01.06;0.214285714285714;0.0;0;0;0;0;0;0;0;0.1;0.1;0.1;0.2;0.2;0.2
17.01.06;0.171428571428571;0.0;0;0;0;0;0;0;0;0.1;0.1;0.1;0.2;0.2;0.2
18.01.06;0.128571428571429;0.0;0;0;0;0;0;0;0;0.1;0.1;0.1;0.2;0.2;0.2
19.01.06;0.0857142857142857;0.0;0;0;0;0;0;0;0;0.1;0.1;0.1;0.2;0.2;0.2
20.01.06;0.0428571428571428;0.0;0;0;0;0;0;0;0;0.1;0.1;0.1;0.2;0.2;0.2
21.01.06;-5.55111512312578E-17;0.0;0;0;0;0;0;0;0;0.1;0.1;0.1;0.2;0.2;0.2
22.01.06;-4.16333634234434E-17;0.0;0;0;0;0;0;0;0;0.1;0.1;0.1;0.2;0.2;0.2
23.01.06;-2.77555756156289E-17;0.0;0;0;0;0;0;0;0;0.1;0.1;0.1;0.2;0.2;0.2
24.01.06;-1.38777878078145E-17;0.0;0;0;0;0;0;0;0;0.1;0.1;0.1;0.2;0.2;0.2
25.01.06;-1.23259516440783E-32;0.0;0;0;0;0;0;0;0;0.1;0.1;0.1;0.2;0.2;0.2
26.01.06;-9.86076131526265E-33;0.0;0;0;0;0;0;0;0;0.1;0.1;0.1;0.2;0.2;0.2
27.01.06;-7.39557098644699E-33;0.0;0;0;0;0;0;0;0;0.1;0.1;0.1;0.2;0.188888888888889;0.2
28.01.06;-4.93038065763132E-33;0.0;0;0;0;0;0;0;0;0.1;0.1;0.1;0.2;0.177777777777778;0.2
29.01.06;-2.46519032881566E-33;0.0;0;0;0;0;0;0;0;0.1;0.1;0.1;0.2;0.166666666666667;0.2
30.01.06;0;0.0;0;0;0;0;0;0;0;0.1;0.1;0.1;0.2;0.155555555555556;0.2
31.01.06;0;0.0;0;0;0;0;0;0;0;0.1;0.1;0.1;0.2;0.144444444444445;0.2
01.02.06;0;0.0;0;0;0;0;0;0;0;0.1;0.1;0.1;0.2;0.133333333333333;0.2
02.02.06;0;0.0;0;0;0;0;0;0;0;0.1;0.1;0.1;0.2;0.122222222222222;0.2
03.02.06;0;0.0;0;0;0;0;0;0;0;0.1;0.1;0.1;0.2;0.111111111111111;0.2
04.02.06;0;0.0;0;0;0;0;0;0;0;0.1;0.1;0.1;0.2;0.1;0.2
05.02.06;0;0.0;0;0;0;0;0;0;0;0.1;0.1;0.1;0.2;0.108333333333333;0.2
06.02.06;0;0.0;0;0;0;0;0;0;0;0.1;0.1;0.1;0.2;0.116666666666667;0.2
07.02.06;0;0.0;0;0;0;0;0;0;0;0.1;0.1;0.1;0.2;0.125;0.2
08.02.06;0;0.0;0;0;0;0;0;0;0;0.1;0.1;0.1;0.2;0.133333333333333;0.2
09.02.06;0;0.0;0;0;0;0;0;0;0;0.1;0.1;0.1;0.2;0.141666666666667;0.2
10.02.06;-2.77555756156289E-17;0.0;0;0;0;0;0;0;0;0.1;0.1;0.1;0.2;0.15;0.2
11.02.06;0.0666666666666667;0.0;0;0;0;0;0;0;0;0.1;0.1;0.1;0.2;0.158333333333333;0.2
12.02.06;0.133333333333333;0.0;0;0;0;0;0;0;0;0.1;0.1;0.1;0.2;0.166666666666667;0.2
13.02.06;0.2;0.0;0;0;0;0;0.1;0;0;0.1;0.1;0.1;0.2;0.175;0.2
14.02.06;0.266666666666667;0.0;0;0;0;0;0.1;0;0;0.1;0.1;0.1;0.2;0.183333333333333;0.2
15.02.06;0.333333333333333;0.0;0;0;0;0;0.1;0;0;0.1;0.1;0.1;0.2;0.191666666666667;0.2
16.02.06;0.4;0.0;0;0;0;0;0.1;0;0;0.1;0.1;0.1;0.2;0.2;0.2
17.02.06;0.4;0.0;0;0;0;0;0.1;0;0;0.1;0.1;0.1;0.2;0.2;0.2
18.02.06;0.4;0.0;0;0;0;0;0.1;0;0;0.1;0.1;0.1;0.2;0.2;0.2
19.02.06;0.4;0.0;0;0;0;0;0.1;0;0;0.1;0.1;0.1;0.2;0.2;0.2
20.02.06;0.4;0.0;0;0;0;0;0.1;0;0;0.1;0.1;0.1;0.2;0.2;0.2
21.02.06;0.4;0.0;0;0;0;0;0.1;0;0;0.1;0.1;0.1;0.2;0.2;0.2
22.02.06;0.4;0.0;0;0;0;0;0.1;0;0;0.1;0.1;0.1;0.2;0.2;0.2
23.02.06;0.366666666666667;0.0;0;0;0;0;0.1;0;0;0.1;0.1;0.1;0.2;0.2;0.2
24.02.06;0.333333333333333;0.0;0;0;0;0;0.1;0;0;0.1;0.1;0.1;0.2;0.2;0.2
25.02.06;0.3;0.0;0;0;0;0;0.1;0;0;0.1;0.1;0.1;0.2;0.2;0.2
26.02.06;0.266666666666667;0.0;0;0;0;0;0.1;0;0;0.1;0.1;0.1;0.2;0.2;0.2
27.02.06;0.233333333333333;0.0;0;0;0;0;0;0;0;0.1;0.1;0.1;0.2;0.2;0.2
28.02.06;0.2;0.0;0;0;0;0;0;0;0;0.1;0.1;0.1;0.216666666666667;0.2;0.2
01.03.06;0.3;0.0;0;0;0;0;0;0;0;0.1;0.1;0.1;0.233333333333333;0.2;0.2
02.03.06;0.35;0.0;0;0;0;0;0;0;0;0.1;0.1;0.1;0.25;0.2;0.2
03.03.06;0.4;0.0;0;0;0;0;0;0;0;0.1;0.1;0.1;0.266666666666667;0.2;0.2
04.03.06;0.333333333333333;0.0;0;0;0;0;0;0;0;0.1;0.1;0.1;0.283333333333334;0.2;0.2
05.03.06;0.266666666666667;0.0;0;0;0;0;0;0;0;0.1;0.1;0.1;0.3;0.2;0.2
06.03.06;0.2;0.0;0;0;0;0;0.1;0;0;0.1;0.1;0.1;0.283333333333334;0.2;0.2
07.03.06;0.133333333333333;0.0;0;0;0;0;0.1;0;0;0.1;0.1;0.1;0.266666666666667;0.2;0.2
08.03.06;0.0666666666666667;0.0;0;0;0;0;0.1;0;0;0.1;0.1;0.1;0.25;0.2;0.2
09.03.06;-5.55111512312578E-17;0.0;0;0;0;0;0.1;0;0;0.2;0.1;0.1;0.233333333333333;0.2;0.2
10.03.06;-4.16333634234434E-17;0.0;0;0;0;0;0.1;0;0;0.185714285714286;0.1;0.1;0.216666666666667;0.2;0.2
11.03.06;-2.77555756156289E-17;0.0;0;0;0;0;0.1;0;0;0.171428571428571;0.1;0.1;0.2;0.2;0.2
12.03.06;-1.38777878078145E-17;0.0;0;0;0;0;0.1;0;0;0.157142857142857;0.1;0.1;0.35;0.2;0.2
13.03.06;1.38777878078145E-17;0.0;0;0;0;0;0.1;0;0;0.142857142857143;0.1;0.1;0.5;0.2;0.2
14.03.06;0.1;0.0;0;0;0;0;0.1;0;0;0.128571428571429;0.1;0.1;0.45;0.2;0.2
15.03.06;0.2;0.0;0;0;0;0;0.1;0;0;0.114285714285714;0.1;0.1;0.4;0.2;0.2
16.03.06;0.3;0.0;0;0;0;0;0.1;0;0;0.099999999999999;0.1;0.1;0.35;0.2;0.2
17.03.06;0.4;0.0;0;0;0;0;0.1;0;0;0.0999999999999999;0.1;0.1;0.3;0.2;0.2
18.03.06;0.32;0.0;0;0;0;0;0.1;0;0;0.0999999999999999;0.1;0.1;0.4;0.2;0.2
19.03.06;0.24;0.0;0;0;0;0;0.1;0;0;0.1;0.1;0.1;0.5;0.2;0.2
20.03.06;0.16;0.0;0;0;0;0;0.1;0;0;0.1;0.1;0.1;0.909090909090909;0.2;0.2
21.03.06;0.08;0.0;0;0;0;0;0.1;0;0;0.1;0.1;0.1;1.31818181818182;0.2;0.2
22.03.06;5.55111512312578E-17;0.0;0;0;0;0;0.1;0;0;0.1;0.1;0.116666666666667;1.72727272727273;0.2;0.2
23.03.06;4.44089209850063E-17;0.0;0;0;0;0;0.1;0;0;0.1;0.107142857142857;0.133333333333333;2.13636363636364;0.2;0.2
24.03.06;3.33066907387547E-17;0.0;0;0;0;0;0.1;0;0;0.1;0.114285714285714;0.15;2.54545454545455;0.2;0.2125
25.03.06;2.22044604925031E-17;0.0;0;0;0;0;0.1;0;0;0.1;0.121428571428571;0.166666666666667;2.95454545454545;0.2;0.225
26.03.06;1.11022302462516E-17;0.0;0;0;0;0;0.1;0;0;0.1;0.128571428571429;0.183333333333334;3.36363636363636;0.2;0.2375
27.03.06;3.46944695195361E-18;0.0;0;0;0;0;0.1;0;0;0.1;0.135714285714286;0.2;3.77272727272727;0.2;0.25
28.03.06;0.025;0.0;0;0;0;0;0.1;0;0;0.2;0.142857142857143;0.2;4.18181818181818;0.2;0.2625
29.03.06;0.05;0.0;0;0;0;0;0.1;0;0;0.2;0.15;0.228571428571429;4.59090909090909;0.2;0.275
30.03.06;0.075;0.0;0;0;0;0;0.1;0;0;0.1;0.157142857142857;0.257142857142857;5;0.2;0.2875
31.03.06;0.1;0.0;0;0;0;0;0.1;0;0;0.1;0.164285714285714;0.285714285714286;4.77777777777778;0.2;0.3
01.04.06;0.2;0.0;0;0;0;0;0.1;0;0;0.1;0.171428571428571;0.314285714285714;4.55555555555556;0.211111111111111;0.3125
02.04.06;0.3;0.0;0;0;0;0;0.1;0;0;0.1;0.178571428571429;0.342857142857143;4.33333333333333;0.222222222222222;0.325
03.04.06;0.4;0.0;0.0666666666666667;0;0;0;0.1;0;0;0.1;0.185714285714286;0.371428571428572;4.11111111111111;0.233333333333333;0.3375
04.04.06;0.7;0.1;0.133333333333333;0;0;0;0.2;0;0;0.1;0.192857142857143;0.4;3.88888888888889;0.244444444444444;0.35
05.04.06;1.7;0.1;0.2;0;0;0;0.3;0;0;0.2;0.2;0.45;3.66666666666667;0.255555555555556;0.3625
06.04.06;2.7;0.1;0.2;0;0;0;0.4;0;0;0.3;0.28;0.5;3.44444444444445;0.266666666666667;0.375
07.04.06;3.7;0.1;0.2;0;0;0;0.5;0;0.1;0.38;0.36;0.55;3.22222222222222;0.277777777777778;0.3875
08.04.06;5;0.1;0.2;0;0;0;0.6;0;0.1;0.46;0.44;0.6;3;0.288888888888889;0.4
09.04.06;6;0.1;0.575;0;0;0;0.85;0;0.1;0.54;0.52;0.65;3.42857142857143;0.3;0.6
10.04.06;6.9;0.1;0.95;0;0;0.1;1.1;0;0.1;0.62;0.6;0.7;3.85714285714286;0.35;0.8
11.04.06;6.5;0.2;1.325;0;0;0.1;1.67142857142857;0.05;0.1;0.7;0.4;1.31428571428571;4.28571428571429;0.4;1
12.04.06;6.1;0.2;1.7;0;0;0.1;2.24285714285714;0.1;0.5;1.03333333333333;0.642857142857143;1.92857142857143;4.71428571428571;0.45;1.2
13.04.06;7.1;0.2;2.33333333333333;0;0;0.1;2.81428571428571;0.15;0.9;1.36666666666667;0.885714285714286;2.54285714285714;5.14285714285714;0.5;1.4
14.04.06;8.1;0.2;2.96666666666667;0;0;0.1;3.38571428571428;0.2;1.3;1.7;1.12857142857143;3.15714285714286;5.57142857142857;2.2;1.6
15.04.06;7;0.2;3.6;0;0;0.2;3.95714285714286;0.25;2;2.03333333333333;1.37142857142857;3.77142857142857;6;3.9;1.8
16.04.06;5.4;0.3;3.88461538461539;0;0;0.6;4.52857142857143;0.3;2.7;2.36666666666667;1.61428571428571;4.38571428571428;5.9125;3.575;2.46666666666667
17.04.06;6.4;0.3;4.16923076923077;0;0;0.9;5.1;0.566666666666667;3.4;2.7;1.85714285714286;5;5.825;3.25;3.13333333333333
18.04.06;7.4;0.4;4.45384615384616;0.1;0.2;0.6;5.725;0.833333333333334;4.1;2.25;2.1;4.6;5.7375;2.925;3.8
19.04.06;6.7;0.4;4.73846153846154;0.1;0.3;0.3;6.35;1.1;4.8;1.8;2.45555555555556;4.2;5.65;2.6;4.44285714285714
20.04.06;7.06666666666667;0.5;5.02307692307693;0.1;1.175;1;6.975;1.36666666666667;5.5;1.35;2.81111111111111;5.22;5.5625;3;5.08571428571429
21.04.06;7.43333333333333;0.6;5.30769230769231;0.566666666666667;2.05;1.6;7.6;1.63333333333334;5.85;0.9;3.16666666666667;6.24;5.475;3.4;5.72857142857143
22.04.06;7.8;0.6;5.5923076923077;1.03333333333333;2.925;2.3;7.6;1.9;6.2;1.68333333333333;3.52222222222222;7.26;5.3875;3.8;6.37142857142857
23.04.06;7.76666666666667;0.7;5.87692307692308;1.5;3.8;2.6;7.6;2.32;6.55;2.46666666666667;3.87777777777778;8.28;5.3;4.2;7.01428571428572
24.04.06;7.73333333333333;2.8;6.16153846153846;1.96666666666667;4.9;2.8;7.6;2.74;6.9;3.25;4.23333333333333;9.3;5.48333333333333;4.6;7.65714285714286
25.04.06;7.7;3.3;6.44615384615385;2.43333333333334;6;3.1;7.6;3.16;7.25;4.03333333333333;4.58888888888889;9.69285714285714;5.66666666666667;5;8.3
26.04.06;7.93333333333333;3.7;6.73076923076924;2.9;7.1;4;7.66666666666667;3.58;7.6;4.81666666666667;4.94444444444444;10.0857142857143;5.85;5.4;7.3
27.04.06;8.16666666666667;4.2;7.01538461538462;4;8.2;5;7.73333333333333;4;8.6;5.6;5.3;10.4785714285714;6.03333333333333;5.8;9.3
28.04.06;8.4;5.5;7.30000000000001;4.98333333333333;9.3;5.9;7.8;5;9.075;6.63333333333333;6.7;10.8714285714286;6.21666666666667;6.2;9.15555555555556
29.04.06;8.7;7.2;7.55;5.96666666666667;9.5;6.8;8.32857142857143;6.15;9.55;7.66666666666666;7.14;11.2642857142857;6.4;6.6;9.01111111111111
30.04.06;9;8.3;7.8;6.95;9.7;7.24285714285714;8.85714285714286;7.3;10.025;8.69999999999999;7.58;11.6571428571429;7.15;7;8.86666666666667
01.05.06;9.3;8.8;8.85;7.93333333333333;9.9;7.68571428571429;9.38571428571429;8.52;10.5;9.59999999999999;8.02;12.05;7.9;7.40909090909091;8.72222222222222
02.05.06;9.76666666666667;9.3;9.9;8.91666666666666;10.1;8.12857142857143;9.91428571428572;9.74;10.975;10.5;8.46;12.4428571428571;8.65;7.81818181818182;8.57777777777778
03.05.06;10.2333333333333;9.8;10.95;9.9;10.3;8.57142857142857;10.4428571428571;10.96;11.45;11.4;8.9;12.8357142857143;9.4;8.22727272727273;8.43333333333333
04.05.06;10.7;10.7;12;10;10.5;9.01428571428571;10.9714285714286;12.18;11.925;11.4;9.35;13.2285714285714;10.15;8.63636363636364;8.28888888888889
05.05.06;11.2;10.2;12.5714285714286;10.3;11.6666666666667;9.45714285714286;11.5;13.4;12.4;11;9.8;13.6214285714286;10.9;9.04545454545455;8.14444444444444
06.05.06;11.7;10.7;13.1428571428571;10.8;12.8333333333333;9.9;11.1;13.1333333333333;12.82;10.52;10.25;14.0142857142857;11.65;9.45454545454545;8
07.05.06;12.2;11.5;13.7142857142857;11.3;14;10.5;10.7;12.8666666666667;13.24;10.04;10.7;14.4071428571429;12.4;9.86363636363636;8.36666666666666
08.05.06;12.375;12.5;14.2857142857143;11.8;14.38;11.1;10.3;12.6;13.66;9.56;11.15;14.8;12.5857142857143;10.2727272727273;8.73333333333333
09.05.06;12.55;13.5;14.8571428571429;12.3;14.76;11.7;11.275;12.875;14.08;9.08;11.6;15.52;12.7714285714286;10.6818181818182;9.1
10.05.06;12.725;14.5;15.4285714285714;12.8;15.14;12.3;12.25;13.15;14.5;8.6;12.05;16.24;12.9571428571429;11.0909090909091;9.46666666666666
11.05.06;12.9;14.9;16;13.6;15.52;12.9;13.225;13.425;14.45;8.4;12.5;16.96;13.1428571428571;11.5;9.83333333333333
12.05.06;13.2;15.2;16.2666666666667;12.9;15.9;13.5;14.2;13.7;14.4;8.2;12.95;17.68;13.3285714285714;12.6333333333333;10.2
13.05.06;13.5;15.7;16.5333333333333;12.2;15.05;14.1;14.8;14.15;14.16;8.4;13.4;18.4;13.5142857142857;13.7666666666667;10.4857142857143
14.05.06;13.8;16.1;16.8;12.54;14.2;15;15.4;14.6;13.92;8.6;14.2333333333333;19.25;13.7;14.9;10.7714285714286
15.05.06;12.4333333333333;15.2;16.7;12.88;14.975;15.9;15.48;14.14;13.68;8.8;15.0666666666667;20.1;13.5142857142857;15.7833333333333;11.0571428571429
16.05.06;11.0666666666667;14.2;16.6;13.22;15.75;16.8;15.56;13.68;13.44;9;15.9;19.4;13.3285714285714;16.6666666666667;11.3428571428571
17.05.06;9.7;13.1;16.5;13.56;16.525;16.4714285714286;15.64;13.22;13.2;9.2;16.0428571428571;18.7;13.1428571428571;17.55;11.6285714285714
18.05.06;10.8;12.1;16.4;13.9;17.3;16.1428571428571;15.72;12.76;14;9.94;16.1857142857143;18;12.9571428571429;18.4333333333333;11.9142857142857
19.05.06;11.9;12.2;16.3;14.24;16.96;15.8142857142857;15.8;12.3;14.8;10.68;16.3285714285714;17.3;12.7714285714286;19.3166666666667;12.2
20.05.06;13;12.2;16.2;14.58;16.62;15.4857142857143;17;13.4;14.85;11.42;16.4714285714286;16.6;12.5857142857143;20.2;11.9833333333333
21.05.06;13.7;12.3;16.2714285714286;14.92;16.28;15.1571428571429;18.2;14.5;14.9;12.16;16.6142857142857;15.9;12.4;19.9142857142857;11.7666666666667
22.05.06;14.4;12.3;16.3428571428571;15.26;15.94;14.8285714285714;19.4;15.12;14.95;12.9;16.7571428571429;15.2;12.5;19.6285714285714;11.55
23.05.06;15.1;12.5;16.4142857142857;15.6;15.6;14.5;19.7333333333333;15.74;15;13.4;16.9;14.5;12.6;19.3428571428571;11.3333333333333
24.05.06;14.375;12.6;16.4857142857143;15.6;15.26;14.9;20.0666666666667;16.36;15.1;13.9;16.7428571428571;14.8785714285714;12.7;19.0571428571429;11.1166666666667
25.05.06;13.65;12.8;16.5571428571429;15.6;14.92;15.3;20.4;16.98;15.2;14.4;16.5857142857143;15.2571428571429;12.8;18.7714285714286;10.9
26.05.06;12.925;12.9;16.6285714285714;15.6;14.58;15.7;19.76;17.6;16.16;14.9;16.4285714285714;15.6357142857143;12.9;18.4857142857143;11.5285714285714
27.05.06;12.2;12.9;16.7;15.9;14.24;16.1;19.12;18.1714285714286;17.12;14.25;16.2714285714286;16.0142857142857;13;18.2;12.1571428571429
28.05.06;12.8666666666667;13.8;17;16.2;13.9;16.55;18.48;18.7428571428571;18.08;13.6;16.1142857142857;16.3928571428571;13.1;17.9142857142857;12.7857142857143
29.05.06;13.5333333333333;14.6;17.3;16.5;14.0375;17;17.84;19.3142857142857;19.04;12.95;15.9571428571429;16.7714285714286;13.3714285714286;17.6285714285714;13.4142857142857
30.05.06;14.2;15.7;17.6;16.8;14.175;17.45;17.2;19.8857142857143;20;12.3;15.8;17.15;13.6428571428571;17.3428571428571;14.0428571428571
31.05.06;13.975;16.8;17.9;17.275;14.3125;17.9;17.9833333333333;20.4571428571429;19.1;12.85;15.6;17.5285714285714;13.9142857142857;17.0571428571429;14.6714285714286
01.06.06;13.75;17.9;18.5;17.75;14.45;18.6;18.7666666666667;21.0285714285714;18.2;13.4;15.4;17.9071428571429;14.1857142857143;16.7714285714286;15.3
02.06.06;13.525;18.1;19.1;18.225;14.5875;19.3;19.55;21.6;17.3;13.2333333333333;15.2;18.2857142857143;14.4571428571429;16.4857142857143;15.625
03.06.06;13.3;18.3;19.7;18.7;14.725;20;20.3333333333333;21.6;17.12;13.0666666666667;15;18.6642857142857;14.7285714285714;16.2;15.95
04.06.06;13.6;18.5;19.4833333333333;18.0333333333333;14.8625;20.7;21.1166666666667;21.5;16.94;12.9;14.8;19.0428571428572;15;16.7;16.275
05.06.06;13.9;18.2;19.2666666666667;17.3666666666667;15;20.0333333333333;21.9;20.9;16.76;12.7333333333333;14.6;19.4214285714286;15.6857142857143;17.2;16.6
06.06.06;13.6666666666667;17.9;19.05;16.7;15.55;19.3666666666667;21.5;20.3;16.58;12.5666666666667;14.4;19.8;16.3714285714286;17.7;16.925
07.06.06;13.4333333333333;17.6;18.8333333333333;16.0333333333333;16.1;18.7;21.1;19.7;16.4;12.4;14.4111111111111;20.4;17.0571428571429;18.2;17.25
08.06.06;13.2;17.3;18.6166666666667;15.3666666666667;16.65;18.7666666666667;20.7;19.1;15.9333333333333;12.8571428571429;14.4222222222222;21;17.7428571428571;18.7;17.575
09.06.06;12.3;17.8;18.4;14.7;17.2;18.8333333333333;20.3;18.4;15.4666666666667;13.3142857142857;14.4333333333333;21.6;18.4285714285714;19.375;17.9
10.06.06;11.4;18.3;18.6714285714286;14.975;17.75;18.9;19.9;17.7;15;13.7714285714286;14.4444444444444;22.2;19.1142857142857;20.05;18.3333333333333
11.06.06;11.7;18.8;18.9428571428571;15.25;18.3;18.88;19.5;17;15.6714285714286;14.2285714285714;14.4555555555556;22.8;19.8;20.725;18.7666666666667
12.06.06;12;19.7;19.2142857142857;15.525;18.85;18.86;19.1;17.775;16.3428571428571;14.6857142857143;14.4666666666667;20.7;19.8428571428571;21.4;19.2
13.06.06;14.1;20.6;19.4857142857143;15.8;19.4;18.84;18.7;18.55;17.0142857142857;15.1428571428571;14.4777777777778;18.6;19.8857142857143;22.075;19.6333333333333
14.06.06;16.2;21.5;19.7571428571429;16.075;19.95;18.82;18.3;19.325;17.6857142857143;15.6;14.4888888888889;18.9166666666667;19.9285714285714;22.75;20.0666666666667
15.06.06;17.7333333333333;22.4;20.0285714285714;16.35;20.5;18.8;17.9;20.1;18.3571428571429;15.8;14.5;19.2333333333333;19.9714285714286;23.425;20.5
16.06.06;19.2666666666667;22.2;20.3;16.625;20.41;18.7;17.5;20.0333333333333;19.0285714285714;16;15.875;19.55;20.0142857142857;24.1;20.2666666666667
17.06.06;20.8;22.0;20.4714285714286;16.9;20.32;18.6;17.1666666666667;19.9666666666667;19.7;16.5666666666667;17.25;19.8666666666667;20.0571428571429;24.35;20.0333333333333
18.06.06;20.6;20.1;20.6428571428571;17.1285714285714;20.23;18.5;16.8333333333333;19.9;20.42;17.1333333333333;18.625;20.1833333333333;20.1;24.6;19.8
19.06.06;20.4;18.1;20.8142857142857;17.3571428571429;20.14;18.4;16.5;20.45;21.14;17.7;20;20.5;20.1;24.85;19.5666666666667
20.06.06;20.25;18.5;20.9857142857143;17.5857142857143;20.05;18.3;16.875;21;21.86;17.375;19.6666666666667;20.5375;20.1;25.1;19.3333333333333
21.06.06;20.1;18.8;21.1571428571429;17.8142857142857;19.96;19.28;17.25;21.55;22.58;17.05;19.3333333333333;20.575;20.1;25.35;19.1
22.06.06;20.7333333333333;19.2;21.3285714285714;18.0428571428571;19.87;20.26;17.625;22.1;23.3;16.725;19;20.6125;20.1;25.6;18.8666666666667
23.06.06;21.3666666666667;19.3;21.5;18.2714285714286;19.78;21.24;18;22.6;23;16.4;19.86;20.65;20.1;25.85;18.6333333333333
24.06.06;22;19.3;21.8666666666667;18.5;19.69;22.22;17.825;23.1;22.7;16.8333333333333;20.72;20.6875;20.1;26.1;18.4
25.06.06;21.1;19.4;22.2333333333333;19.1;19.6;23.2;17.65;23.6;22.4333333333333;17.2666666666667;21.58;20.725;20.1;25.8428571428571;18.6923076923077
26.06.06;20.2;19.5;22.6;19.7;19.68;23.6666666666667;17.475;23.12;22.1666666666667;17.7;22.44;20.7625;20.0125;25.5857142857143;18.9846153846154
27.06.06;19.1;19.7;22.9666666666667;20.3;19.76;24.1333333333333;17.3;22.64;21.9;17.925;23.3;20.8;19.925;25.3285714285714;19.2769230769231
28.06.06;18;19.9;23.3333333333333;20.9;19.84;24.6;16.4;22.16;21.6333333333333;18.15;23.2428571428571;20.4857142857143;19.8375;25.0714285714286;19.5692307692308
29.06.06;18.2666666666667;20.1;23.7;21.1833333333333;19.92;24.6;15.5;21.68;21.3666666666667;18.375;23.1857142857143;20.1714285714286;19.75;24.8142857142857;19.8615384615385
30.06.06;18.5333333333333;19.7;23.7454545454545;21.4666666666667;20;24.6;14.6;21.2;21.1;18.6;23.1285714285714;19.8571428571429;19.6625;24.5571428571429;20.1538461538462
01.07.06;18.8;19.2;23.7909090909091;21.75;21.5;24.6;16.5;21.5;20.9375;18.4666666666667;23.0714285714286;19.5428571428571;19.575;24.3;20.4461538461538
02.07.06;18.95;18.8;23.8363636363636;22.0333333333333;22.5;24.55;18.4;21.8;20.775;18.3333333333333;23.0142857142857;19.2285714285714;19.4875;24.1285714285714;20.7384615384615
03.07.06;19.1;18.3;23.8818181818182;22.3166666666667;23.5;24.5;20.3;21.24;20.6125;18.2;22.9571428571429;18.9142857142857;19.4;23.9571428571429;21.0307692307692
04.07.06;19.35;17.7;23.9272727272727;22.6;23.3666666666667;24.45;20.35;20.68;20.45;17.725;22.9;18.6;20.3166666666667;23.7857142857143;21.3230769230769
05.07.06;19.6;17.2;23.9727272727273;22.6;23.2333333333333;24.4;20.4;20.12;20.2875;17.25;22.7;18.4142857142857;21.2333333333333;23.6142857142857;21.6153846153846
06.07.06;19.5666666666667;16.6;24.0181818181818;22.6;23.1;24.4;20.45;19.56;20.125;16.775;22.5;18.2285714285714;22.15;23.4428571428571;21.9076923076923
07.07.06;19.5333333333333;17.5;24.0636363636364;22.5428571428571;22.975;24.4;20.5;19;19.9625;16.3;22.3;18.0428571428571;23.0666666666667;23.2714285714286;22.2
08.07.06;19.5;18.4;24.1090909090909;22.4857142857143;22.85;24.4;20.175;18.2666666666667;19.8;16.075;22.1;17.8571428571429;23.9833333333333;23.1;22.58
09.07.06;20.1;19.2;24.1545454545455;22.4285714285714;22.725;24;19.85;17.5333333333333;20.05;15.85;21.9;17.6714285714286;24.9;23.4285714285714;22.96
10.07.06;20.7;20.1;24.2;22.3714285714286;22.6;23.6;19.525;16.8;20.3;15.625;21.7;17.4857142857143;24.5285714285714;23.7571428571429;23.34
11.07.06;21.35;20.7;24.65;22.3142857142857;23.08;23.2;19.2;16.9285714285714;20.55;15.4;21.5;17.3;24.1571428571429;24.0857142857143;23.72
12.07.06;22;21.4;25.1;22.2571428571429;23.56;22.9142857142857;20.9666666666667;17.0571428571429;20.8;16.2;21.7714285714286;17.6428571428571;23.7857142857143;24.4142857142857;24.1
13.07.06;22.2;22.0;25.55;22.2;24.04;22.6285714285714;22.7333333333333;17.1857142857143;21.05;17;22.0428571428571;17.9857142857143;23.4142857142857;24.7428571428571;23.4
14.07.06;22.4;21.8;26;22.325;24.52;22.3428571428571;24.5;17.3142857142857;21.3;17.8;22.3142857142857;18.3285714285714;23.0428571428571;25.0714285714286;23.0875
15.07.06;22.6;21.7;25.7285714285714;22.45;25;22.0571428571429;23.875;17.4428571428571;21.8;18.6;22.5857142857143;18.6714285714286;22.6714285714286;25.4;22.775
16.07.06;22.95;21.5;25.4571428571429;22.575;24.45;21.7714285714286;23.25;17.5714285714286;22.3;19.4;22.8571428571429;19.0142857142857;22.3;25.1666666666667;22.4625
17.07.06;23.3;21.5;25.1857142857143;22.7;23.9;21.4857142857143;22.625;17.7;22.8;20.2;23.1285714285714;19.3571428571429;21.9857142857143;24.9333333333333;22.15
18.07.06;23.9;21.5;24.9142857142857;22.825;23.35;21.2;22;17.72;23.3;20.2;23.4;19.7;21.6714285714286;24.7;21.8375
19.07.06;24.5;21.5;24.6428571428571;22.95;22.8;20.9857142857143;21.6428571428571;17.74;23.8;20.2;23.0166666666667;19.7666666666667;21.3571428571429;24.4666666666667;21.525
20.07.06;24.7333333333333;21.5;24.3714285714286;23.075;22.25;20.7714285714286;21.2857142857143;17.76;24.3;20.2;22.6333333333333;19.8333333333333;21.0428571428571;24.2333333333333;21.2125
21.07.06;24.9666666666667;21.3;24.1;23.2;21.7;20.5571428571429;20.9285714285714;17.78;24.3;20.2;22.25;19.9;20.7285714285714;24;20.9
22.07.06;25.2;21.1;24.26;23.3833333333333;21.15;20.3428571428571;20.5714285714286;17.8;24.3;19.3666666666667;21.8666666666667;19.9666666666667;20.4142857142857;23.575;21.3333333333333
23.07.06;24.7;20.8;24.42;23.5666666666667;20.6;20.1285714285714;20.2142857142857;18.28;24.3;18.5333333333333;21.4833333333333;20.0333333333333;20.1;23.15;21.7666666666667
24.07.06;24.2;20.4;24.58;23.75;20.05;19.9142857142857;19.8571428571429;18.76;24.3;17.7;21.1;20.1;20.2166666666667;22.725;22.2
25.07.06;23.7;20.9;24.74;23.9333333333333;19.5;19.7;19.5;19.24;24.3;18.8;21.3545454545455;19.4428571428571;20.3333333333333;22.3;22.6333333333333
26.07.06;23.2;21.3;24.9;24.1166666666667;20.1;19.96;19.5;19.72;24.3;19.9;21.6090909090909;18.7857142857143;20.45;21.875;23.0666666666667
27.07.06;22.5;21.8;24.1;24.3;20.7;20.22;19.5;20.2;25.4;21;21.8636363636364;18.1285714285714;20.5666666666667;21.45;23.5
28.07.06;21.8;22.1;23.3;23.85;21.4666666666667;20.48;19.5;20.65;25.3714285714286;21.175;22.1181818181818;17.4714285714286;20.6833333333333;21.025;23.3666666666667
29.07.06;21.1;22.3;23.4111111111111;23.4;22.2333333333333;20.74;20.025;21.1;25.3428571428571;21.35;22.3727272727273;16.8142857142857;20.8;20.6;23.2333333333333
30.07.06;18.75;22.6;23.5222222222222;22.95;23;21;20.55;20.8166666666667;25.3142857142857;21.525;22.6272727272727;16.1571428571429;20.85;21.0142857142857;23.1
31.07.06;16.4;22.8;23.6333333333333;22.5;23.7666666666667;20.5666666666667;21.075;20.5333333333333;25.2857142857143;21.7;22.8818181818182;15.5;20.9;21.4285714285714;22.9666666666667
01.08.06;17.7;22.3;23.7444444444444;22.05;24.5333333333333;20.1333333333333;21.6;20.25;25.2571428571429;21.425;23.1363636363636;15.6111111111111;20.95;21.8428571428571;22.8333333333333
02.08.06;19;21.7;23.8555555555556;21.6;25.3;19.7;21.9666666666667;19.9666666666667;25.2285714285714;21.15;23.3909090909091;15.7222222222222;21;22.2571428571429;22.7
03.08.06;18.2;21.2;23.9666666666667;21.2666666666667;25.2;20.3;22.3333333333333;19.6833333333333;25.2;20.875;23.6454545454545;15.8333333333333;21.05;22.6714285714286;22.5666666666667
04.08.06;17.4;21.1;24.0777777777778;20.9333333333333;24.7571428571429;20.9;22.7;19.4;24.7142857142857;20.6;23.9;15.9444444444444;21.1;23.0857142857143;22.4333333333333
05.08.06;16.6;20.9;24.1888888888889;20.6;24.3142857142857;21.5;22.7;19.4;24.2285714285714;20.325;23.2;16.0555555555556;21.15;23.5;22.3
06.08.06;16;19.4;24.3;20.2666666666667;23.8714285714286;21.45;22.7;19.4;23.7428571428571;20.05;22.5;16.1666666666667;21.2;23.4285714285714;21.9857142857143
07.08.06;15.1;17.8;24.3;19.9333333333333;23.4285714285714;21.4;22.7;19.4;23.2571428571429;19.775;21.8;16.2777777777778;20.6666666666667;23.3571428571429;21.6714285714286
08.08.06;15.45;17.6;24.3;19.6;22.9857142857143;21.35;22.7;19.4;22.7714285714286;19.5;21.1;16.3888888888889;20.1333333333333;23.2857142857143;21.3571428571429
09.08.06;15.8;17.5;24.3;19.95;22.5428571428571;21.3;22.4666666666667;19.4;22.2857142857143;19.3666666666667;20.4;16.5;19.6;23.2142857142857;21.0428571428571
10.08.06;17.0333333333333;17.3;24.3;20.3;22.1;21.5;22.2333333333333;19.4;21.8;19.2333333333333;20.1;16.73;19.0666666666667;23.1428571428571;20.7285714285714
11.08.06;18.2666666666667;17.9;23.6666666666667;20.65;21.6642857142857;21.7;22;19.4;22.1;19.1;19.8;16.96;18.5333333333333;23.0714285714286;20.4142857142857
12.08.06;19.5;18.6;23.0333333333333;21;21.2285714285714;21.9;22;19.4;22.4;19.1666666666667;19.5;17.19;18;23;20.1
13.08.06;19.25;19.2;22.4;21.35;20.7928571428571;22.1;22;19.4;22;19.2333333333333;19.2;17.42;17.44;23.2;20.1833333333333
14.08.06;19;19.8;21.7666666666667;21.7;20.3571428571429;22.0333333333333;22;19.4;21.6;19.3;19.06;17.65;16.88;23.4;20.2666666666667
15.08.06;19.8;19.6;21.1333333333333;22.05;19.9214285714286;21.9666666666667;22;18.54;21.2;19.0333333333333;18.92;17.88;16.32;23.6;20.35
16.08.06;20.6;19.4;20.5;22.4;19.4857142857143;21.9;21.5666666666667;17.68;20.8;18.7666666666667;18.78;18.11;15.76;23.8;20.4333333333333
17.08.06;21.0666666666667;19.3;20.15;22.1;19.05;21.625;21.1333333333333;16.82;20.4;18.5;18.64;18.34;15.2;24;20.5166666666667
18.08.06;21.5333333333333;19.1;19.8;20.74;18.6142857142857;21.35;20.7;15.96;20.7;18.4;18.5;18.57;15.6444444444444;24.2;20.6
19.08.06;22;18.9;19.04;19.38;18.1785714285714;21.075;20.725;15.1;21;18.675;18.36;18.8;16.0888888888889;24.4;20.675
20.08.06;22.05;18.2;18.28;18.02;17.7428571428571;20.8;20.75;15.75;21.4;18.95;18.22;19.1;16.5333333333333;23.4142857142857;20.75
21.08.06;22.1;17.4;17.52;16.66;17.3071428571429;20.3166666666667;20.775;16.4;21.8;19.225;18.08;19.4;16.9777777777778;22.4285714285714;20.825
22.08.06;22.05;17.6;16.76;15.3;16.8714285714286;19.8333333333333;20.8;16.4857142857143;22.2;19.5;17.94;19.7;17.4222222222222;21.4428571428571;20.9
23.08.06;22;17.7;16;15.6428571428571;16.4357142857143;19.35;20.1666666666667;16.5714285714286;22.6;20.1;17.8;18.9875;17.8666666666667;20.4571428571429;20.975
24.08.06;21.4666666666667;17.9;15.9571428571429;15.9857142857143;16;18.8666666666667;19.5333333333333;16.6571428571429;23;19.45;18.0571428571429;18.275;18.3111111111111;19.4714285714286;21.05
25.08.06;20.9333333333333;17.7;15.9142857142857;16.3285714285714;15.8538461538462;18.3833333333333;18.9;16.7428571428571;22.2;18.8;18.3142857142857;17.5625;18.7555555555556;18.4857142857143;21.125
26.08.06;20.4;17.6;15.8714285714286;16.6714285714286;15.7076923076923;17.9;18.2;16.8285714285714;21.4;18.04;18.5714285714286;16.85;19.2;17.5;21.2
27.08.06;19.8666666666667;17.4;15.8285714285714;17.0142857142857;15.5615384615385;17.625;17.5;16.9142857142857;20.5666666666667;17.28;18.8285714285714;16.1375;18.9071428571429;17.1833333333333;21.1
28.08.06;19.3333333333333;17.2;15.7857142857143;17.3571428571429;15.4153846153846;17.35;16.8;17;19.7333333333333;16.52;19.0857142857143;15.425;18.6142857142857;16.8666666666667;21
29.08.06;18.8;17.4;15.7428571428571;17.7;15.2692307692308;17.075;16.1;16.44;18.9;15.76;19.3428571428571;14.7125;18.3214285714286;16.55;20.9
30.08.06;17.8666666666667;17.7;15.7;17.9;15.1230769230769;16.8;16.02;15.88;18.0666666666667;15;19.6;14;18.0285714285714;16.2333333333333;20.8
31.08.06;16.9333333333333;17.9;14.1;18.1;14.9769230769231;16.64;15.94;15.32;17.2333333333333;15.15;19.275;14.7;17.7357142857143;15.9166666666667;19.7714285714286
01.09.06;16;17.8;12.5;18.3;14.8307692307692;16.48;15.86;14.76;16.4;15.3;18.95;15.4;17.4428571428571;15.6;18.7428571428571
02.09.06;15.0666666666667;17.7;12.375;17.8923076923077;14.6846153846154;16.32;15.78;14.2;16.1714285714286;15.09;18.625;16.1;17.15;15.1714285714286;17.7142857142857
03.09.06;14.1333333333333;17.5;12.25;17.4846153846154;14.5384615384615;16.16;15.7;14.32;15.9428571428571;14.88;18.3;16.8;16.8571428571429;14.7428571428571;16.6857142857143
04.09.06;13.2;17.4;12.125;17.0769230769231;14.3923076923077;16;15.45;14.44;15.7142857142857;14.67;17.975;15.45;16.5642857142857;14.3142857142857;15.6571428571429
05.09.06;13.25;17.4;12;16.6692307692308;14.2461538461538;15.6;15.2;14.56;15.4857142857143;14.46;17.65;14.1;16.2714285714286;13.8857142857143;14.6285714285714
06.09.06;13.3;17.3;11.86;16.2615384615385;14.1;15.2;15.2666666666667;14.68;15.2571428571429;14.25;17.325;13.9916666666667;15.9785714285714;13.4571428571429;13.6
07.09.06;14.3;17.3;11.72;15.8538461538462;13.9375;14.8;15.3333333333333;14.8;15.0285714285714;14.04;17;13.8833333333333;15.6857142857143;13.0285714285714;13.6
08.09.06;15.3;17.2;11.58;15.4461538461538;13.775;14.4;15.4;14.45;14.8;13.83;16.675;13.775;15.3928571428571;12.6;13.6
09.09.06;16.3;17.7;11.44;15.0384615384615;13.6125;14;15.1857142857143;14.1;14.6111111111111;13.62;16.35;13.6666666666667;15.1;12.3416666666667;13.6
10.09.06;14.4;18.1;11.3;14.6307692307692;13.45;13.6;14.9714285714286;13.75;14.4222222222222;13.41;16.025;13.5583333333333;14.8454545454545;12.0833333333333;13.6
11.09.06;12.5;18.6;11.5;14.2230769230769;13.2875;13.2;14.7571428571429;13.4;14.2333333333333;13.2;15.7;13.45;14.5909090909091;11.825;13.6
12.09.06;12.35;17.5;11.7;13.8153846153846;13.125;12.8;14.5428571428571;13.3;14.0444444444444;14.2;15.3;13.3416666666667;14.3363636363636;11.5666666666667;13.6
13.09.06;12.2;16.5;11.9;13.4076923076923;12.9625;12.8714285714286;14.3285714285714;13.2;13.8555555555556;15.2;14.9;13.2333333333333;14.0818181818182;11.3083333333333;13.6
14.09.06;13.2;15.4;12.1;13;12.8;12.9428571428571;14.1142857142857;13.1;13.6666666666667;16.2;14.5;13.125;13.8272727272727;11.05;13.6
15.09.06;14.2;15.0;12.3;13;12.8;13.0142857142857;13.9;13;13.4777777777778;15.6923076923077;14.1;13.0166666666667;13.5727272727273;10.7916666666667;13.6
16.09.06;15.2;14.5;12.4666666666667;13;12.8;13.0857142857143;12.975;12.9;13.2888888888889;15.1846153846154;13.7;12.9083333333333;13.3181818181818;10.5333333333333;13.6
17.09.06;16.2;14.1;12.6333333333333;13;12.8;13.1571428571429;12.05;13.1;13.1;14.6769230769231;13.3;12.8;13.0636363636364;10.275;13.5333333333333
18.09.06;17.2;13.2;12.8;13;12.8;13.2285714285714;11.125;13.3;12.9111111111111;14.1692307692308;12.9;12.5466666666667;12.8090909090909;10.0166666666667;13.4666666666667
19.09.06;13.65;12.3;12.9666666666667;13;12.8;13.3;10.2;13.5;12.7222222222222;13.6615384615385;12.5777777777778;12.2933333333333;12.5545454545455;9.75833333333334;13.4
20.09.06;10.1;11.4;13.1333333333333;12.7214285714286;12.5625;13.05;10.24;13.7;12.5333333333333;13.1538461538462;12.2555555555556;12.04;12.3;9.5;13.3333333333333
21.09.06;11.1;10.5;13.3;12.4428571428571;12.325;12.8;10.28;13.9;12.3444444444444;12.6461538461538;11.9333333333333;11.7866666666667;12.0454545454545;9.33;13.2666666666667
22.09.06;12.1;11.0;12.74;12.1642857142857;12.0875;12.55;10.32;14.075;12.1555555555556;12.1384615384615;11.6111111111111;11.5333333333333;11.7909090909091;9.16;13.2
23.09.06;13.1;11.6;12.18;11.8857142857143;11.85;12.3;10.36;14.25;11.9666666666667;11.6307692307692;11.2888888888889;11.28;11.5363636363636;8.99;13.1333333333333
24.09.06;14.1;12.1;11.62;11.6071428571429;11.6125;11.6714285714286;10.4;14.425;11.7777777777778;11.1230769230769;10.9666666666667;11.0266666666667;11.2818181818182;8.82;13.0666666666667
25.09.06;15.1;11.8;11.06;11.3285714285714;11.375;11.0428571428571;10.44;14.6;11.5888888888889;10.6153846153846;10.6444444444444;10.7733333333333;11.0272727272727;8.65;13
26.09.06;12.25;11.5;10.5;11.05;11.1375;10.4142857142857;10.48;14.0166666666667;11.4;10.1076923076923;10.3222222222222;10.52;10.7727272727273;8.48;12.9333333333333
27.09.06;9.4;11.2;9.94;10.7714285714286;10.9;9.78571428571429;10.52;13.4333333333333;11.325;9.59999999999999;10;10.2666666666667;10.5181818181818;8.31;12.8666666666667
28.09.06;9.14;10.9;9.38;10.4928571428571;10.8153846153846;9.15714285714286;10.56;12.85;11.25;9.3;9.73846153846154;10.0133333333333;10.2636363636364;8.14;12.8
29.09.06;8.88;10.4;8.82;10.2142857142857;10.7307692307692;8.52857142857143;10.6;12.2666666666667;11.175;9;9.47692307692308;9.76;10.0090909090909;7.97;12.7333333333333
30.09.06;8.62;9.9;8.26;9.93571428571428;10.6461538461538;7.9;10;11.6833333333333;11.1;8.7;9.21538461538462;9.50666666666666;9.75454545454546;7.8;12.6666666666667
01.10.06;8.36;9.4;7.7;9.65714285714285;10.5615384615385;7.25;9.4;11.1;11.025;8.4;8.95384615384615;9.25333333333333;9.50000000000001;7.47142857142857;12.6
02.10.06;8.1;8.9;7.44545454545455;9.37857142857142;10.4769230769231;6.6;8.8;10.775;10.95;8.1;8.69230769230769;9;9.45714285714286;7.14285714285714;12.5333333333333
03.10.06;9.3;8.3;7.19090909090909;9.09999999999999;10.3923076923077;6.4;8.2;10.45;10.875;7.8;8.43076923076923;8.625;9.41428571428572;6.81428571428572;12.4666666666667
04.10.06;10.5;7.6;6.93636363636364;8.75;10.3076923076923;6.2;7.6;10.125;10.8;7.82857142857143;8.16923076923077;8.25;9.37142857142858;6.48571428571429;12.4
05.10.06;10.45;7.0;6.68181818181818;8.4;10.2230769230769;6;7;9.8;10.3222222222222;7.85714285714286;7.90769230769231;7.875;9.32857142857143;6.15714285714286;12
06.10.06;10.4;6.8;6.42727272727273;8.27333333333333;10.1384615384615;5.8;6.4;8.575;9.84444444444445;7.88571428571429;7.64615384615384;7.5;9.28571428571429;5.82857142857143;11.6
07.10.06;10.35;6.6;6.17272727272727;8.14666666666667;10.0538461538462;5.6;6.15;7.35;9.36666666666667;7.91428571428572;7.38461538461538;7.125;9.24285714285714;5.5;11.2
08.10.06;10.3;6.4;5.91818181818182;8.02;9.96923076923077;6.25;5.9;6.125;8.88888888888889;7.94285714285714;7.12307692307692;6.75;9.2;5.56666666666667;10.8
09.10.06;10.1333333333333;5.9;5.66363636363636;7.89333333333333;9.88461538461539;6.9;5.7;4.9;8.41111111111111;7.97142857142857;6.86153846153846;6.375;9.25714285714286;5.63333333333333;10.4
10.10.06;9.96666666666667;5.3;5.40909090909091;7.76666666666667;9.8;7.55;5.5;4.55;7.93333333333333;8;6.6;6;9.31428571428571;5.7;10
11.10.06;9.8;4.8;5.15454545454545;7.64;9.2;8.2;5.3;4.2;7.45555555555555;7.94285714285714;6.6;6.07142857142857;9.37142857142857;5.76666666666667;9.6
12.10.06;8.96666666666667;4.2;4.9;7.51333333333333;8.6;7.625;5.1;3.85;6.97777777777778;7.88571428571429;6.6;6.14285714285714;9.42857142857143;5.83333333333333;9.2
13.10.06;8.13333333333334;4.7;4.88333333333333;7.38666666666666;8.46666666666667;7.05;4.9;3.5;6.5;7.82857142857143;6.6;6.21428571428571;9.48571428571429;5.9;8.8
14.10.06;7.3;5.2;4.86666666666666;7.26;8.33333333333333;6.475;4.7;3.64285714285714;6.26666666666667;7.77142857142857;6.6;6.28571428571428;9.54285714285714;5.72142857142857;8.425
15.10.06;7.4;5.7;4.85;7.13333333333333;8.2;5.9;4.5;3.78571428571429;6.03333333333333;7.71428571428571;6.6;6.35714285714286;9.6;5.54285714285714;8.05
16.10.06;7.5;6.1;4.83333333333333;7.00666666666666;8.06666666666667;5.325;4.3;3.92857142857143;5.8;7.65714285714286;6.6;6.42857142857143;8.84285714285714;5.36428571428571;7.675
17.10.06;7.6;6.6;4.81666666666667;6.88;7.93333333333333;4.75;4.1;4.07142857142857;5.56666666666667;7.6;6.6;6.5;8.08571428571429;5.18571428571428;7.3
18.10.06;7.5;7.0;4.8;6.75333333333333;7.8;4.175;3.7;4.21428571428572;5.33333333333334;7.05714285714286;6.6;6.58571428571429;7.32857142857143;5.00714285714286;6.925
19.10.06;7.4;7.4;4.4;6.62666666666666;7.44545454545454;3.6;3.3;4.35714285714286;5.1;6.51428571428571;6.4625;6.67142857142857;6.57142857142857;4.82857142857143;6.55
20.10.06;7.3;6.9;4;6.5;7.09090909090909;3.025;2.9;4.5;4.51428571428571;5.97142857142857;6.325;6.75714285714286;5.81428571428572;4.65;6.175
21.10.06;7.2;6.3;3.6;6.18;6.73636363636363;2.45;2.5;3.98333333333334;3.92857142857143;5.42857142857143;6.1875;6.84285714285714;5.05714285714286;4.47142857142857;5.8
22.10.06;7.1;5.8;3.2;5.86;6.38181818181818;1.875;2.1;3.46666666666667;3.34285714285714;4.88571428571428;6.05;6.92857142857143;4.3;4.29285714285714;5.425
23.10.06;6.93333333333333;5.2;3.18181818181818;5.54;6.02727272727273;1.3;1.7;2.95;2.75714285714286;4.34285714285714;5.9125;7.01428571428571;4.24;4.11428571428571;5.05
24.10.06;6.76666666666667;4.5;3.16363636363636;5.22;5.67272727272727;1.84;1.3;2.43333333333334;2.17142857142857;3.8;5.775;7.1;4.18;3.93571428571428;4.675
25.10.06;6.6;3.9;3.14545454545455;4.9;5.31818181818182;2.38;0.9;1.91666666666668;1.58571428571428;3.36666666666667;5.6375;6.66666666666667;4.12;3.75714285714285;4.3
26.10.06;6.43333333333333;3.2;3.12727272727273;4.8625;4.96363636363636;2.92;0.5;1.40000000000001;0.999999999999998;2.93333333333333;5.5;6.23333333333333;4.06;3.57857142857142;4.22857142857143
27.10.06;6.26666666666667;3.2;3.10909090909091;4.825;4.60909090909091;3.46;0.0999999999999996;1.53333333333334;0.899999999999999;2.5;4.56;5.8;4;3.39999999999999;4.15714285714286
28.10.06;6.1;3.1;3.09090909090909;4.7875;4.25454545454545;4;0.0999999999999997;1.66666666666667;0.799999999999999;2.6;3.62;5.36666666666667;4.01111111111111;3.3;4.08571428571429
29.10.06;5.83333333333333;3.1;3.07272727272727;4.75;3.9;4.46666666666667;0.0999999999999998;1.8;0.699999999999999;2.7;2.68;4.93333333333333;4.02222222222222;3.2;4.01428571428572
30.10.06;5.56666666666667;3.0;3.05454545454545;4.7125;3.43333333333333;4.93333333333333;0.0999999999999999;1.74285714285714;0.599999999999999;2.8;1.74;4.5;4.03333333333333;3.1;3.94285714285714
31.10.06;5.3;2.3;3.03636363636364;4.675;2.96666666666667;5.4;0.1;1.68571428571429;0.5;2.9;0.800000000000001;4.575;4.04444444444444;3;3.87142857142857
01.11.06;5.1;1.6;3.01818181818182;4.6375;2.5;5.4;0.118181818181818;1.62857142857143;0.4;3;1;4.65;4.05555555555556;2.9;3.8
02.11.06;4.9;0.9;3;4.6;2.63333333333333;5.4;0.136363636363636;1.57142857142857;0.3;2.78571428571429;1.2;4.725;4.06666666666667;2.8;3.6625
03.11.06;4.6;0.7;3.15384615384615;3.72;2.76666666666667;5.4;0.154545454545455;1.51428571428571;0.283333333333333;2.57142857142857;1.51666666666667;4.8;4.07777777777778;2.7;3.525
04.11.06;4.3;0.4;3.30769230769231;2.84;2.9;5.4;0.172727272727273;1.45714285714286;0.266666666666667;2.35714285714286;1.83333333333333;4.875;4.08888888888889;2.6;3.3875
05.11.06;4;0.2;3.46153846153846;1.96;3.03333333333333;5.4;0.190909090909091;1.4;0.25;2.14285714285714;2.15;4.95;4.1;2.5;3.25
06.11.06;3.7;0.2;3.61538461538462;1.08;3.16666666666667;5.65;0.209090909090909;1.34285714285714;0.233333333333333;1.92857142857143;2.46666666666667;5.025;3.75714285714286;2.4;3.1125
07.11.06;3.4;0.2;3.76923076923077;0.199999999999999;3.3;5.9;0.227272727272727;1.28571428571429;0.216666666666666;1.71428571428572;2.78333333333334;5.1;3.41428571428571;2.3;2.975
08.11.06;3.2;0.1;3.92307692307692;0.166666666666666;3.1;5.8;0.245454545454546;1.22857142857143;0.2;1.5;3.1;4.74;3.07142857142857;2.2;2.8375
09.11.06;3;0.1;4.07692307692308;0.133333333333333;2.7;5.7;0.263636363636364;1.17142857142857;0.183333333333333;1.45714285714286;2.67142857142857;4.38;2.72857142857143;2.1;2.7
10.11.06;2.8;0.1;4.23076923076923;0.0999999999999997;2.3;5.6;0.281818181818182;1.11428571428571;0.166666666666666;1.41428571428571;2.24285714285714;4.02;2.38571428571428;2;2.51666666666667
11.11.06;2.6;0.1;4.38461538461539;0.0666666666666665;1.9;5.5;0.3;1.05714285714286;0.15;1.37142857142857;1.81428571428572;3.66;2.04285714285714;1.9;2.33333333333333
12.11.06;2.16666666666667;0.1;4.53846153846154;0.0333333333333333;1.5;5;0.2625;1;0.133333333333333;1.32857142857143;1.38571428571429;3.3;1.7;1.71666666666667;2.15
13.11.06;1.73333333333333;0.1;4.69230769230769;0;1.45714285714286;4.5;0.225;0.82;0.116666666666666;1.28571428571429;0.957142857142857;3.18571428571429;1.5;1.53333333333333;1.96666666666667
14.11.06;1.3;0.1;4.84615384615385;0;1.41428571428571;4;0.1875;0.64;0.0999999999999996;1.24285714285714;0.528571428571429;3.07142857142857;1.3;1.35;1.78333333333334
15.11.06;1.275;0.0;5;0;1.37142857142857;3.48333333333333;0.15;0.46;0.0999999999999996;1.2;0.0999999999999992;2.95714285714286;1.1;1.16666666666667;1.6
16.11.06;1.25;0.0;4.28571428571429;0;1.32857142857143;2.96666666666667;0.1125;0.28;0.0999999999999996;1.28571428571429;0.0999999999999993;2.84285714285714;0.899999999999998;0.983333333333336;1.44444444444445
17.11.06;1.225;0.0;3.57142857142857;0;1.28571428571429;2.45;0.075;0.1;0.0999999999999997;1.37142857142857;0.0999999999999993;2.72857142857143;0.699999999999998;0.800000000000003;1.28888888888889
18.11.06;1.2;0.0;2.85714285714286;0;1.24285714285714;1.93333333333333;0.0375;0.0923076923076923;0.0999999999999997;1.45714285714286;0.0999999999999994;2.61428571428572;0.499999999999998;0.700000000000003;1.13333333333333
19.11.06;1.1;0.0;2.14285714285714;0;1.2;1.41666666666666;0;0.0846153846153846;0.0999999999999997;1.54285714285714;0.0999999999999994;2.5;0.299999999999998;0.600000000000003;0.977777777777778
20.11.06;1;0.1;1.42857142857143;0;1.1125;0.899999999999998;0;0.0769230769230769;0.0999999999999997;1.62857142857143;0.0999999999999995;2.02;0.285714285714284;0.500000000000003;0.822222222222222
21.11.06;0.9;0.2;0.714285714285716;0;1.025;0.819999999999998;0;0.0692307692307693;0.0999999999999998;1.71428571428571;0.0999999999999995;1.54;0.27142857142857;0.400000000000003;0.666666666666666
22.11.06;0.8;0.3;0;0;0.9375;0.739999999999999;0;0.0615384615384616;0.0999999999999998;1.8;0.0999999999999996;1.06;0.257142857142856;0.300000000000003;0.51111111111111
23.11.06;0.22;0.4;0;0;0.85;0.659999999999999;0;0.0538461538461539;0.0999999999999998;1.23333333333333;0.0999999999999996;0.580000000000002;0.242857142857142;0.200000000000003;0.355555555555554
24.11.06;0.24;0.5;0;0;0.7625;0.58;0;0.0461538461538462;0.0999999999999999;0.666666666666666;0.0999999999999997;0.100000000000002;0.228571428571428;0.200000000000002;0.199999999999998
25.11.06;0.26;0.7;0;0;0.675;0.5;0;0.0384615384615385;0.0999999999999999;0.099999999999999;0.0999999999999997;0.125000000000001;0.214285714285714;0.200000000000002;0.199999999999999
26.11.06;0.28;0.8;0;0;0.5875;0.45;0;0.0307692307692308;0.0999999999999999;0.1;0.0999999999999998;0.150000000000001;0.2;0.200000000000002;0.199999999999999
27.11.06;0.3;0.9;0;0;0.5;0.4;0;0.0230769230769231;0.0999999999999999;0.1;0.0999999999999998;0.175;0.2;0.200000000000001;0.199999999999999
28.11.06;0.32;1.0;0;0;0.466666666666667;0.3;0;0.0153846153846154;0.1;0.1;0.0999999999999999;0.2;0.2;0.200000000000001;0.199999999999999
29.11.06;0.34;1.1;0;0;0.433333333333333;0.2;0;0.00769230769230772;0.1;0.1;0.1;0.2;0.2;0.2;0.2
30.11.06;0.36;1.2;0;0;0.4;0;0;0;0.1;0.1;0.1;0.2;0.2;0.2;0.2
