01.12.05;23;;;23;16;75;28;48;35;13;34;0.5;63;-10;-3
02.12.05;24;;;23;16.5;77.0833333333333;27.25;43.5;39;12;38.3333333333333;1.66666666666667;58.4;-9.5;2
03.12.05;24;38.00;37;23;17;79.1666666666667;26.5;39;38.3076923076923;12.1578947368421;42.6666666666667;2.83333333333334;53.8;-9;7
04.12.05;23;40.33;38.75;23;17.5;81.25;25.75;34.5;37.6153846153846;12.3157894736842;47;4.00000000000001;49.2;-8.85714285714286;12
05.12.05;24;42.67;40.5;23;18;83.3333333333333;25;30;36.9230769230769;12.4736842105263;51.3333333333333;4.13333333333334;44.6;-8.71428571428571;17
06.12.05;23;45.00;42.25;23;19.1176470588235;85.4166666666667;30;27.5;36.2307692307692;12.6315789473684;55.6666666666667;4.26666666666668;40;-8.57142857142857;22
07.12.05;24;47.33;44;23;20.2352941176471;87.5;35;25;35.5384615384615;12.7894736842105;60;4.40000000000001;36.6;-8.42857142857143;27
08.12.05;24;49.67;49.5;23;21.3529411764706;89.5833333333333;40;22.5;34.8461538461539;12.9473684210526;61;4.53333333333334;33.2;-8.28571428571429;32
09.12.05;24;52.00;55;23;22.4705882352941;91.6666666666666;45;20;34.1538461538462;13.1052631578947;62;4.66666666666668;29.8;-8.14285714285714;33.1428571428571
10.12.05;25;55.00;57;23;23.5882352941177;93.75;50;17.5;33.4615384615385;13.2631578947368;63;4.80000000000001;26.4;-8;34.2857142857143
11.12.05;25;58.00;59;23;24.7058823529412;95.8333333333333;55;15;32.7692307692308;13.4210526315789;64;4.93333333333334;23;-7.85714285714286;35.4285714285714
12.12.05;25;61.00;61;23;25.8235294117647;97.9166666666666;60;15;32.0769230769231;13.5789473684211;65;5.06666666666667;21.8571428571429;-7.71428571428571;36.5714285714286
13.12.05;25;64.00;63;23;26.9411764705882;100;65;15;31.3846153846154;13.7368421052632;66;5.20000000000001;20.7142857142857;-7.57142857142857;37.7142857142857
14.12.05;25;67.00;65;23;28.0588235294118;98.125;64.6153846153846;15;30.6923076923077;13.8947368421053;67;5.33333333333334;19.5714285714286;-7.42857142857143;38.8571428571428
15.12.05;25;70.00;64;23;29.1764705882353;96.25;64.2307692307692;15;30;14.0526315789474;71.125;5.46666666666667;18.4285714285714;-7.28571428571429;40
16.12.05;25;70.50;62;23;30.2941176470588;94.375;63.8461538461539;15;30.375;14.2105263157895;75.25;5.60000000000001;17.2857142857143;-7.14285714285714;38.0833333333333
17.12.05;25;71.00;61;23;31.4117647058824;92.5;63.4615384615385;15;30.75;14.3684210526316;79.375;5.73333333333334;16.1428571428572;-7;36.1666666666667
18.12.05;25;71.50;60;23;32.5294117647059;90.625;63.0769230769231;15.75;31.125;14.5263157894737;83.5;5.86666666666667;15;-6;34.25
19.12.05;25;72.00;58;23;33.6470588235294;88.75;62.6923076923077;16.5;31.5;14.6842105263158;87.625;6.00000000000001;15.2857142857143;-5;32.3333333333333
20.12.05;25;72.50;57;23;34.764705882353;86.875;62.3076923076923;17.25;31.875;14.8421052631579;91.75;6.52173913043479;15.5714285714286;-4;30.4166666666667
21.12.05;25;73.00;55;23;35.8823529411765;85;61.9230769230769;18;32.25;15;95.875;7.04347826086957;15.8571428571429;-3;28.5
22.12.05;25;73.50;54;23;37;83.125;61.5384615384615;18.75;32.625;15.3181818181818;100;7.56521739130435;16.1428571428572;-2;26.5833333333334
23.12.05;26;74.00;53;23;37.3076923076923;81.25;61.1538461538461;19.5;33;15.6363636363636;105;8.08695652173913;16.4285714285714;-0.999999999999998;24.6666666666667
24.12.05;27;74.50;51;23;37.6153846153846;79.375;60.7692307692308;20.25;32.5238095238095;15.9545454545455;110;8.60869565217392;16.7142857142857;0;22.75
25.12.05;28;75.00;50;23;37.9230769230769;77.5;60.3846153846154;21;32.0476190476191;16.2727272727273;115;9.1304347826087;17;1;20.8333333333334
26.12.05;28;83.40;50;23;38.2307692307692;75.625;60;21.3;31.5714285714286;16.5909090909091;120;9.65217391304348;17.0666666666667;2;18.9166666666667
27.12.05;29;86.80;50;24.0416666666667;38.5384615384615;73.75;59.3571428571429;21.6;31.0952380952381;16.9090909090909;125;10.1739130434783;17.1333333333333;3;17.0000000000001
28.12.05;29;90.20;50;25.0833333333333;38.8461538461539;71.875;58.7142857142857;21.9;30.6190476190476;17.2272727272727;130;10.695652173913;17.2;4;17.3125000000001
29.12.05;30;93.60;49;26.125;39.1538461538462;70;58.0714285714286;22.2;30.1428571428571;17.5454545454545;126.153846153846;11.2173913043478;17.2666666666667;4.82352941176471;17.6250000000001
30.12.05;30;97.00;48;27.1666666666667;39.4615384615385;69;57.4285714285714;22.5;29.6666666666667;17.8636363636364;122.307692307692;11.7391304347826;17.3333333333333;5.64705882352941;17.9375
31.12.05;30;93.08;46;28.2083333333334;39.7692307692308;68;56.7857142857143;22.8;29.1904761904762;18.1818181818182;118.461538461538;12.2608695652174;17.4;6.47058823529412;18.25
01.01.06;30;89.17;45;29.25;40.0769230769231;67;56.1428571428571;23.1;28.7142857142857;18.5;114.615384615385;12.7826086956522;17.4666666666667;7.29411764705883;18.5625
02.01.06;30;85.25;44;30.2916666666667;40.3846153846154;66;55.5;23.4;28.2380952380952;18.8181818181818;110.769230769231;13.304347826087;17.5333333333333;8.11764705882353;18.875
03.01.06;30;81.33;43;31.3333333333334;40.6923076923077;65;54.8571428571429;23.7;27.7619047619048;19.1363636363636;106.923076923077;13.8260869565217;17.6;8.94117647058824;19.1875
04.01.06;30;77.42;42;32.375;41;64;54.2142857142857;24;27.2857142857143;19.4545454545455;103.076923076923;14.3478260869565;17.6666666666667;9.76470588235294;19.5
05.01.06;30;73.50;41;33.4166666666667;41.3076923076923;63;53.5714285714286;24.3;26.8095238095238;19.7727272727273;99.2307692307692;14.8695652173913;17.7333333333333;10.5882352941176;19.8125
06.01.06;27;69.58;39;34.4583333333334;41.6153846153846;62;52.9285714285714;24.6;26.3333333333333;20.0909090909091;95.3846153846154;15.3913043478261;17.8;11.4117647058824;20.125
07.01.06;27;65.67;38;35.5;41.9230769230769;61;52.2857142857143;24.9;25.8571428571429;20.4090909090909;91.5384615384615;15.9130434782609;17.8666666666667;12.2352941176471;20.4375
08.01.06;27;61.75;37;36.5416666666667;42.2307692307692;60;51.6428571428571;25.2;25.3809523809524;20.7272727272727;87.6923076923077;16.4347826086957;17.9333333333333;13.0588235294118;20.75
09.01.06;27;57.83;36;37.5833333333334;42.5384615384616;59;51;25.5;24.9047619047619;21.0454545454545;83.8461538461538;16.9565217391304;18;13.8823529411765;21.0625
10.01.06;27;53.92;35;38.6250000000001;42.8461538461539;58;52.2857142857143;25.8;24.4285714285714;21.3636363636364;79.9999999999999;17.4782608695652;18.0833333333333;14.7058823529412;21.375
11.01.06;27;50.00;34;39.6666666666667;43.1538461538462;57;53.5714285714286;26.1;23.952380952381;21.6818181818182;78.125;18;18.1666666666667;15.5294117647059;21.6875
12.01.06;27;47.80;32;40.7083333333334;43.4615384615385;56.8888888888889;54.8571428571429;26.4;23.4761904761905;22;76.25;18.5384615384615;18.25;16.3529411764706;22
13.01.06;26;45.60;31;41.7500000000001;43.7692307692308;56.7777777777778;56.1428571428572;26.7;23;22.1538461538462;74.375;19.0769230769231;18.3333333333333;17.1764705882353;22.6666666666667
14.01.06;26;43.40;30;42.7916666666667;44.0769230769231;56.6666666666667;57.4285714285715;27;23.7777777777778;22.3076923076923;72.5;19.6153846153846;18.4166666666667;18;23.3333333333333
15.01.06;26;41.20;30;43.8333333333334;44.3846153846154;56.5555555555556;58.7142857142857;27.1538461538462;24.5555555555556;22.4615384615385;70.625;20.1538461538462;18.5;18.25;24
16.01.06;22;39.00;30;44.8750000000001;44.6923076923077;56.4444444444444;60;27.3076923076923;25.3333333333333;22.6153846153846;68.75;20.6923076923077;19.8571428571429;18.5;24.6666666666667
17.01.06;10;37.71;30;45.9166666666667;45;56.3333333333333;70;27.4615384615385;26.1111111111111;22.7692307692308;66.875;21.2307692307692;21.2142857142857;18.75;25.3333333333333
18.01.06;14;36.43;29;46.9583333333334;44.1379310344828;56.2222222222222;69.6666666666667;27.6153846153846;26.8888888888889;22.9230769230769;65;21.7692307692308;22.5714285714286;19;26
19.01.06;22;35.14;29;48.0000000000001;43.2758620689655;56.1111111111111;69.3333333333333;27.7692307692308;27.6666666666667;23.0769230769231;62.4285714285714;22.3076923076923;23.9285714285714;19.25;26.6666666666667
20.01.06;25;33.86;29;48.0000000000001;42.4137931034483;56;69;27.9230769230769;28.4444444444444;23.2307692307692;59.8571428571429;22.8461538461538;25.2857142857143;19.5;27.3333333333333
21.01.06;30;32.57;29;48.0000000000001;41.551724137931;55.8888888888889;68.6666666666667;28.0769230769231;29.2222222222222;23.3846153846154;57.2857142857143;23.3846153846154;26.6428571428572;19.75;28
22.01.06;31;31.29;29;48.0000000000001;40.6896551724138;55.7777777777778;68.3333333333333;28.2307692307692;30;23.5384615384615;54.7142857142857;23.9230769230769;28;20;28.6666666666667
23.01.06;32;30.00;29;48.0000000000001;39.8275862068966;55.6666666666667;68;28.3846153846154;30.5833333333333;23.6923076923077;52.1428571428571;24.4615384615385;28.7777777777778;20.25;29.3333333333333
24.01.06;33;30.20;28;48.0000000000001;38.9655172413793;55.5555555555556;65.4545454545455;28.5384615384615;31.1666666666667;23.8461538461538;49.5714285714286;25;29.5555555555556;20.5;30
25.01.06;33;30.40;28;48.0000000000001;38.1034482758621;55.4444444444444;62.9090909090909;28.6923076923077;31.75;24;47;25.1666666666667;30.3333333333333;20.75;30
26.01.06;34;30.60;28;48.0000000000001;37.2413793103448;55.3333333333333;60.3636363636364;28.8461538461538;32.3333333333333;23.8666666666667;46.4285714285714;25.3333333333333;31.1111111111111;21;30
27.01.06;35;30.80;28;48.0000000000001;36.3793103448276;55.2222222222222;57.8181818181818;29;32.9166666666667;23.7333333333333;45.8571428571428;25.5;31.8888888888889;22.125;30
28.01.06;36;31.00;28;48.0000000000001;35.5172413793104;55.1111111111111;55.2727272727273;29.625;33.5;23.6;45.2857142857143;25.6666666666667;32.6666666666667;23.25;30
29.01.06;37;32.00;28;48.0000000000001;34.6551724137931;55;52.7272727272727;30.25;34.0833333333333;23.4666666666667;44.7142857142857;25.8333333333333;33.4444444444444;24.375;30
30.01.06;39;33.00;28;48.0000000000001;33.7931034482759;55.5;50.1818181818182;30.875;34.6666666666667;23.3333333333333;44.1428571428571;26;34.2222222222222;25.5;30
31.01.06;40;34.00;27;48.0000000000001;32.9310344827586;56;47.6363636363636;31.5;35.25;23.2;43.5714285714286;26.1666666666667;35;26.625;30
01.02.06;41;35.00;27;48.0000000000001;32.0689655172414;56.5;45.0909090909091;32.125;35.8333333333333;23.0666666666667;43;26.3333333333333;35.1666666666667;27.75;30
02.02.06;42;36.00;27;48;31.2068965517241;57;42.5454545454545;32.75;36.4166666666667;22.9333333333333;43.5;26.5;35.3333333333333;28.875;30
03.02.06;43;36.00;27;48;30.3448275862069;57.5;40;33.375;37;22.8;44;26.6666666666667;35.5;30;30
04.02.06;45;36.00;27;48;29.4827586206897;58;38.3333333333333;34;37.3571428571429;22.6666666666667;44.5;26.8333333333333;35.6666666666667;30.625;30.1538461538462
05.02.06;44;36.00;27;48;28.6206896551724;58.5;36.6666666666667;34.5555555555556;37.7142857142857;22.5333333333333;45;27;35.8333333333333;31.25;30.3076923076923
06.02.06;45;36.00;26;48;27.7586206896552;59;35;35.1111111111111;38.0714285714286;22.4;45.5;27.5555555555556;36;31.875;30.4615384615385
07.02.06;46;36.00;26;48;26.8965517241379;59.5;35;35.6666666666667;38.4285714285714;22.2666666666667;46;28.1111111111111;35.7857142857143;32.5;30.6153846153846
08.02.06;47;36.00;26;48;26.0344827586207;60;35;36.2222222222222;38.7857142857143;22.1333333333333;46.5;28.6666666666667;35.5714285714286;33.125;30.7692307692308
09.02.06;48;36.00;26;48;25.1724137931035;60.5;35;36.7777777777778;39.1428571428571;22;47;29.2222222222222;35.3571428571429;33.75;30.9230769230769
10.02.06;49;36.40;27;48;24.3103448275862;61;35;37.3333333333333;39.5;22.4166666666667;47;29.7777777777778;35.1428571428571;34.375;31.0769230769231
11.02.06;50;36.80;27;48;23.448275862069;61.5;35;37.8888888888889;39.8571428571429;22.8333333333333;47;30.3333333333333;34.9285714285714;35;31.2307692307692
12.02.06;51;37.20;28;48;22.5862068965517;62;35;38.4444444444445;40.2142857142857;23.25;47;30.8888888888889;34.7142857142857;36;31.3846153846154
13.02.06;51;37.60;28;48;21.7241379310345;61.8571428571429;35;39;40.5714285714286;23.6666666666667;47;31.4444444444444;34.5;37;31.5384615384615
14.02.06;52;38.00;29;48;20.8620689655173;61.7142857142857;34;39.1666666666667;40.9285714285714;24.0833333333333;47;32;33.5833333333333;38;31.6923076923077
15.02.06;53;38.40;29;48;20;61.5714285714286;33;39.3333333333333;41.2857142857143;24.5;47;32.4615384615385;32.6666666666667;39;31.8461538461538
16.02.06;53;38.80;30;48;20.5555555555556;61.4285714285714;32;39.5;41.6428571428571;24.9166666666667;47;32.9230769230769;31.75;40;32
17.02.06;54;39.20;30;48;21.1111111111111;61.2857142857143;31;39.6666666666667;42;25.3333333333333;47;33.3846153846154;30.8333333333333;40;32.25
18.02.06;55;39.60;31;48;21.6666666666667;61.1428571428571;30;39.8333333333333;42.6666666666667;25.75;47;33.8461538461539;29.9166666666667;40;32.5
19.02.06;56;40.00;32;48;22.2222222222222;61;31.125;40;43.3333333333333;26.1666666666667;47;34.3076923076923;29;40;32.75
20.02.06;57;40.20;32;48;22.7777777777778;60.8571428571429;32.25;40;44;26.5833333333333;46.375;34.7692307692308;29.625;40;33
21.02.06;57;40.40;33;48;23.3333333333333;60.7142857142857;33.375;40;44.6666666666667;27;45.75;35.2307692307692;30.25;40;33.25
22.02.06;57;40.60;33;48;23.8888888888889;60.5714285714286;34.5;40;45.3333333333333;28;45.125;35.6923076923077;30.875;40;33.5
23.02.06;57;40.80;34;48;24.4444444444445;60.4285714285714;35.625;40;46;29;44.5;36.1538461538462;31.5;40;33.75
24.02.06;57;41.00;34;48;25;60.2857142857143;36.75;40;46.6666666666667;30;43.875;36.6153846153846;32.125;40;34
25.02.06;57;41.14;35;48;25.5555555555556;60.1428571428571;37.875;40;47.3333333333333;31;43.25;37.0769230769231;32.75;40;34.6666666666667
26.02.06;57;41.29;36;48;26.1111111111111;60;39;40;48;32;42.625;37.5384615384616;33.375;40.8333333333333;35.3333333333333
27.02.06;57;41.43;36;48;26.6666666666667;59.8571428571429;38.5833333333333;40.2857142857143;48.3333333333333;33;42;38;34;41.6666666666667;36
28.02.06;58;41.57;37;48;27.2222222222222;59.7142857142857;38.1666666666667;40.5714285714286;48.6666666666667;34;41.375;38.0714285714286;35.1666666666667;42.5;36.6666666666667
01.03.06;81;41.71;37;48;27.7777777777778;59.5714285714286;37.75;40.8571428571429;49;35;40.75;38.1428571428571;36.3333333333333;43.3333333333333;37.3333333333333
02.03.06;72;41.86;38;48;28.3333333333333;59.4285714285714;37.3333333333333;41.1428571428571;49.3333333333333;35;40.125;38.2142857142857;37.5;44.1666666666667;38
03.03.06;62;42.00;38;48;28.8888888888889;59.2857142857143;36.9166666666667;41.4285714285714;49.6666666666667;35;39.5;38.2857142857143;38.6666666666667;45;36.875
04.03.06;62;42.00;39;48;29.4444444444445;59.1428571428571;36.5;41.7142857142857;50;35;38.875;38.3571428571429;39.8333333333334;45.625;35.75
05.03.06;63;42.00;39;48;30;59;35.75;42;52.2857142857143;35;38.25;38.4285714285714;41;46.25;34.625
06.03.06;63;42.00;40;48;30.5555555555556;58.8571428571429;35;41.8571428571429;54.5714285714286;35;37.625;38.5;45.3333333333334;46.875;33.5
07.03.06;64;42.00;41;48;31.1111111111111;58.7142857142857;35;41.7142857142857;56.8571428571429;36;37;38.5714285714286;49.6666666666667;47.5;32.375
08.03.06;65;42.00;41;48;31.6666666666667;58.5714285714286;35;41.5714285714286;59.1428571428572;37;37.1333333333333;38.6428571428571;54;48.125;31.25
09.03.06;65;41.50;42;48;32.2222222222222;58.4285714285714;35;41.4285714285714;61.4285714285715;38;37.2666666666667;38.7142857142857;58.3333333333333;48.75;30.125
10.03.06;66;41.00;42;48;32.7777777777778;58.2857142857143;35.4;41.2857142857143;63.7142857142857;38.2857142857143;37.4;38.7857142857143;62.6666666666667;49.375;29
11.03.06;67;40.50;43;48;33.3333333333333;58.1428571428571;35.8;41.1428571428571;66;38.5714285714286;37.5333333333333;38.8571428571429;67;50;29
12.03.06;67;40.00;43;48;33.8888888888889;58;36.2;41;65.8333333333333;38.8571428571429;37.6666666666667;38.9285714285714;79.625;51.1428571428571;29
13.03.06;68;40.00;44;48;34.4444444444445;58.3333333333333;36.6;41.2;65.6666666666667;39.1428571428571;37.8;39;92.25;52.2857142857143;29
14.03.06;68;40.00;44;48;35;58.6666666666667;37;41.4;65.5;39.4285714285714;37.9333333333333;39;104.875;53.4285714285714;29
15.03.06;69;40.00;45;48;36.0476190476191;59;39;41.6;65.3333333333333;39.7142857142857;38.0666666666667;39;117.5;54.5714285714286;29
16.03.06;70;40.00;45;48;37.0952380952381;59.3333333333333;41;41.8;65.1666666666667;40;38.2;39;130.125;55.7142857142857;29
17.03.06;70;40.00;45;48.3571428571429;38.1428571428572;59.6666666666667;43;42;65;40;38.3333333333333;39;142.75;56.8571428571428;29
18.03.06;71;40.00;46;48.7142857142857;39.1904761904762;60;47.25;42.3333333333333;64.2857142857143;40;38.4666666666667;39;155.375;58;29
19.03.06;73;40.00;46;49.0714285714286;40.2380952380953;61.3333333333333;51.5;42.6666666666667;63.5714285714286;40;38.6;39;168;58.25;29
20.03.06;75;40.00;46;49.4285714285714;41.2857142857143;62.6666666666667;55.75;43;62.8571428571429;40;38.7333333333333;39;185;58.5;29
21.03.06;77;40.50;46;49.7857142857143;42.3333333333334;64;60;43.3333333333333;62.1428571428571;40;38.8666666666667;39;215;58.75;29
22.03.06;78;41.00;47;50.1428571428571;43.3809523809524;66.6666666666667;64;43.6666666666667;61.4285714285714;40;39;39.3333333333333;233;59;29
23.03.06;82;41.50;47;50.5;44.4285714285714;69.3333333333333;68;44;60.7142857142857;40.3333333333333;39.5714285714286;39.6666666666667;240;59.25;29
24.03.06;86;42.00;47;50.8571428571429;45.4761904761905;72;72;44.3333333333333;60;40.6666666666667;40.1428571428571;40;230;59.5;29.4285714285714
25.03.06;89;43.00;47;51.2142857142857;46.5238095238096;74.6666666666667;76;44.6666666666667;60;41;40.7142857142857;40.3333333333333;225;59.75;29.8571428571429
26.03.06;92;44.00;47;51.5714285714286;47.5714285714286;77.3333333333333;80;45;60;41.3333333333333;41.2857142857143;40.6666666666667;202;60;30.2857142857143
27.03.06;96;45.00;47;51.9285714285714;48.6190476190477;80;98;43.75;60;41.6666666666667;41.8571428571429;41;200;59.6666666666667;30.7142857142857
28.03.06;98;44.33;47;52.2857142857143;49.6666666666667;80.5;110;42.5;60;42;42.4285714285714;41;190;59.3333333333333;31.1428571428571
29.03.06;105;43.67;47;52.6428571428571;50.7142857142858;81;112.5;41.25;60;46.5;43;41.7142857142857;180;59;31.5714285714286
30.03.06;112;43.00;48;53;51.7619047619048;81.5;115;40;60;51;42.7142857142857;42.4285714285714;171;58.6666666666667;32
31.03.06;120;43.00;48;53.3;52.8095238095239;82;112;39.25;62.6;50.75;42.4285714285714;43.1428571428571;158;58.3333333333333;33.5555555555556
01.04.06;163;44.67;49;53.6;53.8571428571429;82.5;117;38.5;65.2;50.5;42.1428571428571;43.8571428571429;143;58;35.1111111111111
02.04.06;168;46.33;49;53.9;54.904761904762;83;130;37.75;67.8;50.25;41.8571428571429;44.5714285714286;130;58.875;36.6666666666667
03.04.06;173;48.00;63;54.2;55.952380952381;83.6666666666667;125;37;70.4;50;41.5714285714286;45.2857142857143;123;59.75;38.2222222222222
04.04.06;180;52.25;76;54.5;57;84.3333333333333;127;36.25;73;45.6666666666667;41.2857142857143;46;120;60.625;39.7777777777778
05.04.06;180;56.50;90;54.125;57.6666666666667;85;120;35.5;83.6666666666667;41.3333333333333;41;49.5;115;61.5;41.3333333333334
06.04.06;181;60.75;108;53.75;58.3333333333333;86.3333333333333;115;34.75;94.3333333333334;37;44.8;53;114;62.375;42.8888888888889
07.04.06;181;65.00;130;53.375;59;87.6666666666667;112;34;105;41.5;48.6;56.5;113;63.25;44.4444444444445
08.04.06;183;70.00;141;53;59.6666666666667;89;102;32.5;125;46;52.4;60;112;64.125;46
09.04.06;186;75.00;151;53;60.3333333333333;91;91;31;145;50.5;56.2;60;110;65;55.5
10.04.06;187;80.00;133;53;61;93;80;30;170;55;60;69;110;71.6666666666667;65
11.04.06;208;80.33;131;53;61.6666666666667;98;71;36.3333333333333;157;71;78;77;108.5;78.3333333333333;74.5
12.04.06;211;80.67;129;55;62.3333333333333;105;68;42.6666666666667;177;100;104;83;107;85;84
13.04.06;216;81.00;117;58.5;63;115;65;49;210;123;133;88.6666666666667;101;115;107
14.04.06;220;80.00;114;62;66;125;62;62;230;140;136.5;94.3333333333333;95;160;120
15.04.06;225;82.50;113.5;71;69;135;61.5;79;245;156;140;100;89;133;150
16.04.06;227;85.00;113;89;89.5;157;61;105;268;175;170;101.5;88;155;155
17.04.06;230;90.00;111.9;107;110;179;64;135;300;185;190;103;87;190;160
18.04.06;230;95.00;110.8;125;172;200;71;143;332;200;200;104;86;182;165
19.04.06;210;100.00;109.7;150;234;185;78;149;360;215;210;105;85;210;173
20.04.06;200;107.00;108.6;143;242;216.666666666667;85;155;372;235;220;108.5;84;218;187
21.04.06;198;110.00;107.5;159;310;248.333333333333;92;167;375;258;234;112;83;230;195
22.04.06;172;114.00;106.4;185;354.333333333333;280;101.333333333333;181;380;273;248;111;82;250;200
23.04.06;162;125.00;105.3;220;398.666666666667;300;110.666666666667;195;378;278;265;110;81;272;199
24.04.06;151;113.00;104.2;240;443;355;120;210;373;275;277;106;81.6666666666667;293;197
25.04.06;125;114.00;103.1;250;443;386;115;226.5;370;250;285;101;82.3333333333333;300;193
26.04.06;120;115.00;102;266;431;396;115;243;368;240;300;93.25;83;305;183
27.04.06;115;128.00;97.5;279;412;383.333333333333;115;248;368;223;290;85.5;83.6666666666667;301;169.666666666667
28.04.06;110;121.00;93;287;393;370.666666666667;115;253;365;208;284;77.75;84.3333333333333;294;156.333333333333
29.04.06;107;128.00;90;300;368.833333333333;358;107;254;355;195;279;70;85;280;143
30.04.06;104;135.00;87;305;344.666666666667;341.333333333333;99;253;340;187;269;65.8888888888889;82.25;270;130.285714285714
01.05.06;99;145.33;83.25;310;320.5;324.666666666667;91;250;320;185;259;61.7777777777778;79.5;260.4;117.571428571429
02.05.06;86;155.67;79.5;315;296.333333333333;308;83;242.5;295;187;245;57.6666666666667;76.75;250.8;104.857142857143
03.05.06;80;166.00;75.75;310;272.166666666667;289.25;75;235;270;199;230;53.5555555555556;74;241.2;92.1428571428573
04.05.06;79;182.00;72;305;248;270.5;67;227.5;243;205;216.25;49.4444444444445;71.25;231.6;79.4285714285716
05.05.06;76;195.00;68;300;224;251.75;59;220;215;215;202.5;45.3333333333333;68.5;222;66.7142857142859
06.05.06;52;206.00;63;288;205.285714285714;233;52.6666666666667;213;189.6;224;188.75;41.2222222222222;65.75;211.666666666667;54.0000000000002
07.05.06;48;211.00;59;273.5;186.571428571429;216.5;46.3333333333333;206;164.2;225;175;37.1111111111111;63;201.333333333333;49.1666666666668
08.05.06;42;204.00;54;259;167.857142857143;200;40;199;138.8;221;162.666666666667;33;59.1666666666667;191;44.3333333333335
09.05.06;40;195.50;50;244.5;149.142857142857;184;36.75;192;113.4;213;150.333333333333;29.2;55.3333333333333;180.666666666667;39.5000000000001
10.05.06;39;187.00;45;230;130.428571428572;168;33.5;171.666666666667;88;202;138;25.4;51.5;170.333333333333;34.6666666666667
11.05.06;34;171.50;41;213;111.714285714286;152;30.25;151.333333333333;75;185;123;21.6;47.6666666666667;160;29.8333333333334
12.05.06;28;156.00;36;196.5;93.0000000000001;136;27;131;62;168;108;17.8;43.8333333333334;156.666666666667;25
13.05.06;24;135.00;32;180;83.0000000000001;120;25.3333333333333;114.5;56;157.8;93.0000000000001;14;40;153.333333333333;30.7142857142857
14.05.06;23;114.00;27;162.666666666667;73.0000000000001;109;23.6666666666667;98;50;147.6;78.0000000000001;12;38.875;150;36.4285714285714
15.05.06;22;96.00;25;145.333333333333;66.7500000000001;98;22;89;44;137.4;71.5000000000001;9.99999999999999;37.75;141.333333333333;42.1428571428572
16.05.06;21;81.33;22;128;60.5;87;19.25;80;38;127.2;65;6;36.625;132.666666666667;47.8571428571429
17.05.06;20;66.67;20;103;54.25;80.1428571428571;16.5;71;32;117;59.5714285714286;4;35.5;124;53.5714285714286
18.05.06;19;52.00;17;78;48;73.2857142857143;13.75;62;28.5;117.8;54.1428571428571;2;34.375;115.333333333333;59.2857142857143
19.05.06;18;47.00;15;70.4;44.8;66.4285714285714;11;53;25;118.6;48.7142857142857;0;33.25;106.666666666667;65
20.05.06;18;42.00;13;62.8;41.6;59.5714285714286;12.3333333333333;44;25.5;119.4;43.2857142857143;-2;32.125;98;63.8333333333334
21.05.06;17;37.50;11;55.2;38.4;52.7142857142857;13.6666666666667;35;26;120.2;37.8571428571429;-4;31;91.5;62.6666666666667
22.05.06;17;33.00;9;47.6;35.2;45.8571428571428;15;34;26.5;121;32.4285714285714;-6;31.4285714285715;85;61.5
23.05.06;21;32.00;8;40;32;39;10;33;27;114.75;27;-8;31.8571428571429;78.5;60.3333333333334
24.05.06;26;31.00;6;36;28.8;37.25;5;32;20.5;108.5;24.5;-8.5;32.2857142857143;72;59.1666666666667
25.05.06;28;30.00;4;32;25.6;35.5;0;31;14;102.25;22;-9;32.7142857142857;65.5;58
26.05.06;30;35.00;3;28;22.4;33.75;-5;30;13.2;96;19.5;-9.5;33.1428571428572;59;55
27.05.06;32;40.00;1;25;19.2;32;-5.5;27.5;12.4;85.5;17;-10;33.5714285714286;52.5;52
28.05.06;34;46.00;1;22;16;30.375;-6;25;11.6;75;14.5;-10.5;34;46;49
29.05.06;38;52.00;0;19;15.625;28.75;-6.5;23;10.8;64.5;12;-11;33.8571428571429;39.5;46
30.05.06;38;58.00;0;16;15.25;27.125;-7;21;10;54;11.3333333333333;-11.5;33.7142857142857;33;43
31.05.06;37;64.00;-1;16;14.875;25.5;-7.66666666666667;19;8.33333333333333;47.5;10.6666666666667;-12;33.5714285714286;26.5;40
01.06.06;37;70.00;-1;16;14.5;23.875;-8.33333333333333;17;6.66666666666666;41;10;-12.5;33.4285714285714;20;37
02.06.06;36;66.67;-1;16;14.125;22.25;-9;15;4.99999999999999;40.6666666666667;11.2;-13;33.2857142857143;13.5;33.625
03.06.06;31;63.33;-1;16;13.75;20.625;-9.66666666666667;15;3.79999999999999;40.3333333333333;12.4;-13.5;33.1428571428571;6.99999999999999;30.25
04.06.06;27;60.00;0;14.8333333333333;13.375;19;-10.3333333333333;15;2.59999999999999;40;13.6;-14;33;4.99999999999999;26.875
05.06.06;23;55.75;1;13.6666666666667;13;16.8333333333333;-11;13.8888888888889;1.39999999999999;39.6666666666667;14.8;-15.5;34.4285714285714;2.99999999999999;23.5
06.06.06;19;51.50;2;12.5;12.5;14.6666666666667;-10.3636363636364;12.7777777777778;0.19999999999999;39.3333333333333;16;-17;35.8571428571429;0.999999999999986;20.125
07.06.06;15;47.25;2;11.3333333333333;12;12.5;-9.72727272727273;11.6666666666667;-1.00000000000001;39;15.8888888888889;-18;37.2857142857143;-1.00000000000001;16.75
08.06.06;12;43.00;3;10.1666666666667;11.5;10.3333333333333;-9.09090909090909;10.5555555555556;-1.16666666666667;36.4285714285714;15.7777777777778;-19;38.7142857142857;-3.00000000000001;13.375
09.06.06;11;42.67;4;8.99999999999998;11;8.16666666666665;-8.45454545454546;9.44444444444445;-1.33333333333334;33.8571428571429;15.6666666666667;-20;40.1428571428572;-5.00000000000001;10
10.06.06;11;42.33;3;8.57142857142855;10.5;5.99999999999998;-7.81818181818182;8.33333333333334;-1.5;31.2857142857143;15.5555555555556;-21;41.5714285714286;-7.00000000000001;7.16666666666668
11.06.06;10;42.00;3;8.14285714285713;10;4.79999999999998;-7.18181818181818;7.22222222222223;-0.714285714285714;28.7142857142857;15.4444444444444;-22;43;-9.00000000000001;4.33333333333335
12.06.06;9;40.00;2;7.7142857142857;9.5;3.59999999999998;-6.54545454545455;6.11111111111112;0.0714285714285721;26.1428571428572;15.3333333333333;-24.5;39.5714285714286;-9;1.50000000000002
13.06.06;8;38.00;2;7.28571428571428;9;2.39999999999998;-5.90909090909091;5.00000000000001;0.857142857142858;23.5714285714286;15.2222222222222;-27;36.1428571428571;-9;-1.33333333333331
14.06.06;7;36.00;1;6.85714285714285;8.5;1.19999999999998;-5.27272727272728;3.8888888888889;1.64285714285714;21;15.1111111111111;-27.5;32.7142857142857;-9;-4.16666666666664
15.06.06;7;34.00;1;6.42857142857142;8;0;-4.63636363636364;2.77777777777779;2.42857142857143;19.5;15;-28;29.2857142857143;-9;-6.99999999999997
16.06.06;7;32.25;0;6;6.33333333333333;-0.866666666666681;-4;1.66666666666668;3.21428571428572;18;12;-28.5;25.8571428571429;-9;-7.77777777777775
17.06.06;7;30.50;-1;6;4.66666666666666;-1.90000000000001;-4.16666666666667;0.55555555555557;4;18.3333333333333;9;-29;22.4285714285714;-10.125;-8.55555555555553
18.06.06;7;28.75;-3;6;2.99999999999999;-2.93333333333334;-4.33333333333333;-0.555555555555541;3;18.6666666666667;6;-29.5;19;-11.25;-9.33333333333331
19.06.06;7;27.00;-4;6;2;-3.96666666666667;-4.5;-1.66666666666665;2;19;3;-30;15.1428571428571;-12.375;-10.1111111111111
20.06.06;7;25.00;-6;6;1;-5;-6.125;-2.77777777777776;1;24.75;0.500000000000002;-30.5;11.2857142857143;-13.5;-10.8888888888889
21.06.06;7;23.00;-7;6;0;-5;-7.75;-3.88888888888887;0;30.5;-2;-31;7.42857142857142;-14.625;-11.6666666666667
22.06.06;7;21.00;-9;28;-1;-5;-9.375;-4.99999999999998;-1;36.25;-4.5;-31.5;3.57142857142856;-15.75;-12.4444444444444
23.06.06;7;18.00;-10;39;-2.33333333333333;-5;-11;-6.16666666666665;-4.5;42;-6;-32;-0.285714285714302;-16.875;-13.2222222222222
24.06.06;6;15.00;-9;50;-3.66666666666666;-5;-9.66666666666667;-7.33333333333332;-8;49;-7.5;-32.5;-4.14285714285716;-18;-14
25.06.06;6;13.00;-8;57.25;-4.99999999999999;-5;-8.33333333333334;-8.49999999999999;-8.91666666666667;56;-9;-33;-8.00000000000002;-18.7142857142857;-15.4285714285714
26.06.06;5;11.00;-8;64.5;-5.49999999999999;-5.66666666666667;-7.00000000000001;-7.79999999999999;-9.83333333333333;63;-10.5;-33.5;-9.62500000000002;-19.4285714285714;-16.8571428571429
27.06.06;5;9.00;-7;71.75;-6;-6.33333333333333;-5.00000000000001;-7.1;-10.75;67;-12;-34;-11.25;-20.1428571428571;-18.2857142857143
28.06.06;4;7.00;-6;79;-6.5;-7;-3.00000000000001;-6.4;-11.6666666666667;63;-12.7142857142857;-33.4285714285714;-12.875;-20.8571428571429;-19.7142857142857
29.06.06;3;5.00;-5;79;-7;-8;-1.00000000000001;-5.7;-12.5833333333333;59;-13.4285714285714;-32.8571428571429;-14.5;-21.5714285714286;-21.1428571428572
30.06.06;3;3.00;-6;78.2;-7.5;-9;0.999999999999989;-5;-13.5;56;-14.1428571428571;-32.2857142857143;-16.125;-22.2857142857143;-22.5714285714286
01.07.06;3;1.00;-8;77.4;-8;-10;3.99999999999999;-4.75;-14.0833333333333;45;-14.8571428571429;-31.7142857142857;-17.75;-23;-24
02.07.06;2;-1.00;-9;76.6;-9;-10.75;6.99999999999999;-4.5;-14.6666666666667;35;-15.5714285714286;-31.1428571428571;-19.375;-23.1428571428571;-24.6666666666667
03.07.06;1;-1.63;-10;75.8;-10;-11.5;9.99999999999999;-4.2;-15.25;27;-16.2857142857143;-30.5714285714286;-21;-23.2857142857143;-25.3333333333333
04.07.06;0;-2.25;-12;75;-10;-12.25;11.75;-3.9;-15.8333333333333;20;-17;-30;-21.3333333333334;-23.4285714285714;-26
05.07.06;1;-2.88;-13;64.5;-10;-13;13.5;-3.6;-16.4166666666667;15;-17.0714285714286;-29.7142857142857;-21.6666666666667;-23.5714285714286;-26.6666666666667
06.07.06;2;-3.50;-15;54;-10;-13.5;15.25;-3.3;-17;18;-17.1428571428571;-29.4285714285714;-22;-23.7142857142857;-27.3333333333333
07.07.06;3;-4.63;-16;49.3333333333333;-10.75;-14;17;-3;-17;24;-17.2142857142857;-29.1428571428571;-22.3333333333333;-23.8571428571429;-28
08.07.06;4;-5.75;-17;44.6666666666667;-11.5;-14.5;13;1.66666666666667;-17;32;-17.2857142857143;-28.8571428571429;-22.6666666666667;-24;-28.5
09.07.06;5;-6.88;-19;40;-12.25;-15;9;6.33333333333334;-17.0833333333333;42.5;-17.3571428571429;-28.5714285714286;-23;-24.5714285714286;-29
10.07.06;6;-8.00;-20;35.3333333333333;-13;-15.5;5;11;-17.1666666666667;53;-17.4285714285714;-28.2857142857143;-23.4285714285714;-25.1428571428571;-29.5
11.07.06;8;-8.33;-20;30.6666666666667;-13.8;-16;1;15;-17.25;69;-17.5;-28;-23.8571428571429;-25.7142857142857;-30
12.07.06;7;-8.67;-21;26;-14.6;-16.3333333333333;-2;19;-17.3333333333333;77;-17.4615384615385;-25.6;-24.2857142857143;-26.2857142857143;-30.5
13.07.06;6;-9.00;-21;21.3333333333333;-15.4;-16.6666666666667;-5;23;-17.4166666666667;85;-17.4230769230769;-23.2;-24.7142857142857;-26.8571428571429;-29.4444444444444
14.07.06;5;-9.33;-21;16.6666666666666;-16.2;-17;-8;27;-17.5;88;-17.3846153846154;-20.8;-25.1428571428571;-27.4285714285714;-28.3888888888889
15.07.06;4;-9.67;-21;12;-17;-17;-10.25;31;-17.75;90;-17.3461538461538;-18.4;-25.5714285714286;-28;-27.3333333333333
16.07.06;3;-10.00;-22;7.3333333333333;-16.4;-17;-12.5;35;-18;89;-17.3076923076923;-16;-26;-28.3333333333333;-26.2777777777778
17.07.06;1;-10.75;-22;2.66666666666664;-15.8;-17;-14.75;39;-18.25;88;-17.2692307692308;-17;-22.8571428571429;-28.6666666666667;-25.2222222222222
18.07.06;-1;-11.50;-22;-2.00000000000004;-15.2;-17;-17;40.6666666666667;-18.5;85;-17.2307692307692;-18;-19.7142857142857;-29;-24.1666666666666
19.07.06;-3;-12.25;-22;-2.00000000000002;-14.6;-17.2857142857143;-17.6;42.3333333333333;-18.75;82;-17.1923076923077;-19;-16.5714285714286;-29.3333333333333;-23.1111111111111
20.07.06;-5;-13.00;-23;-2.00000000000001;-14;-17.5714285714286;-18.2;44;-19;71.5;-17.1538461538462;-20;-13.4285714285714;-29.6666666666667;-22.0555555555555
21.07.06;-6;-13.00;-23;-2;-13;-17.8571428571429;-18.8;43;-18;61;-17.1153846153846;-21;-10.2857142857143;-30;-21
22.07.06;-8;-13.00;-23;-2;-12;-18.1428571428571;-19.4;42;-17;50.3333333333333;-17.0769230769231;-22;-7.14285714285716;-29.75;-21
23.07.06;-8;-13.00;-24;-2;-11;-18.4285714285714;-20;37.4;-17.75;39.6666666666666;-17.0384615384615;-23;-4.00000000000002;-29.5;-21
24.07.06;-8;-13.00;-24;-2;-10;-18.7142857142857;-20.6;32.8;-18.5;28.9999999999999;-17;-24;4.66666666666665;-29.25;-21
25.07.06;-9;-12.67;-25;-4;-9;-19;-21.2;28.2;-19.25;25.4999999999999;-17.4545454545455;-24.7142857142857;13.3333333333333;-29;-21
26.07.06;-9;-12.33;-25;-6;-9;-18;-21.8;23.6;-20;21.9999999999999;-17.9090909090909;-25.4285714285714;22;-28.75;-21
27.07.06;-9;-12.00;-25;-8;-9.57142857142857;-17;-22.4;19;-20.5;18.5;-18.3636363636364;-26.1428571428571;23;-28.5;-21
28.07.06;-10;-12.00;-25;-10;-10.1428571428571;-16;-23;14.6666666666667;-20.4285714285714;15;-18.8181818181818;-26.8571428571429;24;-28.25;-22.2222222222222
29.07.06;-10;-12.00;-25;-10.8;-10.7142857142857;-15;-23;10.3333333333333;-20.3571428571429;13.6666666666667;-19.2727272727273;-27.5714285714286;25;-28;-23.4444444444444
30.07.06;-10;-12.00;-25;-11.6;-11.2857142857143;-14;-23;6.00000000000001;-20.2857142857143;12.3333333333333;-19.7272727272727;-28.2857142857143;21;-28.2857142857143;-24.6666666666667
31.07.06;-10;-12.00;-25;-12.4;-11.8571428571429;-13;-22.5;3.80000000000001;-20.2142857142857;11;-20.1818181818182;-29;17;-28.5714285714286;-25.8888888888889
01.08.06;-11;-12.67;-25;-13.2;-12.4285714285714;-12;-22;1.60000000000001;-20.1428571428571;9;-20.6363636363636;-28.7777777777778;13;-28.8571428571429;-27.1111111111111
02.08.06;-10;-13.33;-25;-14;-13;-11;-22.3333333333333;-0.599999999999992;-20.0714285714286;7;-21.0909090909091;-28.5555555555556;8.99999999999999;-29.1428571428571;-28.3333333333333
03.08.06;-10;-14.00;-25;-14.3333333333333;-14;-9.66666666666667;-22.6666666666667;-2.79999999999999;-20;5.6;-21.5454545454546;-28.3333333333333;4.99999999999999;-29.4285714285714;-29.5555555555555
04.08.06;-10;-14.50;-25;-14.6666666666667;-14.6666666666667;-8.33333333333334;-23;-4.99999999999999;-20;4.2;-22;-28.1111111111111;0.999999999999986;-29.7142857142857;-30.7777777777778
05.08.06;-9;-15.00;-25;-15;-15.3333333333333;-7.00000000000001;-22.75;-5.99999999999999;-20;2.8;-22.3333333333333;-27.8888888888889;-3.00000000000001;-30;-32
06.08.06;-6;-15.50;-25;-15.1666666666667;-16;-6.00000000000001;-22.5;-6.99999999999999;-20;1.4;-22.6666666666667;-27.6666666666667;-7.00000000000001;-29.4;-32.2142857142857
07.08.06;-5;-16.00;-25;-15.3333333333333;-16.5;-5.00000000000001;-22.25;-7.87499999999999;-20;0;-23;-27.4444444444444;-9.16666666666668;-28.8;-32.4285714285714
08.08.06;-3;-15.50;-25;-15.5;-17;-4.00000000000001;-22;-8.74999999999999;-20;-1;-23.3333333333333;-27.2222222222222;-11.3333333333333;-28.2;-32.6428571428571
09.08.06;1;-15.00;-24;-15.875;-17.5;-3.00000000000001;-22.1666666666667;-9.625;-20;-2.66666666666667;-23.6666666666667;-27;-13.5;-27.6;-32.8571428571429
10.08.06;3;-14.50;-24;-16.25;-18;-4.75000000000001;-22.3333333333333;-10.5;-20;-4.33333333333334;-24;-26.1;-15.6666666666667;-27;-33.0714285714286
11.08.06;5;-15.00;-24;-16.625;-17;-6.50000000000001;-22.5;-11.375;-20.25;-6.00000000000001;-24.3333333333333;-25.2;-17.8333333333333;-27.3333333333333;-33.2857142857143
12.08.06;5;-15.50;-24;-17;-16;-8.25000000000001;-21.375;-12.25;-20.5;-7.66666666666667;-24.6666666666667;-24.3;-20;-27.6666666666667;-33.5
13.08.06;5;-16.00;-25;-17.375;-15;-10;-20.25;-13.125;-20.5;-9.33333333333333;-25;-23.4;-18.875;-28;-33.25
14.08.06;3;-15.88;-25;-17.75;-13.1818181818182;-8.33333333333333;-19.125;-14;-20.5;-11;-24.8823529411765;-22.5;-17.75;-28.3333333333333;-33
15.08.06;1;-15.75;-25;-18.125;-11.3636363636364;-6.66666666666666;-18;-14.6;-20.5;-12.5;-24.7647058823529;-21.6;-16.625;-28.6666666666667;-32.75
16.08.06;2;-15.63;-25;-18.5;-9.54545454545454;-4.99999999999999;-17;-15.2;-20.5;-14;-24.6470588235294;-20.7;-15.5;-29;-32.5
17.08.06;3;-15.50;-25;-18.6666666666667;-7.72727272727272;-4.74999999999999;-16;-15.8;-20.5;-15.5;-24.5294117647059;-19.8;-14.375;-29.3333333333333;-32.25
18.08.06;-4;-15.25;-25;-18.8333333333333;-5.9090909090909;-4.5;-15;-16.4;-20;-16;-24.4117647058824;-18.9;-13.25;-29.6666666666667;-32
19.08.06;-5;-15.00;-24.2;-19;-4.09090909090908;-4.25;-15;-17;-19.5;-16.75;-24.2941176470588;-18;-12.125;-30;-32.1875
20.08.06;-7;-13.00;-23.4;-19.1666666666667;-2.27272727272726;-4;-15;-16.75;-19.8;-17.5;-24.1764705882353;-13.3333333333333;-11;-30;-32.375
21.08.06;-8;-11.00;-22.6;-19.3333333333333;-0.454545454545441;-5.33333333333333;-15;-16.5;-20.1;-18.25;-24.0588235294118;-8.66666666666666;-12.8333333333333;-30;-32.5625
22.08.06;-8;-10.67;-21.8;-19.5;1.36363636363638;-6.66666666666666;-15;-16.7857142857143;-20.4;-19;-23.9411764705882;-3.99999999999999;-14.6666666666667;-30;-32.75
23.08.06;-8;-10.33;-21;-19.6666666666667;3.1818181818182;-7.99999999999999;-16;-17.0714285714286;-20.7;-20;-23.8235294117647;-5;-16.5;-30;-32.9375
24.08.06;-9;-10.00;-20.2857142857143;-19.8333333333333;5.00000000000002;-9.33333333333332;-17;-17.3571428571429;-21;-20.75;-23.7058823529412;-6;-18.3333333333333;-30;-33.125
25.08.06;-9;-10.25;-19.5714285714286;-20;4.50000000000001;-10.6666666666667;-18;-17.6428571428571;-21.1666666666667;-21.5;-23.5882352941177;-7;-20.1666666666667;-30;-33.3125
26.08.06;-9;-10.50;-18.8571428571429;-20;4.00000000000001;-12;-18.5;-17.9285714285714;-21.3333333333333;-21.6;-23.4705882352941;-8;-22;-30;-33.5
27.08.06;-9;-10.75;-18.1428571428571;-20;3.50000000000001;-12.3333333333333;-19;-18.2142857142857;-21.5;-21.7;-23.3529411764706;-9;-22.4285714285714;-30;-33.6
28.08.06;-10;-11.00;-17.4285714285714;-20;3;-12.6666666666667;-19.5;-18.5;-21.6666666666667;-21.8;-23.2352941176471;-10;-22.8571428571429;-30;-33.7
29.08.06;-8;-11.50;-16.7142857142857;-20;2.66666666666667;-13;-20;-18.6;-21.8333333333333;-21.9;-23.1176470588235;-13;-23.2857142857143;-30;-33.8
30.08.06;-4;-12.00;-16;-20;2.33333333333333;-12.6666666666667;-19.8;-18.7;-22;-22;-23;-16;-23.7142857142857;-30;-33.9
31.08.06;1;-12.50;-15.5;-20;2;-12.3333333333333;-19.6;-18.8;-21;-22.5;-22.75;-17;-24.1428571428572;-30;-34
01.09.06;3;-12.88;-15;-20;1.66666666666667;-12;-19.4;-18.9;-20;-23;-22.5;-18;-24.5714285714286;-30;-33.5
02.09.06;6;-13.25;-15.5;-19.2307692307692;1.33333333333334;-11.6666666666667;-19.2;-19;-19;-22.5;-22.25;-19;-25;-29.5714285714286;-33
03.09.06;10;-13.63;-16;-18.4615384615385;1;-11.3333333333333;-19;-18;-18;-22;-22;-20;-25.4285714285714;-29.1428571428571;-32.5
04.09.06;10;-14.00;-16.5;-17.6923076923077;0.333333333333333;-11;-18.6;-17;-17;-21.5;-21.75;-21;-25.8571428571429;-28.7142857142857;-32
05.09.06;10;-14.50;-17;-16.9230769230769;-0.333333333333334;-5.8;-18.2;-16;-16;-21;-21.5;-22;-26.2857142857143;-28.2857142857143;-31.5
06.09.06;15;-15.00;-17.1;-16.1538461538462;-1;-0.6;-17.8;-15;-15;-20.5;-21.25;-22.5;-26.7142857142857;-27.8571428571429;-31
07.09.06;22;-15.50;-17.2;-15.3846153846154;0.75;4.6;-17.4;-14;-14;-20;-21;-23;-27.1428571428571;-27.4285714285714;-31
08.09.06;29;-16.00;-17.3;-14.6153846153846;2.5;9.8;-17;-13;-13;-19.5;-20.75;-23.5;-27.5714285714286;-27;-31
09.09.06;26;-16.00;-17.4;-13.8461538461538;4.25;15;-17.0714285714286;-12;-12.5555555555556;-19;-20.5;-24;-28;-26.6666666666667;-31
10.09.06;22;-16.00;-17.5;-13.0769230769231;6;18.5;-17.1428571428571;-11;-12.1111111111111;-18.5;-20.25;-24.5;-28;-26.3333333333333;-31
11.09.06;20;-16.00;-17.6;-12.3076923076923;7.75;22;-17.2142857142857;-10;-11.6666666666667;-18;-20;-25;-28;-26;-31
12.09.06;19;-16.00;-17.7;-11.5384615384615;9.5;21;-17.2857142857143;-10.2;-11.2222222222222;-16.3333333333333;-20;-25.5;-28;-25.6666666666667;-31
13.09.06;10;-16.00;-17.8;-10.7692307692308;11.25;19.2;-17.3571428571429;-10.4;-10.7777777777778;-14.6666666666667;-20;-26;-28;-25.3333333333333;-31
14.09.06;2;-16.00;-17.9;-10;13;17.4;-17.4285714285714;-10.6;-10.3333333333333;-13;-20;-26.5;-28;-25;-31
15.09.06;-9;-16.00;-18;-9.4;13.4;15.6;-17.5;-10.8;-9.88888888888889;-13.1538461538462;-20;-27;-28;-24.6666666666667;-31
16.09.06;-2;-16.00;-17.8333333333333;-8.8;13.8;13.8;-17.375;-11;-9.44444444444445;-13.3076923076923;-20;-27.5;-28;-24.3333333333333;-31
17.09.06;-2;-16.00;-17.6666666666667;-8.2;14.2;12;-17.25;-11.8;-9;-13.4615384615385;-20;-28;-28;-24;-31
18.09.06;-1;-16.25;-17.5;-7.6;14.6;9.66666666666667;-17.125;-12.6;-8.55555555555556;-13.6153846153846;-20;-27.5333333333333;-28;-23.6666666666667;-30
19.09.06;-1;-16.50;-17.3333333333333;-7;15;7.33333333333334;-17;-13.4;-8.11111111111112;-13.7692307692308;-19.7777777777778;-27.0666666666667;-28;-23.3333333333333;-29
20.09.06;0;-16.75;-17.1666666666667;-6.75;13.125;5.00000000000001;-17;-14.2;-7.66666666666667;-13.9230769230769;-19.5555555555556;-26.6;-28;-23;-28
21.09.06;0;-17.00;-17;-6.5;11.25;2.66666666666668;-17;-15;-7.22222222222223;-14.0769230769231;-19.3333333333333;-26.1333333333333;-28;-22.7;-27
22.09.06;0;-16.67;-16.6;-6.25;9.375;0.33333333333335;-17;-15.15;-6.77777777777778;-14.2307692307692;-19.1111111111111;-25.6666666666667;-28;-22.4;-26
23.09.06;-1;-16.33;-16.2;-6;7.5;-1.99999999999998;-17;-15.3;-6.33333333333334;-14.3846153846154;-18.8888888888889;-25.2;-28;-22.1;-25
24.09.06;-1;-16.00;-15.8;-5.75;5.625;1.66666666666668;-17;-15.45;-5.8888888888889;-14.5384615384615;-18.6666666666667;-24.7333333333333;-28;-21.8;-24
25.09.06;-1;-15.50;-15.4;-5.5;3.75;5.33333333333334;-17;-15.6;-5.44444444444445;-14.6923076923077;-18.4444444444444;-24.2666666666667;-28;-21.5;-23
26.09.06;-2;-15.00;-15;-5.25;1.875;9;-17;-15.75;-5.00000000000001;-14.8461538461538;-18.2222222222222;-23.8;-28;-21.2;-22
27.09.06;-2;-14.50;-14.2;-5;0;13.5;-17;-15.9;-5.62500000000001;-15;-18;-23.3333333333333;-28;-20.9;-21
28.09.06;-2;-14.00;-13.4;-4.75;2.07692307692308;18;-17;-16.05;-6.25000000000001;-15.2;-17.4230769230769;-22.8666666666667;-28;-20.6;-20
29.09.06;-2;-13.50;-12.6;-4.5;4.15384615384616;22.5;-17;-16.2;-6.87500000000001;-15.4;-16.8461538461539;-22.4;-28;-20.3;-19
30.09.06;-2;-13.00;-11.8;-4.25;6.23076923076924;27;-17;-16.35;-7.50000000000001;-15.6;-16.2692307692308;-21.9333333333333;-28;-20;-18
01.10.06;-2;-12.50;-11;-4;8.30769230769232;29;-17;-16.5;-8.125;-15.8;-15.6923076923077;-21.4666666666667;-28;-20.1428571428571;-17
02.10.06;-2;-12.00;-11.1666666666667;-3.75;10.3846153846154;31;-17;-16.125;-8.75;-16;-15.1153846153846;-21;-27.7142857142857;-20.2857142857143;-16
03.10.06;-2;-11.00;-11.3333333333333;-3.5;12.4615384615385;28.8;-17;-15.75;-9.375;-14.625;-14.5384615384615;-18.2;-27.4285714285714;-20.4285714285714;-15
04.10.06;-1;-10.00;-11.5;-3.25;14.5384615384616;26.6;-17;-15.375;-10;-13.25;-13.9615384615385;-15.4;-27.1428571428571;-20.5714285714286;-14
05.10.06;-1;-9.00;-11.6666666666667;-3;16.6153846153846;24.4;-17;-15;-10.1666666666667;-11.875;-13.3846153846154;-12.6;-26.8571428571429;-20.7142857142857;-14
06.10.06;0;-8.67;-11.8333333333333;-3;18.6923076923077;22.2;-17;-14.625;-10.3333333333333;-10.5;-12.8076923076923;-9.8;-26.5714285714286;-20.8571428571429;-14
07.10.06;1;-8.33;-12;-3;20.7692307692308;20;-17;-14.25;-10.5;-9.125;-12.2307692307692;-7;-26.2857142857143;-21;-14
08.10.06;1;-8.00;-12.2;-3;22.8461538461539;18.5;-17;-13.875;-10.6666666666667;-7.75;-11.6538461538462;-4;-26;-21.1666666666667;-14
09.10.06;0;-6.63;-12.4;-3;24.923076923077;17;-15.6666666666667;-13.5;-10.8333333333333;-6.375;-11.0769230769231;-1;-26.1428571428571;-21.3333333333333;-14
10.10.06;-1;-5.25;-12.6;-3;27;15.5;-14.3333333333333;-13.5;-11;-5;-10.5;2;-26.2857142857143;-21.5;-14
11.10.06;-1;-3.88;-12.8;-3;30.5;14;-13;-13.5;-10.6666666666667;-4.71428571428571;-10.5;4.42857142857143;-26.4285714285714;-21.6666666666667;-14
12.10.06;-1;-2.50;-13;-3;34;15.7;-11.6666666666667;-13.5;-10.3333333333333;-4.42857142857143;-10.5;6.85714285714286;-26.5714285714286;-21.8333333333333;-14
13.10.06;-1;-0.33;-13;-3;37.1666666666667;17.4;-10.3333333333334;-13.5;-10;-4.14285714285714;-10.5;9.28571428571429;-26.7142857142857;-22;-14
14.10.06;-1;1.83;-12.8;-3;40.3333333333333;19.1;-9.00000000000002;-13.1428571428571;-10.1666666666667;-3.85714285714286;-10.5;11.7142857142857;-26.8571428571429;-21.6428571428571;-14.1666666666667
15.10.06;-1;4.00;-12.6;-3;43.5;20.8;-7.66666666666669;-12.7857142857143;-10.3333333333333;-3.57142857142857;-10.5;14.1428571428572;-27;-21.2857142857143;-14.3333333333333
16.10.06;-1;5.50;-12.4;-3;46.6666666666667;22.5;-6.33333333333336;-12.4285714285714;-10.5;-3.28571428571428;-10.5;16.5714285714286;-26;-20.9285714285714;-14.5
17.10.06;-1;7.00;-12.2;-3;49.8333333333334;24.2;-5.00000000000003;-12.0714285714286;-10.6666666666667;-3;-10.5;19;-25;-20.5714285714286;-14.6666666666667
18.10.06;2;8.50;-12;-3;53;25.9;-3.20000000000003;-11.7142857142857;-10.8333333333333;-2.76923076923077;-10.5;18.8571428571429;-24;-20.2142857142857;-14.8333333333333
19.10.06;7;10.00;-11.5;-3;53.7272727272727;27.6;-1.40000000000003;-11.3571428571429;-11;-2.53846153846154;-10.4375;18.7142857142857;-23;-19.8571428571429;-15
20.10.06;10;10.13;-11;-3;54.4545454545455;29.3;0.39999999999997;-11;-10.8571428571429;-2.30769230769231;-10.375;18.5714285714286;-22;-19.5;-15.1666666666667
21.10.06;12;10.25;-10.5;-2.8;55.1818181818182;31;2.19999999999997;-10.8333333333333;-10.7142857142857;-2.07692307692307;-10.3125;18.4285714285714;-21;-19.1428571428571;-15.3333333333333
22.10.06;14;10.38;-10;-2.6;55.9090909090909;31;3.99999999999997;-10.6666666666667;-10.5714285714286;-1.84615384615384;-10.25;18.2857142857143;-20;-18.7857142857143;-15.5
23.10.06;16;10.50;-9.18181818181818;-2.4;56.6363636363636;31;5.79999999999997;-10.5;-10.4285714285714;-1.61538461538461;-10.1875;18.1428571428571;-18;-18.4285714285714;-15.6666666666667
24.10.06;19;10.33;-8.36363636363636;-2.2;57.3636363636364;31;7.59999999999997;-10.3333333333333;-10.2857142857143;-1.38461538461538;-10.125;18;-16;-18.0714285714286;-15.8333333333333
25.10.06;18;10.17;-7.54545454545455;-2;58.0909090909091;31;9.39999999999997;-10.1666666666667;-10.1428571428571;-1.15384615384615;-10.0625;17;-14;-17.7142857142857;-16
26.10.06;17;10.00;-6.72727272727273;-2.375;58.8181818181818;31;11.2;-10;-10;-0.923076923076919;-10;16;-12;-17.3571428571429;-15.8571428571429
27.10.06;17;8.75;-5.90909090909091;-2.75;59.5454545454545;31;13;-9.33333333333333;-10.1428571428571;-0.692307692307688;-9.14285714285714;15;-10;-17;-15.7142857142857
28.10.06;16;7.50;-5.09090909090909;-3.125;60.2727272727273;31;9.875;-8.66666666666667;-10.2857142857143;-0.461538461538457;-8.28571428571429;14;-10.7777777777778;-16.4666666666667;-15.5714285714286
29.10.06;16;6.25;-4.27272727272727;-3.5;61;30.875;6.75;-8;-10.4285714285714;-0.230769230769226;-7.42857142857143;13;-11.5555555555556;-15.9333333333333;-15.4285714285714
30.10.06;15;5.00;-3.45454545454546;-3.875;65.6666666666667;30.75;3.625;-6.28571428571429;-10.5714285714286;0;-6.57142857142857;12;-12.3333333333333;-15.4;-15.2857142857143
31.10.06;14;6.00;-2.63636363636364;-4.25;70.3333333333333;30.625;0.5;-4.57142857142858;-10.7142857142857;1.5;-5.71428571428572;12;-13.1111111111111;-14.8666666666667;-15.1428571428571
01.11.06;14;7.00;-1.81818181818182;-4.625;75;30.5;0.75;-2.85714285714287;-10.8571428571429;3;-4.85714285714286;12;-13.8888888888889;-14.3333333333333;-15
02.11.06;13;8.00;-1;-5;82;30.375;1;-1.14285714285716;-11;4.57142857142857;-4;12;-14.6666666666667;-13.8;-14.375
03.11.06;13;7.00;-0.461538461538462;-4.6;89;30.25;1.25;0.57142857142855;-10.5714285714286;6.14285714285714;-3.07692307692308;12;-15.4444444444444;-13.2666666666667;-13.75
04.11.06;12;6.00;0.076923076923076;-4.2;96;30.125;1.5;2.28571428571426;-10.1428571428571;7.71428571428571;-2.15384615384616;12;-16.2222222222222;-12.7333333333333;-13.125
05.11.06;11;5.00;0.615384615384614;-3.8;103;30;1.75;3.99999999999997;-9.71428571428571;9.28571428571428;-1.23076923076923;12;-17;-12.2;-12.5
06.11.06;11;5.25;1.15384615384615;-3.4;110;30;2;4.28571428571426;-9.28571428571429;10.8571428571429;-0.307692307692309;12;-16.7619047619048;-11.6666666666667;-11.875
07.11.06;11.4;5.50;1.69230769230769;-3;117;30;2.8;4.57142857142855;-8.85714285714285;12.4285714285714;0.615384615384614;12;-16.5238095238095;-11.1333333333333;-11.25
08.11.06;11.8;5.75;2.23076923076923;-2.16666666666667;122;31.25;3.6;4.85714285714284;-8.42857142857143;14;1.53846153846154;18.6;-16.2857142857143;-10.6;-10.625
09.11.06;12.2;6.00;2.76923076923077;-1.33333333333333;127;32.5;4.4;5.14285714285713;-8;13.5714285714286;2.46153846153846;25.2;-16.047619047619;-10.0666666666667;-10
10.11.06;12.6;6.00;3.3076923076923;-0.500000000000001;127.5;33.75;5.2;5.42857142857142;-4.57142857142857;13.1428571428571;3.38461538461538;31.8;-15.8095238095238;-9.53333333333333;-8.57142857142857
11.11.06;13;6.00;3.84615384615384;0.333333333333332;128;35;6;5.71428571428571;-1.14285714285714;12.7142857142857;4.30769230769231;38.4;-15.5714285714286;-9;-7.14285714285714
12.11.06;13.4;6.00;4.38461538461538;1.16666666666667;128.5;37.3333333333333;8.28571428571429;6;2.28571428571429;12.2857142857143;5.23076923076923;45;-15.3333333333333;-8.5;-5.71428571428571
13.11.06;15;8.00;4.92307692307692;2;129;39.6666666666667;10.5714285714286;6.5;5.71428571428572;11.8571428571429;6.15384615384615;45.1428571428571;-15.0952380952381;-8;-4.28571428571428
14.11.06;14;10.00;5.46153846153846;2.83333333333333;129.5;42;12.8571428571429;7;9.14285714285715;11.4285714285714;7.07692307692308;45.2857142857143;-14.8571428571429;-7.5;-2.85714285714285
15.11.06;13;12.00;5.99999999999999;3.66666666666666;130;41;15.1428571428572;7.5;12.5714285714286;11;8;45.4285714285714;-14.6190476190476;-7;-1.42857142857142
16.11.06;12;14.00;6.14285714285714;4.5;128.75;40;17.4285714285715;8;16;12.5714285714286;7.31818181818182;45.5714285714286;-14.3809523809524;-6.5;0
17.11.06;10;15.64;6.28571428571428;5.33333333333333;127.5;39;19.7142857142857;8.5;17;14.1428571428571;6.63636363636364;45.7142857142857;-14.1428571428571;-6;2.5
18.11.06;11;17.29;6.42857142857143;6.16666666666666;126.25;38;22;9;18;15.7142857142857;5.95454545454545;45.8571428571429;-13.9047619047619;-6.33333333333334;5
19.11.06;12;18.93;6.57142857142857;7;125;37;27.75;9.5;19;17.2857142857143;5.27272727272727;46;-13.6666666666667;-6.66666666666667;7.5
20.11.06;14;20.57;6.71428571428571;8.16666666666667;120.454545454545;36;33.5;10;20;18.8571428571429;4.59090909090909;49.5;-13.4285714285714;-7;10
21.11.06;16;22.21;6.85714285714286;9.33333333333334;115.909090909091;35.2;39.25;10.5;21;20.4285714285714;3.90909090909091;53;-13.1904761904762;-7.33333333333334;12.5
22.11.06;18;23.86;7;10.5;111.363636363636;34.4;45;11;22;22;3.22727272727273;56.5;-12.952380952381;-7.66666666666667;15
23.11.06;19;25.50;6.75;11.6666666666667;106.818181818182;33.6;50.75;11.5;23;26.3333333333333;2.54545454545454;60;-12.7142857142857;-8;17.5
24.11.06;21;27.14;6.5;12.8333333333334;102.272727272727;32.8;56.5;12;21.7142857142857;30.6666666666667;1.86363636363636;63.5;-12.4761904761905;-7.28571428571429;20
25.11.06;23;28.79;6.25;14;97.7272727272727;32;62.25;12.5;20.4285714285714;35;1.18181818181818;67;-12.2380952380952;-6.57142857142857;17.8333333333333
26.11.06;25;30.43;6;14.4;93.1818181818181;31;68;13;19.1428571428571;34.8;0.499999999999997;66.2;-12;-5.85714285714286;15.6666666666667
27.11.06;27;32.07;10.25;14.8;88.6363636363636;30;63.5;17.5;17.8571428571428;34.6;0.499999999999998;65.4;-11.5;-5.14285714285714;13.5
28.11.06;29;33.71;14.5;15.2;84.0909090909091;29.3333333333333;59;22;16.5714285714285;34.4;0.499999999999999;64.6;-11;-4.42857142857143;11.3333333333333
29.11.06;31;35.36;18.75;15.6;79.5454545454545;28.6666666666667;54.5;26.5;15.2857142857143;34.2;0.499999999999999;63.8;-10.5;-3.71428571428572;9.16666666666665
30.11.06;33;37.00;23;16;74.9999999999999;28;50;31;14;34;0.5;63;-10;-3;6.99999999999998