01.12.05;18.8006533971605;;;90;91;90;91;92;90;90;89;91;95;94;94
02.12.05;18.8006533971605;;;90;92;89.8928571428571;91.5;92.25;89.9285714285714;90;89.1538461538462;91;95;94;94
03.12.05;18.8006533971605;93;;90;93;89.7857142857143;92;92.5;89.8571428571429;90.2727272727273;89.3076923076923;91;95;94;94
04.12.05;18.8006533971605;92.6666666666667;;90;93;89.6785714285714;92.5;92.75;89.7857142857143;90.5454545454546;89.4615384615385;91;95;93.8333333333333;94
05.12.05;18.1581775403197;92.3333333333333;;90;94;89.5714285714286;93;93;89.7142857142857;90.8181818181818;89.6153846153846;91;95;93.6666666666667;94
06.12.05;17.5168258762783;92;;90;93.4705882352941;89.4642857142857;93;93;89.6428571428571;91.0909090909091;89.7692307692308;91.1818181818182;95.1428571428571;93.5;94
07.12.05;16.8765944777224;91.6666666666667;;90;92.9411764705882;89.3571428571429;93;93;89.5714285714286;91.3636363636364;89.9230769230769;91.3636363636364;95.2857142857143;93.3333333333333;94
08.12.05;16.2374794378821;91.3333333333333;;90.0571428571429;92.4117647058824;89.25;93;93;89.5;91.6363636363636;90.0769230769231;91.5454545454546;95.4285714285714;93.1666666666667;94
09.12.05;15.5994768703876;91;94;90.1142857142857;91.8823529411765;89.1428571428571;93;93;89.4285714285714;91.9090909090909;90.2307692307692;91.7272727272727;95.5714285714286;93;94
10.12.05;14.9625829091294;91.1666666666667;93.8421052631579;90.1714285714286;91.3529411764706;89.0357142857143;93;93;89.3571428571429;92.1818181818182;90.3846153846154;91.9090909090909;95.7142857142857;93;94
11.12.05;15.5084242348479;91.3333333333333;93.6842105263158;90.2285714285714;90.8235294117647;88.9285714285714;93;93;89.2857142857143;92.4545454545455;90.5384615384615;92.0909090909091;95.8571428571429;93;94
12.12.05;16.0550796418905;91.5;93.5263157894737;90.2857142857143;90.2941176470588;88.8214285714286;93;93;89.2142857142857;92.7272727272727;90.6923076923077;92.2727272727273;96;93;94
13.12.05;16.6025515621671;91.6666666666667;93.3684210526316;90.3428571428571;89.7647058823529;88.7142857142857;93;93;89.1428571428571;93;90.8461538461539;92.4545454545455;95.1666666666667;93;94
14.12.05;17.1508424385011;91.8333333333333;93.2105263157895;90.4;89.2352941176471;88.6071428571429;92.8461538461538;93;89.0714285714286;92.375;91;92.6363636363636;94.3333333333333;93;94
15.12.05;17.6999547246948;92;93.0526315789474;90.4571428571429;88.7058823529412;88.5;92.6923076923077;93;89;91.75;90.375;92.8181818181818;93.5;93;93.8461538461538
16.12.05;18.249890885595;91.9;92.8947368421053;90.5142857142857;88.1764705882353;88.3928571428571;92.5384615384615;93;89;91.125;89.75;93;92.6666666666667;93.1538461538462;93.6923076923077
17.12.05;18.8006533971605;91.8;92.7368421052632;90.5714285714286;87.6470588235294;88.2857142857143;92.3846153846154;93;89;90.5;89.125;93.1818181818182;91.8333333333333;93.3076923076923;93.5384615384615
18.12.05;19.352244746528;91.7;92.5789473684211;90.6285714285714;87.1176470588235;88.1785714285714;92.2307692307692;93.25;89;89.875;88.5;93.3636363636364;91;93.4615384615385;93.3846153846154
19.12.05;19.9046674320792;91.6;92.421052631579;90.6857142857143;86.5882352941177;88.0714285714286;92.0769230769231;93.5;89;89.25;87.875;93.5454545454546;90;93.6153846153846;93.2307692307692
20.12.05;20.4579239635099;91.5;92.2631578947369;90.7428571428572;86.0588235294118;87.9642857142857;91.9230769230769;93.75;89;88.625;87.25;93.7272727272727;89;93.7692307692308;93.0769230769231
21.12.05;21.0120168618976;91.4;92.1052631578947;90.8;85.5294117647059;87.8571428571429;91.7692307692308;94;89;88;86.625;93.9090909090909;88;93.9230769230769;92.9230769230769
22.12.05;21.5669486597704;91.3;91.9473684210526;90.8571428571429;85;87.75;91.6153846153846;94.25;89;87.8181818181818;86;94.0909090909091;87;94.0769230769231;92.7692307692308
23.12.05;22.1227219011767;91.2;91.7894736842105;90.9142857142857;85.0384615384615;87.6428571428571;91.4615384615385;94.5;89;87.6363636363636;86.8333333333333;94.2727272727273;86;94.2307692307692;92.6153846153846
24.12.05;22.6793391417552;91.1;91.6315789473684;90.9714285714286;85.0769230769231;87.5357142857143;91.3076923076923;94.75;89;87.4545454545455;87.6666666666667;94.4545454545455;85;94.3846153846154;92.4615384615385
25.12.05;22.6793391417552;91;91.4736842105263;91.0285714285714;85.1153846153846;87.4285714285714;91.1538461538462;95;89;87.2727272727273;88.5;94.6363636363636;84;94.5384615384615;92.3076923076923
26.12.05;22.6793391417552;91.2;91.3157894736842;91.0857142857143;85.1538461538462;87.3214285714286;91;94.8;89;87.0909090909091;89.3333333333333;94.8181818181818;84.4;94.6923076923077;92.1538461538462
27.12.05;22.6793391417552;91.4;91.1578947368421;91.1428571428571;85.1923076923077;87.2142857142857;90.8571428571429;94.6;89;86.9090909090909;90.1666666666667;95;84.8;94.8461538461539;92
28.12.05;22.6793391417552;91.6;91;91.2;85.2307692307692;87.1071428571429;90.7142857142857;94.4;89;86.7272727272727;91;94.5;85.2;95;92
29.12.05;22.6793391417552;91.8;91;91.2571428571429;85.2692307692308;87;90.5714285714286;94.2;89;86.5454545454546;90.8333333333333;94;85.6;94.6111111111111;92
30.12.05;22.6793391417552;92;91;91.3142857142857;85.3076923076923;86.7692307692308;90.4285714285714;94;89;86.3636363636364;90.6666666666667;93.5;86;94.2222222222222;92
31.12.05;22.6793391417552;92;91;91.3714285714286;85.3461538461538;86.5384615384615;90.2857142857143;93.8;89;86.1818181818182;90.5;93;86.4;93.8333333333333;92
01.01.06;22.6793391417552;92;91;91.4285714285714;85.3846153846154;86.3076923076923;90.1428571428571;93.6;89;86;90.3333333333333;92.5;86.8;93.4444444444444;92
02.01.06;22.6793391417552;92;91;91.4857142857143;85.4230769230769;86.0769230769231;90;93.4;89;85.8181818181818;90.1666666666667;92;87.2;93.0555555555556;92
03.01.06;22.6793391417552;92;91;91.5428571428571;85.4615384615385;85.8461538461538;89.8571428571429;93.2;89;85.6363636363636;90;91.5;87.6;92.6666666666667;92
04.01.06;22.6793391417552;92;91;91.6;85.5;85.6153846153846;89.7142857142857;93;89;85.4545454545455;89.8333333333333;91;88;92.2777777777778;92
05.01.06;22.6793391417552;92;91;91.6571428571429;85.5384615384615;85.3846153846154;89.5714285714286;92.8;89;85.2727272727273;89.6666666666667;90.5;88.4;91.8888888888889;92
06.01.06;22.6793391417552;92;91;91.7142857142857;85.5769230769231;85.1538461538462;89.4285714285714;92.6;89;85.0909090909091;89.5;90;88.8;91.5;92
07.01.06;22.6793391417552;92;91;91.7714285714286;85.6153846153846;84.9230769230769;89.2857142857143;92.4;89;84.9090909090909;89.3333333333333;89.5;89.2;91.1111111111111;92
08.01.06;22.6793391417552;92;91;91.8285714285714;85.6538461538462;84.6923076923077;89.1428571428571;92.2;89;84.7272727272727;89.1666666666667;89;89.6;90.7222222222222;92
09.01.06;22.6793391417552;92;91;91.8857142857143;85.6923076923077;84.4615384615385;89;92;89;84.5454545454546;89;88.5;90;90.3333333333333;92
10.01.06;22.6793391417552;92;91;91.9428571428571;85.7307692307692;84.2307692307692;87.875;91.8;89;84.3636363636364;89;88;90.4;89.9444444444444;92
11.01.06;22.6793391417552;92;91;92;85.7692307692308;84;86.75;91.6;89;84.1818181818182;89;88.2857142857143;90.8;89.5555555555556;92
12.01.06;22.6793391417552;91.2;91;91.9772727272727;85.8076923076923;84.1111111111111;85.625;91.4;89;84;89;88.5714285714286;91.2;89.1666666666667;91.7142857142857
13.01.06;22.6793391417552;90.4;91;91.9545454545455;85.8461538461539;84.2222222222222;84.5;91.2;89;83.5384615384615;89;88.8571428571429;91.6;88.7777777777778;91.4285714285714
14.01.06;22.6793391417552;89.6;91;91.9318181818182;85.8846153846154;84.3333333333333;83.375;91;89.0476190476191;83.0769230769231;89;89.1428571428571;92;88.3888888888889;91.1428571428571
15.01.06;22.1227219011766;88.8;91;91.9090909090909;85.9230769230769;84.4444444444444;82.25;91;89.0952380952381;82.6153846153846;89;89.4285714285714;91.75;88;90.8571428571429
16.01.06;21.5669486597704;88;91;91.8863636363636;85.9615384615385;84.5555555555556;81.125;91;89.1428571428571;82.1538461538462;89;89.7142857142857;91.5;87.7692307692308;90.5714285714286
17.01.06;21.0120168618976;88.2857142857143;91;91.8636363636364;86;84.6666666666667;80;91;89.1904761904762;81.6923076923077;89;90;91.25;87.5384615384615;90.2857142857143
18.01.06;20.4579239635099;88.5714285714286;91;91.8409090909091;86.3103448275862;84.7777777777778;80.0740740740741;91;89.2380952380952;81.2307692307692;89;90.2857142857143;91;87.3076923076923;90
19.01.06;19.9046674320792;88.8571428571429;91;91.8181818181818;86.6206896551724;84.8888888888889;80.1481481481482;91;89.2857142857143;80.7692307692308;89.1428571428571;90.5714285714286;90.75;87.0769230769231;89.7142857142857
20.01.06;19.352244746528;89.1428571428571;91;91.7954545454546;86.9310344827586;85;80.2222222222222;91;89.3333333333333;80.3076923076923;89.2857142857143;90.8571428571429;90.5;86.8461538461538;89.4285714285714
21.01.06;18.8006533971605;89.4285714285714;91;91.7727272727273;87.2413793103448;85.1111111111111;80.2962962962963;91;89.3809523809524;79.8461538461538;89.4285714285714;91.1428571428571;90.25;86.6153846153846;89.1428571428571
22.01.06;18.8006533971605;89.7142857142857;91;91.75;87.551724137931;85.2222222222222;80.3703703703704;91;89.4285714285714;79.3846153846154;89.5714285714286;91.4285714285714;90;86.3846153846154;88.8571428571429
23.01.06;18.8006533971605;90;91;91.7272727272727;87.8620689655172;85.3333333333333;80.4444444444444;91;89.4761904761905;78.9230769230769;89.7142857142857;91.7142857142857;89.375;86.1538461538462;88.5714285714286
24.01.06;18.8006533971605;90.2;91;91.7045454545455;88.1724137931034;85.4444444444444;80.5185185185185;91;89.5238095238095;78.4615384615385;89.8571428571429;92;88.75;85.9230769230769;88.2857142857143
25.01.06;18.8006533971605;90.4;91;91.6818181818182;88.4827586206897;85.5555555555556;80.5925925925926;91;89.5714285714286;78;90;91.952380952381;88.125;85.6923076923077;88
26.01.06;19.5731139201175;90.6;91;91.6590909090909;88.7931034482759;85.6666666666667;80.6666666666667;91;89.6190476190476;78.2857142857143;90;91.9047619047619;87.5;85.4615384615385;88.2222222222222
27.01.06;20.3472058287061;90.8;91;91.6363636363636;89.1034482758621;85.7777777777778;80.7407407407408;91;89.6666666666667;78.5714285714286;90;91.8571428571429;86.875;85.2307692307692;88.4444444444444
28.01.06;21.1229360282701;91;91;91.6136363636364;89.4137931034483;85.8888888888889;80.8148148148148;91;89.7142857142857;78.8571428571429;90;91.8095238095238;86.25;85;88.6666666666667
29.01.06;21.9003114680897;91.2;91;91.5909090909091;89.7241379310345;86;80.8888888888889;91;89.7619047619048;79.1428571428571;90;91.7619047619048;85.625;86.375;88.8888888888889
30.01.06;22.6793391417552;91.4;91;91.5681818181818;90.0344827586207;86.5;80.962962962963;91;89.8095238095238;79.4285714285714;90;91.7142857142857;85;87.75;89.1111111111111
31.01.06;22.6793391417552;91.6;91;91.5454545454546;90.3448275862069;87;81.037037037037;91;89.8571428571429;79.7142857142857;90;91.6666666666667;86;89.125;89.3333333333333
01.02.06;22.6793391417552;91.8;91;91.5227272727273;90.6551724137931;87.5;81.1111111111111;91;89.9047619047619;80;90;91.6190476190476;87;90.5;89.5555555555556
02.02.06;22.6793391417552;92;91;91.5;90.9655172413793;88;81.1851851851852;91;89.952380952381;80.2857142857143;90;91.5714285714286;88;91.875;89.7777777777778
03.02.06;22.6793391417552;92;91;91.4772727272727;91.2758620689655;88.5;81.2592592592593;91;90;80.5714285714286;90;91.5238095238095;89;93.25;90
04.02.06;22.6793391417552;92;91;91.4545454545455;91.5862068965517;89;81.3333333333333;91;89.7142857142857;80.8571428571429;90;91.4761904761905;90;94.625;90.1538461538462
05.02.06;23.3297960693041;92;91;91.4318181818182;91.8965517241379;89.375;81.4074074074074;91.3333333333333;89.4285714285714;81.1428571428571;90;91.4285714285714;90.125;96;90.3076923076923
06.02.06;23.9814093653329;92;91;91.4090909090909;92.2068965517241;89.75;81.4814814814815;91.6666666666667;89.1428571428571;81.4285714285714;90;91.3809523809524;90.25;95.4545454545455;90.4615384615385
07.02.06;24.6341831486994;92;91;91.3863636363636;92.5172413793104;90.125;81.5555555555556;92;88.8571428571429;81.7142857142857;90;91.3333333333333;90.375;94.9090909090909;90.6153846153846
08.02.06;25.2881215603075;92;91;91.3636363636364;92.8275862068966;90.5;81.6296296296296;92.3333333333333;88.5714285714286;82;90;91.2857142857143;90.5;94.3636363636364;90.7692307692308
09.02.06;25.943228763264;92;91;91.3409090909091;93.1379310344828;90.875;81.7037037037037;92.6666666666667;88.2857142857143;81.8461538461538;90;91.2380952380952;90.625;93.8181818181818;90.9230769230769
10.02.06;26.5995089430384;91.8;91.0588235294118;91.3181818181818;93.448275862069;91.25;81.7777777777778;93;88;81.6923076923077;90;91.1904761904762;90.75;93.2727272727273;91.0769230769231
11.02.06;28.5754295367731;91.6;91.1176470588235;91.2954545454546;93.7586206896552;91.625;81.8518518518519;93.3333333333333;87.7142857142857;81.5384615384615;90;91.1428571428571;90.875;92.7272727272727;91.2307692307692
12.02.06;30.562059779517;91.4;91.1764705882353;91.2727272727273;94.0689655172414;92;81.9259259259259;93.6666666666667;87.4285714285714;81.3846153846154;90;91.0952380952381;91;92.1818181818182;91.3846153846154
13.02.06;32.5595163985515;91.2;91.2352941176471;91.25;94.3793103448276;91.9285714285714;82;94;87.1428571428571;81.2307692307692;90;91.0476190476191;90.4285714285714;91.6363636363636;91.5384615384615
14.02.06;34.567918039982;91;91.2941176470588;91.2272727272727;94.6896551724138;91.8571428571429;82;93.3333333333333;86.8571428571429;81.0769230769231;90;91;89.8571428571429;91.0909090909091;91.6923076923077
15.02.06;36.5873853110262;91;91.3529411764706;91.2045454545455;95;91.7857142857143;82;92.6666666666667;86.5714285714286;80.9230769230769;90;91;89.2857142857143;90.5454545454546;91.8461538461539
16.02.06;38.618040823474;91;91.4117647058824;91.1818181818182;94.8148148148148;91.7142857142857;82;92;86.2857142857143;80.7692307692308;90;91;88.7142857142857;90;92
17.02.06;36.5873853110262;91;91.4705882352941;91.1590909090909;94.6296296296296;91.6428571428571;82;91.3333333333333;86;80.6153846153846;90;91;88.1428571428571;89.9285714285714;92
18.02.06;34.567918039982;91;91.5294117647059;91.1363636363636;94.4444444444444;91.5714285714286;82;90.6666666666667;85;80.4615384615385;90;91;87.5714285714286;89.8571428571429;92
19.02.06;32.5595163985515;91;91.5882352941177;91.1136363636364;94.2592592592593;91.5;82;90;84;80.3076923076923;90;91;87;89.7857142857143;92
20.02.06;30.562059779517;91.4;91.6470588235294;91.0909090909091;94.0740740740741;91.4285714285714;82;90;83;80.1538461538462;90;91;87.375;89.7142857142857;92
21.02.06;28.5754295367731;91.8;91.7058823529412;91.0681818181818;93.8888888888889;91.3571428571429;82;90;82;80;90;91;87.75;89.6428571428571;92
22.02.06;26.5995089430384;92.2;91.7647058823529;91.0454545454546;93.7037037037037;91.2857142857143;82;90;81;80;90;91;88.125;89.5714285714286;92
23.02.06;25.2881215603075;92.6;91.8235294117647;91.0227272727273;93.5185185185185;91.2142857142857;82;90;80;80;90;91;88.5;89.5;92
24.02.06;23.9814093653329;93;91.8823529411765;91;93.3333333333333;91.1428571428571;82;90;79;80;90;91;88.875;89.4285714285714;92
25.02.06;22.6793391417552;93;91.9411764705882;90.75;93.1481481481482;91.0714285714286;82;90;78;80;90;91;89.25;89.3571428571429;92
26.02.06;21.3818780259566;93;92;90.5;92.962962962963;91;82;90;77;80;90;91;89.625;89.2857142857143;92
27.02.06;20.0889935020844;93;92.0588235294118;90.25;92.7777777777778;90.9285714285714;82.6666666666667;89.1578947368421;77;80;90;90.8461538461538;90;89.2142857142857;92
28.02.06;18.8006533971605;93;92.1176470588235;90;92.5925925925926;90.8571428571429;83.3333333333333;88.3157894736842;77;80;90;90.6923076923077;89.1666666666667;89.1428571428571;92
01.03.06;18.8006533971605;93;92.1764705882353;89.75;92.4074074074074;90.7857142857143;84;87.4736842105263;77;80;90;90.5384615384615;88.3333333333333;89.0714285714286;92
02.03.06;18.8006533971605;93;92.2352941176471;89.5;92.2222222222222;90.7142857142857;84.6666666666667;86.6315789473684;77;80;90;90.3846153846154;87.5;89;92
03.03.06;18.8006533971605;93;92.2941176470588;89.25;92.037037037037;90.6428571428571;85.3333333333333;85.7894736842105;77;80.0909090909091;90;90.2307692307692;86.6666666666667;89;92.5
04.03.06;23.9814093653329;93;92.3529411764706;89;91.8518518518519;90.5714285714286;86;84.9473684210526;77;80.1818181818182;90;90.0769230769231;85.8333333333333;89;93
05.03.06;29.2364439314022;93;92.4117647058824;88.75;91.6666666666667;90.5;87.5;84.1052631578947;76.4285714285714;80.2727272727273;90;89.9230769230769;85;89;93.5
06.03.06;34.567918039982;93;92.4705882352941;88.5;91.4814814814815;90.4285714285714;89;83.2631578947368;75.8571428571429;80.3636363636364;90;89.7692307692308;84.1666666666667;89;94
07.03.06;39.9780883300708;93;92.5294117647059;88.25;91.2962962962963;90.3571428571429;88.5;82.421052631579;75.2857142857143;80.4545454545455;90;89.6153846153846;83.3333333333333;89;94.5
08.03.06;45.4693128700675;93;92.5882352941177;88;91.1111111111111;90.2857142857143;88;81.5789473684211;74.7142857142857;80.5454545454546;89.6;89.4615384615385;82.5;89;95
09.03.06;51.0440573289593;92.75;92.6470588235294;87.75;90.9259259259259;90.2142857142857;87.5;80.7368421052632;74.1428571428571;80.6363636363636;89.2;89.3076923076923;81.6666666666667;89;95.5
10.03.06;51.0440573289593;92.5;92.7058823529412;87.5;90.7407407407408;90.1428571428571;87;79.8947368421053;73.5714285714286;80.7272727272727;88.8;89.1538461538462;80.8333333333333;89;96
11.03.06;51.0440573289593;92.25;92.7647058823529;87.25;90.5555555555556;90.0714285714286;86.5;79.0526315789474;73;80.8181818181818;88.4;89;80;89;95.6923076923077
12.03.06;51.0440573289593;92;92.8235294117647;87;90.3703703703704;90;86;78.2105263157895;73.3846153846154;80.9090909090909;88;89.4;78;89;95.3846153846154
13.03.06;51.0440573289593;92.125;92.8823529411765;86.75;90.1851851851852;90.3333333333333;85.5;77.3684210526316;73.7692307692308;81;87.6;89.8;76;89;95.0769230769231
14.03.06;49.99231375945;92.25;92.9411764705882;86.5;90;90.6666666666667;85;76.5263157894737;74.1538461538462;81;87.2;90.2;74;89;94.7692307692308
15.03.06;48.9435794746523;92.375;93;86.25;89.9047619047619;91;84;75.6842105263158;74.5384615384616;81;86.8;90.6;72;89;94.4615384615385
16.03.06;47.8978373031485;92.5;92.7777777777778;86;89.8095238095238;91.3333333333333;83;74.8421052631579;74.9230769230769;81;86.4;91;70;89;94.1538461538462
17.03.06;46.8550702200778;92.625;92.5555555555556;85.7857142857143;89.7142857142857;91.6666666666667;82;74;75.3076923076923;81;86;91.4;68;89;93.8461538461538
18.03.06;45.1927889923867;92.75;92.3333333333333;85.5714285714286;89.6190476190476;92;81;73;75.6923076923077;81;85.6;91.8;66;89;93.5384615384615
19.03.06;43.5380124459026;92.875;92.1111111111111;85.3571428571429;89.5238095238095;90.6666666666667;80;72;76.0769230769231;81;85.2;92.2;65.8333333333333;89;93.2307692307692
20.03.06;41.8906731224746;93;91.8888888888889;85.1428571428571;89.4285714285714;89.3333333333333;79;71;76.4615384615385;81;84.8;92.6;65.6666666666667;89;92.9230769230769
21.03.06;40.2507044694368;92.1428571428571;91.6666666666667;84.9285714285714;89.3333333333333;88;78;70;76.8461538461539;81;84.4;93;65.5;89;92.6153846153846
22.03.06;38.618040823474;91.2857142857143;91.4444444444444;84.7142857142857;89.2380952380952;88;78.6153846153846;69;77.2307692307692;81;84;91.8333333333333;65.3333333333333;89;92.3076923076923
23.03.06;36.1826007503047;90.4285714285714;91.2222222222222;84.5;89.1428571428571;88;79.2307692307692;68;77.6153846153846;81;84.1428571428571;90.6666666666667;65.1666666666667;89;92
24.03.06;33.7632363062899;89.5714285714286;91;84.2857142857143;89.0476190476191;88;79.8461538461538;67;78;81;84.2857142857143;89.5;65;89;91.125
25.03.06;31.359736661225;88.7142857142857;90.7777777777778;84.0714285714286;88.952380952381;88;80.4615384615385;66;78.4285714285714;81;84.4285714285714;88.3333333333333;64.8333333333333;88.5909090909091;90.25
26.03.06;28.9718951054241;87.8571428571429;90.5555555555556;83.8571428571429;88.8571428571429;88;81.0769230769231;65;78.8571428571429;81;84.5714285714286;87.1666666666667;64.6666666666667;88.1818181818182;89.375
27.03.06;26.5995089430384;87;90.3333333333333;83.6428571428571;88.7619047619048;88;81.6923076923077;64;79.2857142857143;81;84.7142857142857;86;64.5;87.7727272727273;88.5
28.03.06;45.8152613454718;87.1666666666667;90.1111111111111;83.4285714285714;88.6666666666667;87.6666666666667;82.3076923076923;63;79.7142857142857;81;84.8571428571429;86;64.3333333333333;87.3636363636364;87.625
29.03.06;66.0944219131534;87.3333333333333;89.8888888888889;83.2142857142857;88.5714285714286;87.3333333333333;82.9230769230769;62;80.1428571428571;81;85;86;64.1666666666667;86.9545454545455;86.75
30.03.06;87.5616202981263;87.5;89.6666666666667;83;88.4761904761905;87;83.5384615384615;61;80.5714285714286;81;84.3333333333333;86;64;86.5454545454546;85.875
31.03.06;110.364767035209;87.6666666666667;89.4444444444444;83.8888888888889;88.3809523809524;86.6666666666667;84.1538461538462;62.3333333333333;81;81.2142857142857;83.6666666666667;86;66;86.1363636363636;85
01.04.06;108.717427711781;87.8333333333333;89.2222222222222;84.7777777777778;88.2857142857143;86.3333333333333;84.7692307692308;63.6666666666667;81.4285714285714;81.4285714285714;83;86;68;85.7272727272727;85.5
02.04.06;107.077459058743;88;89;85.6666666666667;88.1904761904762;86;85.3846153846154;65;81.8571428571429;81.6428571428571;82.3333333333333;86;70;85.3181818181818;86
03.04.06;105.44479541278;88.1666666666667;87.5;86.5555555555556;88.0952380952381;86.5;86;64.6;82.2857142857143;81.8571428571429;81.6666666666667;86;72;84.9090909090909;86.5
04.04.06;105.44479541278;88.3333333333333;86;87.4444444444444;88;87;87.2857142857143;64.2;82.7142857142857;82.0714285714286;81;86;74;84.5;87
05.04.06;105.44479541278;88.5;84.5;88.3333333333333;88.5384615384615;87.5;88.5714285714286;63.8;83.1428571428572;82.2857142857143;82;86.3076923076923;76;84.0909090909091;87.5
06.04.06;105.44479541278;88.6666666666667;83;89.2222222222222;89.0769230769231;88;89.8571428571429;63.4;83.5714285714286;82.5;83;86.6153846153846;78;83.6818181818182;88
07.04.06;105.44479541278;88.8333333333333;81.5;90.1111111111111;89.6153846153846;88.5;91.1428571428572;63;84;82.7142857142857;84;86.9230769230769;80;83.2727272727273;88.5
08.04.06;108.717427711781;89;80;91;90.1538461538462;89;92.4285714285714;65.1111111111111;81.5714285714286;82.9285714285714;85;87.2307692307692;82;82.8636363636364;89
09.04.06;112.019543581693;89.1666666666667;78.5;89.6666666666667;90.6923076923077;89.5;93.7142857142857;67.2222222222222;79.1428571428571;83.1428571428571;86;87.5384615384615;81.1428571428571;82.4545454545455;86.7142857142857
10.04.06;115.351679098419;89.3333333333333;77;88.3333333333333;91.2307692307692;90;95;69.3333333333333;76.7142857142857;83.3571428571429;87;87.8461538461539;80.2857142857143;82.0454545454546;84.4285714285714
11.04.06;114.098575715545;89.5;75.5;87;91.7692307692308;88;94.5714285714286;71.4444444444444;74.2857142857143;83.5714285714286;88;88.1538461538462;79.4285714285714;81.6363636363636;82.1428571428571
12.04.06;112.849741858434;89.6666666666667;74;85.6666666666667;92.3076923076923;86;94.1428571428571;73.5555555555555;71.8571428571429;83.7857142857143;85.1428571428571;88.4615384615385;78.5714285714286;81.2272727272727;79.8571428571428
13.04.06;111.605148531921;89.8333333333333;76;84.3333333333333;92.8461538461538;84;93.7142857142857;75.6666666666667;69.4285714285714;84;82.2857142857143;88.7692307692308;77.7142857142857;80.8181818181818;77.5714285714286
14.04.06;110.364767035209;90;78;83;93.3846153846154;82;93.2857142857143;77.7777777777778;67;80;79.4285714285714;89.0769230769231;76.8571428571429;80.4090909090909;75.2857142857143
15.04.06;105.44479541278;90;80;81.6666666666667;93.9230769230769;80;92.8571428571429;79.8888888888889;67.3333333333333;76;76.5714285714286;89.3846153846154;76;80;73
16.04.06;105.44479541278;90;82;80.3333333333334;94.4615384615385;78.2857142857143;92.4285714285714;82;67.6666666666667;72;73.7142857142857;89.6923076923077;77.125;82.5714285714286;72.2857142857143
17.04.06;105.44479541278;90;81.9;79;95;76.5714285714286;92;79.7142857142857;68;68;70.8571428571428;90;78.25;85.1428571428571;71.5714285714285
18.04.06;100.589990895596;90;81.8;77.6666666666667;83.5;74.8571428571429;92;77.4285714285714;68.3333333333333;68.2;68;89.7142857142857;79.375;87.7142857142857;70.8571428571428
19.04.06;95.7986496947302;90;81.7;76.3333333333334;72;73.1428571428572;92;75.1428571428571;68.6666666666667;68.4;68.2;89.4285714285714;80.5;90.2857142857143;70.1428571428571
20.04.06;91.0691339781099;90;81.6;75;72.375;71.4285714285714;92;72.8571428571428;69;68.6;68.4;89.1428571428571;81.625;92.8571428571429;69.4285714285714
21.04.06;86.3998685094236;90;81.5;75;72.75;69.7142857142857;92;70.5714285714286;69;68.8;68.6;88.8571428571429;82.75;95.4285714285714;68.7142857142857
22.04.06;;90;81.4;75;73.125;68;93;68.2857142857143;69;69;68.8;88.5714285714286;83.875;98;68
23.04.06;;90.8333333333333;81.3;75;73.5;68;94;66;69;69.2;69;88.2857142857143;85;93;67.2857142857143
24.04.06;;91.6666666666667;81.2;75;73.875;68;95;66.5714285714286;69;69.4;69.2;88;85;88;66.5714285714286
25.04.06;;92.5;81.1;75;74.25;68;96;67.1428571428571;69;69.6;69.4;87.9285714285714;85;83;65.8571428571429
26.04.06;;93.3333333333333;81;75;74.625;68;95.3076923076923;67.7142857142857;69;69.8;69.6;87.8571428571429;85;78;65.1428571428571
27.04.06;105.44479541278;94.1666666666667;81;74.4;75;67.1764705882353;94.6153846153846;68.2857142857143;68;70;69.8;87.7857142857143;85;73;64.4285714285714
28.04.06;113.681824809384;95;81;73.8;73.8;66.3529411764706;93.9230769230769;68.8571428571429;67;69.375;70;87.7142857142857;85;68;63.7142857142857
29.04.06;122.10822769637;91.75;81;73.2;72.6;65.5294117647059;93.2307692307692;69.4285714285714;66;68.75;70;87.6428571428571;85;67;63
30.04.06;130.732916973088;88.5;81;72.6;71.4;64.7058823529412;92.5384615384616;70;65;68.125;70;87.5714285714286;84.875;66;64.2857142857143
01.05.06;127.258650368503;85.25;82.5;72;70.2;63.8823529411765;91.8461538461539;68.4285714285714;64;67.5;70;87.5;84.75;65;65.5714285714286
02.05.06;123.8170064672;82;84;71.4;69;63.0588235294118;91.1538461538462;66.8571428571429;63;66.875;70;87.4285714285714;84.625;64;66.8571428571429
03.05.06;120.407378321909;78.75;85.5;70.8;67.8;62.2352941176471;90.4615384615385;65.2857142857143;62;66.25;68.625;87.3571428571429;84.5;63;68.1428571428572
04.05.06;115.351679098419;75.5;87;70.2;66.6;61.4117647058824;89.7692307692308;63.7142857142857;61;65.625;67.25;87.2857142857143;84.375;62;69.4285714285714
05.05.06;110.364767035209;72.25;87;69.6;65.4;60.5882352941176;89.0769230769231;62.1428571428572;60;65;65.875;87.2142857142857;84.25;61;70.7142857142857
06.05.06;105.44479541278;69;87;69;64.2;59.7647058823529;88.3846153846154;60.5714285714286;59;63.3333333333333;64.5;87.1428571428571;84.125;60;72
07.05.06;100.589990895596;68.3333333333333;87;68.4;63;58.9411764705882;87.6923076923077;59;58;61.6666666666667;63.125;87.0714285714286;84;59;72.3333333333334
08.05.06;95.7986496947302;67.6666666666667;87;67.8;61.8;58.1176470588235;87;57.4285714285714;57;60;61.75;87;83.7142857142857;58;72.6666666666667
09.05.06;91.0691339781099;67;87;67.2;60.6;57.2941176470588;87.1666666666667;55.8571428571429;56;58.3333333333333;60.375;85.7142857142857;83.4285714285714;57;73
10.05.06;86.3998685094236;66.3333333333333;87;66.6;59.4;56.4705882352941;87.3333333333333;54.2857142857143;55;56.6666666666667;59;84.4285714285714;83.1428571428571;56;73.3333333333333
11.05.06;84.8565719873645;65.6666666666667;87;66;58.2;55.6470588235294;87.5;52.7142857142857;54;55;59.3333333333333;83.1428571428571;82.8571428571429;55;73.6666666666667
12.05.06;83.3197463292612;65;87;65.5833333333333;57;54.8235294117647;87.6666666666667;51.1428571428572;53;55.5;59.6666666666667;81.8571428571428;82.5714285714286;53.8888888888889;74
13.05.06;81.7893374984354;63.5;87;65.1666666666667;57.6818181818182;54;87.8333333333333;49.5714285714286;55;56;60;80.5714285714286;82.2857142857143;52.7777777777778;74
14.05.06;80.2652921322661;62;87;64.75;58.3636363636364;55.3333333333333;88;48;57;56.5;60.3333333333333;79.2857142857143;82;51.6666666666667;74
15.05.06;78.7475575310263;62.5;87;64.3333333333333;59.0454545454546;56.6666666666667;88.1666666666667;49.2142857142857;59;57;60.6666666666667;78;82.2857142857143;50.5555555555556;74
16.05.06;77.2360816469482;63;87;63.9166666666667;59.7272727272727;58;88.3333333333333;50.4285714285714;61;57.5;61;79.375;82.5714285714286;49.4444444444445;74
17.05.06;74.2317010349598;63.5;87;63.5;60.4090909090909;59.8571428571429;88.5;51.6428571428571;63;58;61.8571428571429;80.75;82.8571428571429;48.3333333333333;74
18.05.06;71.2517465517964;64;87;63.0833333333333;61.0909090909091;61.7142857142857;88.6666666666667;52.8571428571428;65;59.1111111111111;62.7142857142857;82.125;83.1428571428571;47.2222222222222;74
19.05.06;68.2958242211801;65;87;62.6666666666667;61.7727272727273;63.5714285714286;88.8333333333333;54.0714285714286;67;60.2222222222222;63.5714285714286;83.5;83.4285714285714;46.1111111111111;75.2857142857143
20.05.06;75.7308130735128;66;87;62.25;62.4545454545455;65.4285714285714;89;55.2857142857143;67;61.3333333333333;64.4285714285714;84.875;83.7142857142857;45;76.5714285714286
21.05.06;83.3197463292612;67;87;61.8333333333333;63.1363636363636;67.2857142857143;89.1666666666667;56.5;67;62.4444444444444;65.2857142857143;86.25;84;46.7894736842105;77.8571428571429
22.05.06;91.0691339781099;68;87;61.4166666666667;63.8181818181818;69.1428571428572;89.3333333333333;57.7142857142857;67;63.5555555555556;66.1428571428571;87.625;84;48.5789473684211;79.1428571428572
23.05.06;88.7270660573957;68;87;61;64.5;71;89.5;58.9285714285714;67;64.6666666666667;67;89;84;50.3684210526316;80.4285714285714
24.05.06;86.3998685094236;68;87;61.4545454545455;65.1818181818182;72.125;89.6666666666667;60.1428571428571;67;65.7777777777778;68.7142857142857;88.7857142857143;84;52.1578947368421;81.7142857142857
25.05.06;84.0873536935415;68;87;61.9090909090909;65.8636363636364;73.25;89.8333333333333;61.3571428571428;67;66.8888888888889;70.4285714285714;88.5714285714286;84;53.9473684210527;83
26.05.06;81.7893374984354;68;87;62.3636363636364;66.5454545454546;74.375;90;62.5714285714285;67;68;72.1428571428571;88.3571428571429;84;55.7368421052632;82.5714285714286
27.05.06;83.3197463292614;68;87;62.8181818181818;67.2272727272727;75.5;90;63.7857142857142;67;69.6;73.8571428571428;88.1428571428571;84;57.5263157894737;82.1428571428572
28.05.06;84.8565719873645;69;87.1428571428571;63.2727272727273;67.9090909090909;76.625;90;64.9999999999999;67;71.2;75.5714285714286;87.9285714285714;84;59.3157894736843;81.7142857142857
29.05.06;86.3998685094236;70;87.2857142857143;63.7272727272727;68.5909090909091;77.75;90;64.7142857142857;67;72.8;77.2857142857143;87.7142857142857;84;61.1052631578948;81.2857142857143
30.05.06;86.3998685094236;70.6666666666667;87.4285714285714;64.1818181818182;69.2727272727273;78.875;90;64.4285714285714;67;74.4;79;87.5;84;62.8947368421053;80.8571428571429
31.05.06;86.3998685094236;71.3333333333333;87.5714285714286;64.6363636363636;69.9545454545455;80;90;64.1428571428571;71;76;79.1428571428571;87.2857142857143;84;64.6842105263158;80.4285714285714
01.06.06;86.3998685094236;72;87.7142857142857;65.0909090909091;70.6363636363636;81.1428571428571;90;63.8571428571428;75;74.8;79.2857142857143;87.0714285714286;84;66.4736842105264;80
02.06.06;86.3998685094236;72.3333333333333;87.8571428571429;65.5454545454546;71.3181818181818;82.2857142857143;90;63.5714285714286;79;73.6;79.4285714285714;86.8571428571429;84;68.2631578947369;79.1428571428571
03.06.06;84.0873536935415;72.6666666666667;88;66;72;83.4285714285714;90;63.2857142857143;79.125;72.4;79.5714285714286;86.6428571428571;84;70.0526315789474;78.2857142857143
04.06.06;81.7893374984354;73;87.6666666666667;66;72.6818181818182;84.5714285714286;90;63;79.25;71.2;79.7142857142857;86.4285714285714;84;71.842105263158;77.4285714285714
05.06.06;80.2652921322661;73.5;87.3333333333333;66;73.3636363636364;85.7142857142857;90;63.952380952381;79.375;70;79.8571428571429;86.2142857142857;84;73.6315789473685;76.5714285714286
06.06.06;78.7475575310263;74;87;66;74.0454545454546;86.8571428571428;90;64.9047619047619;79.5;70.6666666666667;80;86;84;75.421052631579;75.7142857142857
07.06.06;77.2360816469482;74.5;86.6666666666667;66;74.7272727272727;88;90;65.8571428571429;79.625;71.3333333333333;80.6666666666667;86.3846153846154;84;77.2105263157896;74.8571428571429
08.06.06;77.2360816469482;75;86.3333333333333;66;75.4090909090909;87.25;90;66.8095238095238;79.75;72;81.3333333333333;86.7692307692308;84;79.0000000000001;74
09.06.06;77.2360816469482;75;86;66;76.0909090909091;86.5;90;67.7619047619048;79.875;72.6666666666667;82;87.1538461538462;84;79.2500000000001;74.75
10.06.06;77.2360816469482;75;85.8571428571429;67.5;76.7727272727273;85.75;90;68.7142857142857;80;73.3333333333333;82.6666666666667;87.5384615384616;84;79.5000000000001;75.5
11.06.06;77.2360816469482;75;85.7142857142857;69;77.4545454545455;85;90;69.6666666666667;80.5;74;83.3333333333333;87.9230769230769;84;79.7500000000001;76.25
12.06.06;77.2360816469482;76.5;85.5714285714286;70.5;78.1363636363636;84.25;90;70.6190476190476;81;74.6666666666667;84;88.3076923076923;84.1428571428571;80;77
13.06.06;77.2360816469482;78;85.4285714285714;72;78.8181818181818;83.5;90;71.5714285714286;81.5;75.3333333333333;84.6666666666667;88.6923076923077;84.2857142857143;80.25;77.75
14.06.06;75.7308130735128;79.5;85.2857142857143;73.5;79.5;82.75;90;72.5238095238095;82;76;85.3333333333333;89.0769230769231;84.4285714285714;80.5;78.5
15.06.06;74.2317010349598;81;85.1428571428571;75;80.1818181818182;82;90;73.4761904761905;82.5;78.5;86;89.4615384615385;84.5714285714286;80.75;79.25
16.06.06;72.7386953760098;79.5;85;76.5;80.8636363636364;82.6;90;74.4285714285714;83;81;86;89.8461538461539;84.7142857142857;81;80
17.06.06;74.9804906365044;78;85.2857142857143;78;81.5454545454546;83.2;90.2142857142857;75.3809523809524;83;81;86;90.2307692307692;84.8571428571429;80.25;80.75
18.06.06;77.2360816469482;77.5714285714286;85.5714285714286;77.9411764705882;82.2272727272727;83.8;90.4285714285714;76.3333333333333;83;81;86;90.6153846153846;85;79.5;81.5
19.06.06;77.2360816469482;77.1428571428571;85.8571428571429;77.8823529411765;82.9090909090909;84.4;90.6428571428571;77.2857142857143;83;81;86;91;85.4285714285714;78.75;82.25
20.06.06;77.2360816469482;76.7142857142857;86.1428571428571;77.8235294117647;83.5909090909091;85;90.8571428571429;78.2380952380952;83;81;86;90.75;85.8571428571429;78;83
21.06.06;75.7308130735128;76.2857142857143;86.4285714285714;77.7647058823529;84.2727272727273;85;91.0714285714286;79.1904761904762;83;81.2;86;90.5;86.2857142857143;77.25;83.75
22.06.06;74.2317010349598;75.8571428571429;86.7142857142857;77.7058823529412;84.9545454545455;85;91.2857142857143;80.1428571428571;83;81.4;86;90.25;86.7142857142857;76.5;84.5
23.06.06;72.7386953760098;75.4285714285714;87;77.6470588235294;85.6363636363636;85;91.5;81.0952380952381;81.5;81.6;85.8333333333333;90;87.1428571428571;75.75;85.25
24.06.06;74.9804906365044;75;87;77.5882352941177;86.3181818181818;85;91.7142857142857;82.047619047619;80;81.8;85.6666666666667;89.75;87.5714285714286;75;86
25.06.06;77.2360816469482;77;87;77.5294117647059;87;85;91.9285714285714;83;80.3333333333333;82;85.5;89.5;88;75.2857142857143;85.5
26.06.06;81.7893374984354;79;87;77.4705882352941;86.5;85;92.1428571428571;82.4;80.6666666666667;82.2;85.3333333333333;89.25;87.125;75.5714285714286;85
27.06.06;86.3998685094236;79;87;77.4117647058824;86;85;92.3571428571429;81.8;81;82.4;85.1666666666667;89;86.25;75.8571428571429;84.5
28.06.06;84.8565719873645;79;87;77.3529411764706;85.5;85;92.5714285714286;81.2;81.3333333333333;82.6;85;88.7142857142857;85.375;76.1428571428571;84
29.06.06;83.3197463292612;79;87;77.2941176470588;85;85;92.7857142857143;80.6;81.6666666666667;82.8;84.8333333333333;88.4285714285714;84.5;76.4285714285714;83.5
30.06.06;81.7893374984354;79;87.0909090909091;77.2352941176471;86.3333333333333;85;93;80;82;83;84.6666666666667;88.1428571428571;83.625;76.7142857142857;83
01.07.06;81.7893374984354;79;87.1818181818182;77.1764705882353;87.6666666666667;85;92.4285714285714;80;82;82.4285714285714;84.5;87.8571428571429;82.75;77;83.5714285714286
02.07.06;81.7893374984354;79;87.2727272727273;77.1176470588235;89;85;91.8571428571429;80;82;81.8571428571429;84.3333333333333;87.5714285714286;81.875;77.8571428571429;84.1428571428571
03.07.06;79.5056392541693;79.75;87.3636363636364;77.0588235294118;89.125;85;91.2857142857143;79.6;82;81.2857142857143;84.1666666666667;87.2857142857143;81;78.7142857142857;84.7142857142857
04.07.06;77.2360816469482;80.5;87.4545454545455;77;89.25;85;90.7142857142857;79.2;82;80.7142857142857;84;87;81.5;79.5714285714286;85.2857142857143
05.07.06;80.2652921322661;81.25;87.5454545454546;77.1176470588235;89.375;85;90.1428571428571;78.8;82;80.1428571428571;84.1428571428571;87.5714285714286;82;80.4285714285714;85.8571428571429
06.07.06;83.3197463292612;82;87.6363636363636;77.2352941176471;89.5;85;89.5714285714286;78.4;82;79.5714285714286;84.2857142857143;88.1428571428571;82.5;81.2857142857143;86.4285714285714
07.07.06;86.3998685094236;82;87.7272727272727;77.3529411764706;89.625;85;89;78;82;79;84.4285714285714;88.7142857142857;83;82.1428571428571;87
08.07.06;86.3998685094236;82;87.8181818181818;77.4705882352941;89.75;85;89;79.4285714285714;82;79.3333333333333;84.5714285714286;89.2857142857143;83.5;83;86.8571428571429
09.07.06;86.3998685094236;82;87.9090909090909;77.5882352941177;89.875;85;89;80.8571428571429;82;79.6666666666667;84.7142857142857;89.8571428571429;84;83.8571428571429;86.7142857142857
10.07.06;86.3998685094236;82;88;77.7058823529412;90;85;89;82.2857142857143;82;80;84.8571428571429;90.4285714285714;84.6;84.7142857142857;86.5714285714286
11.07.06;86.3998685094236;82;88.0909090909091;77.8235294117647;90;85;89;83.7142857142857;82;80;85;91;85.2;85.5714285714286;86.4285714285714
12.07.06;86.3998685094236;82;88.1818181818182;77.9411764705882;90;85;89.5714285714286;85.1428571428572;82;80;84.8571428571429;91;85.8;86.4285714285714;86.2857142857143
13.07.06;86.3998685094236;82;88.2727272727273;78.0588235294118;90;85;90.1428571428571;86.5714285714286;82;80;84.7142857142857;91;86.4;87.2857142857143;86.1428571428571
14.07.06;86.3998685094236;81.6666666666667;88.3636363636364;78.1764705882353;90;85;90.7142857142857;88;82;80;84.5714285714286;91;87;88.1428571428571;86
15.07.06;86.3998685094236;81.3333333333333;88.4545454545455;78.2941176470588;90;85;91.2857142857143;86.6666666666667;81.1666666666667;79.1428571428571;84.4285714285714;91;87;89;85.8571428571429
16.07.06;86.3998685094236;81;88.5454545454546;78.4117647058824;90;85;91.8571428571429;85.3333333333333;80.3333333333333;78.2857142857143;84.2857142857143;91;87;88.3333333333333;85.7142857142857
17.07.06;86.3998685094236;81.25;88.6363636363636;78.5294117647059;90;85;92.4285714285714;84;79.5;77.4285714285714;84.1428571428571;91;87;87.6666666666667;85.5714285714286
18.07.06;86.3998685094236;81.5;88.7272727272727;78.6470588235294;90;85;93;84.2;78.6666666666667;76.5714285714286;84;91;87;87;85.4285714285714
19.07.06;86.3998685094236;81.75;88.8181818181818;78.7647058823529;90;85.4285714285714;93;84.4;77.8333333333333;75.7142857142857;84.25;90.8333333333333;87;86.3333333333333;85.2857142857143
20.07.06;86.3998685094236;82;88.9090909090909;78.8823529411765;90;85.8571428571429;93;84.6;77;74.8571428571429;84.5;90.6666666666667;87;85.6666666666667;85.1428571428571
21.07.06;86.3998685094236;82;89;79;90;86.2857142857143;93;84.8;78.1666666666667;74;84.75;90.5;87;85;85
22.07.06;88.7270660573957;82;89;78.8571428571429;90;86.7142857142857;93;85;79.3333333333333;73.8;85;90.3333333333333;87;86.25;85.5
23.07.06;91.0691339781099;82;89;78.7142857142857;90;87.1428571428571;93;84.4;80.5;73.6;85.25;90.1666666666667;87;87.5;86
24.07.06;91.0691339781099;82;89;78.5714285714286;90;87.5714285714286;93;83.8;81.6666666666667;73.4;85.5;90;86.5;88.75;86.5
25.07.06;91.0691339781099;82;89;78.4285714285714;90;88;93;83.2;82.8333333333333;73.2;85.75;90.5714285714286;86;90;87
26.07.06;83.3197463292614;82;89;78.2857142857143;89.5;87.25;93;82.6;84;73;86;91.1428571428571;85.5;91.25;87.5
27.07.06;75.7308130735128;82;89;78.1428571428571;89;86.5;93;82;80;72.8;86.0909090909091;91.7142857142857;85;92.5;88
28.07.06;68.2958242211801;82.5;89;78;89.1428571428571;85.75;93;82;80.5714285714286;72.6;86.1818181818182;92.2857142857143;84.5;93.75;87.5555555555556
29.07.06;70.5105281344227;83;89;78;89.2857142857143;85;93.75;82;81.1428571428571;72.4;86.2727272727273;92.8571428571429;84;95;87.1111111111111
30.07.06;72.7386953760098;83.5;89;78;89.4285714285714;84.25;94.5;82;81.7142857142857;72.2;86.3636363636364;93.4285714285714;84;94.8571428571429;86.6666666666667
31.07.06;74.9804906365044;84;89;78;89.5714285714286;83.5;95.25;82;82.2857142857143;72;86.4545454545455;94;84;94.7142857142857;86.2222222222222
01.08.06;77.2360816469482;84;89;78;89.7142857142857;82.75;96;82;82.8571428571429;72.25;86.5454545454546;93.7777777777778;84;94.5714285714286;85.7777777777778
02.08.06;74.2317010349598;84;89;78;89.8571428571429;82;93;82;83.4285714285714;72.5;86.6363636363636;93.5555555555556;84;94.4285714285714;85.3333333333333
03.08.06;71.2517465517964;84;89;78.1428571428571;90;82.7142857142857;90;82;84;72.75;86.7272727272727;93.3333333333333;84;94.2857142857143;84.8888888888889
04.08.06;68.2958242211801;83.5;89;78.2857142857143;90;83.4285714285714;87;82;84.5714285714286;73;86.8181818181818;93.1111111111111;84;94.1428571428571;84.4444444444444
05.08.06;59.568450427057;83;89;78.4285714285714;90;84.1428571428571;87.75;80.6666666666667;85.1428571428571;73.25;86.9090909090909;92.8888888888889;84;94;84
06.08.06;51.0440573289593;82.5;89;78.5714285714286;90;84.8571428571429;88.5;79.3333333333333;85.7142857142857;73.5;87;92.6666666666667;84;93.8571428571429;86
07.08.06;42.7134173118797;82;89;78.7142857142857;90;85.5714285714286;89.25;78;86.2857142857143;73.75;87.0909090909091;92.4444444444444;84.4545454545455;93.7142857142857;88
08.08.06;34.567918039982;82.6666666666667;89;78.8571428571429;90;86.2857142857143;90;78.5;86.8571428571429;74;87.1818181818182;92.2222222222222;84.9090909090909;93.5714285714286;90
09.08.06;34.567918039982;83.3333333333333;89;79;90;87;90.4285714285714;79;87.4285714285714;75.3333333333333;87.2727272727273;92;85.3636363636364;93.4285714285714;92
10.08.06;34.567918039982;84;89;79.1428571428571;90;86.3333333333333;90.8571428571429;79.5;88;76.6666666666667;87.3636363636364;91.4;85.8181818181818;93.2857142857143;94
11.08.06;34.567918039982;84.6666666666667;89.1666666666667;79.2857142857143;90.1428571428571;85.6666666666667;91.2857142857143;80;87.5714285714286;78;87.4545454545455;90.8;86.2727272727273;93.1428571428571;94
12.08.06;30.562059779517;85.3333333333333;89.3333333333333;79.4285714285714;90.2857142857143;85;91.7142857142857;80.5;87.1428571428571;78.1428571428571;87.5454545454546;90.2;86.7272727272727;93;94
13.08.06;26.5995089430384;86;89.5;79.5714285714286;90.4285714285714;85.1764705882353;92.1428571428571;81;86.7142857142857;78.2857142857143;87.6363636363636;89.6;87.1818181818182;93.2857142857143;94
14.08.06;34.567918039982;86.5;89.6666666666667;79.7142857142857;90.5714285714286;85.3529411764706;92.5714285714286;81;86.2857142857143;78.4285714285714;87.7272727272727;89;87.6363636363636;93.5714285714286;94
15.08.06;42.7134173118797;87;89.8333333333333;79.8571428571429;90.7142857142857;85.5294117647059;93;81;85.8571428571429;78.5714285714286;87.8181818181818;88.4;88.0909090909091;93.8571428571429;94
16.08.06;37.263021230409;87.5;90;80;90.8571428571429;85.7058823529412;93;81;85.4285714285714;78.7142857142857;87.9090909090909;87.8;88.5454545454546;94.1428571428571;94
17.08.06;31.8924873109485;88;90.0666666666667;80.2222222222222;91;85.8823529411765;93;81;85;78.8571428571429;88;87.2;89;94.4285714285714;94
18.08.06;26.5995089430384;88.5;90.1333333333333;80.4444444444444;91.1428571428571;86.0588235294118;93;81;85.7142857142857;79;88.3333333333333;86.6;88.4444444444444;94.7142857142857;94
19.08.06;36.5873853110262;89;90.2;80.6666666666667;91.2857142857143;86.2352941176471;93.1818181818182;81;86.4285714285714;79.5714285714286;88.6666666666667;86;87.8888888888889;95;94
20.08.06;46.8550702200778;88.5;90.2666666666667;80.8888888888889;91.4285714285714;86.4117647058824;93.3636363636364;81;87.1428571428571;80.1428571428571;89;87.6666666666667;87.3333333333333;94.5714285714286;94
21.08.06;48.9435794746523;88;90.3333333333333;81.1111111111111;91.5714285714286;86.5882352941177;93.5454545454546;81;87.8571428571429;80.7142857142857;89.3333333333333;89.3333333333333;86.7777777777778;94.1428571428571;94
22.08.06;51.0440573289593;88.6666666666667;90.4;81.3333333333333;91.7142857142857;86.7647058823529;93.7272727272727;81;88.5714285714286;81.2857142857143;89.6666666666667;91;86.2222222222222;93.7142857142857;94
23.08.06;52.4510931546359;89.3333333333333;90.4666666666667;81.5555555555556;91.8571428571429;86.9411764705882;93.9090909090909;81;89.2857142857143;81.8571428571429;90;90.875;85.6666666666667;93.2857142857143;94
24.08.06;53.8635510970808;90;90.5333333333333;81.7777777777778;92;87.1176470588235;94.0909090909091;81;90;82.4285714285714;90;90.75;85.1111111111111;92.8571428571429;94
25.08.06;55.2814731070637;89.75;90.6;82;91.3076923076923;87.2941176470588;94.2727272727273;81;89.875;83;90;90.625;84.5555555555556;92.4285714285714;94
26.08.06;56.7049016241037;89.5;90.6666666666667;82;90.6153846153846;87.4705882352941;94.4545454545455;81;89.75;83;90;90.5;84;92;94
27.08.06;58.1338795840906;89.25;90.7333333333333;82;89.9230769230769;87.6470588235294;94.6363636363636;81;89.625;83;90;90.375;84.2857142857143;92.1666666666667;95
28.08.06;59.568450427057;89;90.8;82;89.2307692307692;87.8235294117647;94.8181818181818;81;89.5;83;90;90.25;84.5714285714286;92.3333333333333;96
29.08.06;63.1796361152216;89.3333333333333;90.8666666666667;82;88.5384615384616;88;95;82;89.375;83;90;90.125;84.8571428571429;92.5;97
30.08.06;66.8267545893061;89.6666666666667;90.9333333333333;82;87.8461538461539;87.6666666666667;95.1;83;89.25;83;90;90;85.1428571428571;92.6666666666667;98
31.08.06;70.5105281344227;90;91;82;87.1538461538462;87.3333333333333;95.2;84;89.125;84;90.25;89;85.4285714285714;92.8333333333333;97.5714285714286
01.09.06;74.2317010349598;90.25;91;82;86.4615384615385;87;95.3;85;89;85;90.5;88;85.7142857142857;93;97.1428571428571
02.09.06;77.9910404771548;90.5;91;82.1538461538462;85.7692307692308;86.6666666666667;95.4;86;89.5714285714286;84.9;90.75;87;86;93;96.7142857142857
03.09.06;81.7893374984354;90.75;91;82.3076923076923;85.0769230769231;86.3333333333333;95.5;85.4;90.1428571428571;84.8;91;86;86.2857142857143;93;96.2857142857143
04.09.06;81.7893374984354;91;91;82.4615384615385;84.3846153846154;86;95.6;84.8;90.7142857142857;84.7;91.25;85;86.5714285714286;93;95.8571428571429
05.09.06;81.7893374984354;91.25;91;82.6153846153846;83.6923076923077;85.7333333333333;95.7;84.2;91.2857142857143;84.6;91.5;84;86.8571428571429;93;95.4285714285714
06.09.06;75.7308130735128;91.5;91;82.7692307692308;83;85.4666666666667;95.8;83.6;91.8571428571429;84.5;91.75;84.3333333333333;87.1428571428571;93;95
07.09.06;69.7708056179996;91.75;91;82.9230769230769;83.5;85.2;95.9;83;92.4285714285714;84.4;92;84.6666666666667;87.4285714285714;93;94.6428571428571
08.09.06;63.9061623837817;92;91;83.0769230769231;84;84.9333333333333;96;83;93;84.3;92.25;85;87.7142857142857;93;94.2857142857143
09.09.06;59.568450427057;91.3333333333333;91;83.2307692307692;84.5;84.6666666666667;96;83;93.0555555555556;84.2;92.5;85.3333333333333;88;93;93.9285714285714
10.09.06;55.2814731070637;90.6666666666667;91;83.3846153846154;85;84.4;96;83;93.1111111111111;84.1;92.75;85.6666666666667;88.3181818181818;93;93.5714285714286
11.09.06;57.4186942206347;90;91;83.5384615384615;85.5;84.1333333333333;96;83;93.1666666666667;84;93;86;88.6363636363636;93;93.2142857142857
12.09.06;59.568450427057;90;91;83.6923076923077;86;83.8666666666667;96;83.5;93.2222222222222;84.25;93;86.3333333333333;88.9545454545455;93;92.8571428571429
13.09.06;55.2814731070637;90;91;83.8461538461539;86.5;83.6;96;84;93.2777777777778;84.5;93;86.6666666666667;89.2727272727273;93;92.5
14.09.06;51.0440573289593;90;91;84;87;83.3333333333333;96;84.5;93.3333333333333;84.75;93;87;89.5909090909091;93;92.1428571428571
15.09.06;46.8550702200778;90;91;84.2380952380952;87;83.0666666666667;96;85;93.3888888888889;85;93;87.3333333333333;89.9090909090909;93;91.7857142857143
16.09.06;70.5105281344227;90;91;84.4761904761905;87;82.8;96;85.5;93.4444444444444;85.25;93;87.6666666666667;90.2272727272727;93;91.4285714285714
17.09.06;95.7986496947302;90;91;84.7142857142857;87;82.5333333333333;96;86;93.5;85.5;93;88;90.5454545454546;93;91.0714285714286
18.09.06;93.4262635323442;89.75;91;84.952380952381;87;82.2666666666667;96;86.5;93.5555555555556;85.75;93;88.3333333333333;90.8636363636364;93;90.7142857142857
19.09.06;91.0691339781099;89.5;91;85.1904761904762;87;82;96;87;93.6111111111111;86;92.6666666666667;88.6666666666667;91.1818181818182;93;90.3571428571429
20.09.06;86.3998685094236;89.25;91;85.4285714285714;87;82.7692307692308;96;87.5;93.6666666666667;86.25;92.3333333333333;89;91.5;93;90
21.09.06;81.7893374984354;89;91;85.6666666666667;87;83.5384615384615;96;88;93.7222222222222;86.5;92;89.3333333333333;91.8181818181818;93;89.6428571428571
22.09.06;77.2360816469482;89;91;85.9047619047619;87;84.3076923076923;96;88;93.7777777777778;86.75;91.6666666666667;89.6666666666667;92.1363636363636;93;89.2857142857143
23.09.06;63.9061623837817;89;91;86.1428571428571;87;85.0769230769231;96;88;93.8333333333333;87;91.3333333333333;90;92.4545454545455;93;88.9285714285714
24.09.06;51.0440573289593;89;91;86.3809523809524;87;85.8461538461538;96;88;93.8888888888889;87.25;91;90.3333333333333;92.7727272727273;93;88.5714285714286
25.09.06;48.9435794746523;89.25;91;86.6190476190476;87;86.6153846153846;96;88;93.9444444444444;87.5;90.6666666666667;90.6666666666667;93.0909090909091;93;88.2142857142857
26.09.06;46.8550702200778;89.5;91;86.8571428571429;87;87.3846153846154;96;88.5;94;87.75;90.3333333333333;91;93.4090909090909;93;87.8571428571429
27.09.06;47.6890464216948;89.75;91;87.0952380952381;87;88.1538461538462;96;89;92.75;88;90;91.3333333333333;93.7272727272727;93;87.5
28.09.06;48.5249245091125;90;91;87.3333333333333;87.1333333333333;88.9230769230769;96;89.5;91.5;88;89.6153846153846;91.6666666666667;94.0454545454546;93;87.1428571428571
29.09.06;49.3627131766777;90.25;91;87.5714285714286;87.2666666666667;89.6923076923077;96;90;90.25;88;89.2307692307692;92;94.3636363636364;93;86.7857142857143
30.09.06;50.2024211784913;90.5;91;87.8095238095238;87.4;90.4615384615385;96;90.5;89;88;88.8461538461538;92.3333333333333;94.6818181818182;93;86.4285714285714
01.10.06;51.0440573289593;90.75;91;88.0476190476191;87.5333333333333;91.2307692307692;96;91;87.75;88;88.4615384615385;92.6666666666667;95;92.7142857142857;86.0714285714286
02.10.06;53.1566417507058;91;91;88.2857142857143;87.6666666666667;92;96;90.75;86.5;88;88.0769230769231;93;95.5714285714286;92.4285714285714;85.7142857142857
03.10.06;55.2814731070637;91.3333333333333;91;88.5238095238095;87.8;91.25;96;90.5;85.25;88;87.6923076923077;92.7333333333333;96.1428571428571;92.1428571428571;85.3571428571429
04.10.06;56.348525920306;91.6666666666667;91;88.7619047619048;87.9333333333333;90.5;96;90.25;84;87.5714285714286;87.3076923076923;92.4666666666667;96.7142857142857;91.8571428571429;85
05.10.06;57.4186942206347;92;91;89;88.0666666666667;89.75;96;90;83.3333333333333;87.1428571428571;86.9230769230769;92.2;97.2857142857143;91.5714285714286;84.7142857142857
06.10.06;58.4919962539868;92;91;89.0666666666667;88.2;89;96;89.75;82.6666666666667;86.7142857142857;86.5384615384615;91.9333333333333;97.8571428571429;91.2857142857143;84.4285714285714
07.10.06;59.568450427057;92;91;89.1333333333333;88.3333333333333;88.25;95.5454545454546;89.5;82;86.2857142857143;86.1538461538462;91.6666666666667;98.4285714285714;91;84.1428571428571
08.10.06;62.4545470904655;92;91;89.2;88.4666666666667;87.5;95.0909090909091;89.25;81.3333333333333;85.8571428571429;85.7692307692308;91.4;99;91.15;83.8571428571429
09.10.06;65.3635495224681;92;91;89.2666666666667;88.6;86.75;94.6363636363636;89;80.6666666666667;85.4285714285714;85.3846153846154;91.1333333333333;97.7142857142857;91.3;83.5714285714286
10.10.06;68.2958242211801;92;91;89.3333333333333;88.7333333333333;86;94.1818181818182;89.1666666666667;80;85;85;90.8666666666667;96.4285714285714;91.45;83.2857142857143
11.10.06;63.9061623837817;92;91;89.4;88.8666666666667;86.6923076923077;93.7272727272727;89.3333333333333;83;84.9285714285714;84.125;90.6;95.1428571428571;91.6;83
12.10.06;59.568450427057;92;91;89.4666666666667;89;87.3846153846154;93.2727272727273;89.5;86;84.8571428571429;83.25;90.3333333333333;93.8571428571428;91.75;83.7142857142857
13.10.06;55.2814731070637;92;91.4;89.5333333333333;88.95;88.0769230769231;92.8181818181818;89.6666666666667;89;84.7857142857143;82.375;90.0666666666667;92.5714285714286;91.9;84.4285714285714
14.10.06;56.348525920306;92;91.8;89.6;88.9;88.7692307692308;92.3636363636364;89.8333333333333;89;84.7142857142857;81.5;89.8;91.2857142857143;92.05;85.1428571428571
15.10.06;57.4186942206347;92;92.2;89.6666666666667;88.85;89.4615384615385;91.9090909090909;90;89;84.6428571428571;80.625;89.5333333333333;90;92.2;85.8571428571429
16.10.06;58.4919962539868;92;92.6;89.7333333333333;88.8;90.1538461538462;91.4545454545455;90.1666666666667;89;84.5714285714286;79.75;89.2666666666667;90.2857142857143;92.35;86.5714285714286
17.10.06;59.568450427057;92;93;89.8;88.75;90.8461538461538;91;90.3333333333333;89;84.5;78.875;89;90.5714285714286;92.5;87.2857142857143
18.10.06;60.6480753091914;92;93.4;89.8666666666667;88.7;91.5384615384615;91.5;90.5;89;84.4285714285714;78;89.2857142857143;90.8571428571429;92.65;88
19.10.06;61.7308896343102;92;93.8;89.9333333333333;88.65;92.2307692307692;92;90.6666666666667;89;84.3571428571429;79;89.5714285714286;91.1428571428571;92.8;88.7142857142857
20.10.06;62.8169123028577;92;94.2;90;88.6;92.9230769230769;92.5;90.8333333333333;89.4285714285714;84.2857142857143;80;89.8571428571429;91.4285714285714;92.95;89.4285714285714
21.10.06;63.9061623837817;92;94.6;89.8888888888889;88.55;93.6153846153846;93;91;89.8571428571429;84.2142857142857;81;90.1428571428571;91.7142857142857;93.1;90.1428571428571
22.10.06;59.568450427057;92;95;89.7777777777778;88.5;94.3076923076923;93.5;90.875;90.2857142857143;84.1428571428571;82;90.4285714285714;92;93.25;90.8571428571429
23.10.06;55.2814731070637;92.125;94.8181818181818;89.6666666666667;88.45;95;94;90.75;90.7142857142857;84.0714285714286;83;90.7142857142857;92.2142857142857;93.4;91.5714285714286
24.10.06;51.0440573289593;92.25;94.6363636363636;89.5555555555556;88.4;94.4;94.5;90.625;91.1428571428571;84;84;91;92.4285714285714;93.55;92.2857142857143
25.10.06;49.6424021505547;92.375;94.4545454545455;89.4444444444444;88.35;93.8;95;90.5;91.5714285714286;84.3333333333333;85;91;92.6428571428571;93.7;93
26.10.06;48.246086623865;92.5;94.2727272727273;89.3333333333333;88.3;93.2;95.5;90.375;92;84.6666666666667;85.25;91;92.8571428571429;93.85;92.6666666666667
27.10.06;46.8550702200778;92.625;94.0909090909091;89.2222222222222;88.25;92.6;96;90.25;91.8571428571429;85;85.5;91;93.0714285714286;94;92.3333333333333
28.10.06;44.0887749574682;92.75;93.9090909090909;89.1111111111111;88.2;92;95.6;90.125;91.7142857142857;85.3333333333333;85.75;91;93.2857142857143;93.8;92
29.10.06;41.343201202198;92.875;93.7272727272727;89;88.15;91.4;95.2;90;91.5714285714286;85.6666666666667;86;91;93.5;93.6;91.6666666666667
30.10.06;38.618040823474;93;93.5454545454546;88.8888888888889;88.1;90.8;94.8;90;91.4285714285714;86;86.25;91;93.7142857142857;93.4;91.3333333333333
31.10.06;40.6600092383591;93;93.3636363636364;88.7777777777778;88.05;90.2;94.4;90;91.2857142857143;85;86.5;91;93.9285714285714;93.2;91
01.11.06;42.7134173118797;93;93.1818181818182;88.6666666666667;88;89.6;94;90;91.1428571428571;84;86.75;90.7142857142857;94.1428571428571;93;91.125
02.11.06;44.364466871542;93;93;88.5555555555556;88.1818181818182;89;93.6;90;91;84.8571428571429;87;90.4285714285714;94.3571428571429;92.8;91.25
03.11.06;46.0229872691279;93;93;88.4444444444444;88.3636363636364;88.4;93.2;90;90.8571428571429;85.7142857142857;86.5;90.1428571428571;94.5714285714286;92.6;91.375
04.11.06;47.6890464216948;93;93;88.3333333333333;88.5454545454546;87.8;92.8;90;90.7142857142857;86.5714285714286;86;89.8571428571429;94.7857142857143;92.4;91.5
05.11.06;49.3627131766777;93;93;88.2222222222222;88.7272727272727;87.2;92.4;90;90.5714285714286;87.4285714285714;85.5;89.5714285714286;95;92.2;91.625
06.11.06;51.0440573289593;92.25;93;88.1111111111111;88.9090909090909;86.6;92;90;90.4285714285714;88.2857142857143;85;89.2857142857143;95;92;91.75
07.11.06;51.0440573289593;91.5;93;88;89.0909090909091;86;92;90;90.2857142857143;89.1428571428571;84.5;89;95;91.8;91.875
08.11.06;51.0440573289593;90.75;93;88;89.2727272727273;86.6923076923077;92;90;90.1428571428571;90;84;89;95;91.6;92
09.11.06;51.0440573289593;90;93;88;89.4545454545455;87.3846153846154;92;90;90;89.8571428571429;86;89;95;91.4;91.875
10.11.06;51.0440573289593;90.7142857142857;93;88;89.6363636363636;88.0769230769231;92;90;90;89.7142857142857;88;89;95;91.2;91.75
11.11.06;52.4510931546359;91.4285714285714;93;88;89.8181818181818;88.7692307692308;92;90;90;89.5714285714286;90;89;95;91;91.625
12.11.06;53.8635510970808;92.1428571428571;93;88;90;89.4615384615385;92;90;90;89.4285714285714;92;89;95;92;91.5
13.11.06;55.2814731070637;92.8571428571429;93;88;88.4285714285714;90.1538461538462;92;90.4;90;89.2857142857143;94;89.8571428571429;94.8571428571429;93;91.375
14.11.06;52.0988275028398;93.5714285714286;93;88;86.8571428571429;90.8461538461538;92;90.8;90;89.1428571428571;96;90.7142857142857;94.7142857142857;94;91.25
15.11.06;48.9435794746523;94.2857142857143;93;88;85.2857142857143;91.5384615384615;92;91.2;90;89;98;91.5714285714286;94.5714285714286;95;91.125
16.11.06;45.8152613454718;95;93;88;83.7142857142857;92.2307692307692;92;91.6;90;89;97.3636363636364;92.4285714285714;94.4285714285714;96;91
17.11.06;42.7134173118797;94.9285714285714;93;88;82.1428571428572;92.9230769230769;92;92;89.2857142857143;89;96.7272727272727;93.2857142857143;94.2857142857143;97;91.375
18.11.06;42.7134173118797;94.8571428571429;93;88;80.5714285714286;93.6153846153846;92;91.8461538461538;88.5714285714286;89;96.0909090909091;94.1428571428571;94.1428571428571;96.7142857142857;91.75
19.11.06;42.7134173118797;94.7857142857143;93;88;79;94.3076923076923;92;91.6923076923077;87.8571428571429;89;95.4545454545455;95;94;96.4285714285714;92.125
20.11.06;42.7134173118797;94.7142857142857;93;88;80;95;92;91.5384615384615;87.1428571428571;89;94.8181818181818;95;93.5714285714286;96.1428571428571;92.5
21.11.06;42.7134173118797;94.6428571428571;93;88;81;94.6;92;91.3846153846154;86.4285714285714;89;94.1818181818182;95;93.1428571428571;95.8571428571429;92.875
22.11.06;41.0697715867718;94.5714285714286;93;88;82;94.2;92;91.2307692307692;85.7142857142857;89;93.5454545454546;95;92.7142857142857;95.5714285714286;93.25
23.11.06;39.4334635902219;94.5;93;88;83;93.8;92;91.0769230769231;85;89;92.9090909090909;95;92.2857142857143;95.2857142857143;93.625
24.11.06;37.8044280976523;94.4285714285714;93;88;84;93.4;92;90.9230769230769;85.7142857142857;89;92.2727272727273;95;91.8571428571429;95;94
25.11.06;36.1826007503047;94.3571428571429;93;88;85;93;92;90.7692307692308;86.4285714285714;89;91.6363636363636;95;91.4285714285714;94.8333333333333;94
26.11.06;34.567918039982;94.2857142857143;93;88.6;86;92.6;92;90.6153846153846;87.1428571428571;89;91;95;91;94.6666666666667;94
27.11.06;32.9603172941268;94.2142857142857;93;89.2;87;92.2;92;90.4615384615385;87.8571428571429;89;91;95;91.75;94.5;94
28.11.06;31.359736661225;94.1428571428571;93;89.8;88;91.8;92;90.3076923076923;88.5714285714286;89;91;95;92.5;94.3333333333333;94
29.11.06;29.7661150965262;94.0714285714286;93;90.4;89;91.4;92;90.1538461538462;89.2857142857143;89;91;95;93.25;94.1666666666667;94
30.11.06;28.1793923480745;94;93;91;90;91;92;90;90;89;91;95;94;94;94
