01.12.05;158.428571428571;;;;149;142;129;150;133;114;115;124;115;57;75
02.12.05;157.285714285714;;;;148.75;144.25;128.583333333333;150.5;136;114;112.307692307692;124;103.5;56;74.6
03.12.05;156.142857142857;137;;;148.5;146.5;128.166666666667;151;135.076923076923;113.631578947368;109.615384615385;124;92;58.5714285714286;74.2
04.12.05;155;137.666666666667;;;148.25;148.75;127.75;151.5;134.153846153846;113.263157894737;106.923076923077;124;80.5;61.1428571428571;73.8
05.12.05;157.166666666667;138.333333333333;;;148;151;127.333333333333;152;133.230769230769;112.894736842105;104.230769230769;124;69;63.7142857142857;73.4
06.12.05;159.333333333333;139;;;147.352941176471;153.25;126.916666666667;153.5;132.307692307692;112.526315789474;101.538461538462;123.625;66;66.2857142857143;73
07.12.05;161.5;139.666666666667;157;;146.705882352941;155.5;126.5;155;131.384615384615;112.157894736842;98.8461538461539;123.25;63;68.8571428571429;73.8888888888889
08.12.05;163.666666666667;140.333333333333;154.904761904762;;146.058823529412;157.75;126.083333333333;156.5;130.461538461538;111.789473684211;96.1538461538462;122.875;60;71.4285714285714;74.7777777777778
09.12.05;165.833333333333;141;152.809523809524;;145.411764705882;160;125.666666666667;158;129.538461538462;111.421052631579;93.4615384615385;122.5;57;74;75.6666666666667
10.12.05;168;145.666666666667;150.714285714286;;144.764705882353;162.25;125.25;159.5;128.615384615385;111.052631578947;90.7692307692308;122.125;54;73.1666666666667;76.5555555555556
11.12.05;166.857142857143;150.333333333333;148.619047619048;;144.117647058824;164.5;124.833333333333;161;127.692307692308;110.684210526316;88.0769230769231;121.75;51;72.3333333333333;77.4444444444444
12.12.05;165.714285714286;155;146.52380952381;;143.470588235294;166.75;124.416666666667;161.833333333333;126.769230769231;110.315789473684;85.3846153846154;121.375;48;71.5;78.3333333333333
13.12.05;164.571428571429;159.666666666667;144.428571428571;;142.823529411765;169;124;162.666666666667;125.846153846154;109.947368421053;82.6923076923077;121;56.3333333333333;70.6666666666667;79.2222222222222
14.12.05;163.428571428571;164.333333333333;142.333333333333;;142.176470588235;169.176470588235;124.307692307692;163.5;124.923076923077;109.578947368421;80;120.166666666667;64.6666666666667;69.8333333333333;80.1111111111111
15.12.05;162.285714285714;169;140.238095238095;;141.529411764706;169.352941176471;124.615384615385;164.333333333333;124;109.210526315789;82.125;119.333333333333;73;69;81
16.12.05;161.142857142857;169.1;138.142857142857;;140.882352941176;169.529411764706;124.923076923077;165.166666666667;124.25;108.842105263158;84.25;118.5;81.3333333333333;69.8461538461538;83.0909090909091
17.12.05;160;169.2;136.047619047619;;140.235294117647;169.705882352941;125.230769230769;166;124.5;108.473684210526;86.375;117.666666666667;89.6666666666667;70.6923076923077;85.1818181818182
18.12.05;158.857142857143;169.3;133.952380952381;;139.588235294118;169.882352941176;125.538461538462;163.125;124.75;108.105263157895;88.5;116.833333333333;98;71.5384615384615;87.2727272727273
19.12.05;157.714285714286;169.4;131.857142857143;;138.941176470588;170.058823529412;125.846153846154;160.25;125;107.736842105263;90.625;116;88.5714285714286;72.3846153846154;89.3636363636364
20.12.05;156.571428571429;169.5;129.761904761905;;138.294117647059;170.235294117647;126.153846153846;157.375;125.25;107.368421052632;92.75;110;79.1428571428571;73.2307692307692;91.4545454545455
21.12.05;155.428571428571;169.6;127.666666666667;;137.647058823529;170.411764705882;126.461538461538;154.5;125.5;107;94.875;104;69.7142857142857;74.0769230769231;93.5454545454545
22.12.05;154.285714285714;169.7;125.571428571429;;137;170.588235294118;126.769230769231;151.625;125.75;107;97;98;60.2857142857143;74.9230769230769;95.6363636363636
23.12.05;153.142857142857;169.8;123.47619047619;;136.846153846154;170.764705882353;127.076923076923;148.75;126;107;97;92;50.8571428571428;75.7692307692308;97.7272727272727
24.12.05;152;169.9;121.380952380952;;136.692307692308;170.941176470588;127.384615384615;145.875;126.761904761905;107;97;86;41.4285714285714;76.6153846153846;99.8181818181818
25.12.05;152.2;170;119.285714285714;;136.538461538462;171.117647058824;127.692307692308;143;127.52380952381;107;97;80;32;77.4615384615385;101.909090909091
26.12.05;152.4;167.2;117.190476190476;;136.384615384615;171.294117647059;128;143.105263157895;128.285714285714;107;97;74;34.4;78.3076923076923;104
27.12.05;152.6;164.4;115.095238095238;;136.230769230769;171.470588235294;129.071428571429;143.210526315789;129.047619047619;107;97;68;36.8;79.1538461538462;103.352941176471
28.12.05;152.8;161.6;113;;136.076923076923;171.647058823529;130.142857142857;143.315789473684;129.809523809524;107;97;69.8571428571429;39.2;80;102.705882352941
29.12.05;153;158.8;112.294117647059;;135.923076923077;171.823529411765;131.214285714286;143.421052631579;130.571428571429;107;96.6153846153846;71.7142857142857;41.6;79.5555555555556;102.058823529412
30.12.05;153.538461538462;156;111.588235294118;;135.769230769231;172;132.285714285714;143.526315789474;131.333333333333;107;96.2307692307692;73.5714285714286;44;79.1111111111111;101.411764705882
31.12.05;154.076923076923;154.583333333333;110.882352941176;;135.615384615385;170.083333333333;133.357142857143;143.631578947368;132.095238095238;107;95.8461538461538;75.4285714285714;46.4;78.6666666666667;100.764705882353
01.01.06;154.615384615385;153.166666666667;110.176470588235;;135.461538461538;168.166666666667;134.428571428571;143.736842105263;132.857142857143;107;95.4615384615385;77.2857142857143;48.8;78.2222222222222;100.117647058824
02.01.06;155.153846153846;151.75;109.470588235294;;135.307692307692;166.25;135.5;143.842105263158;133.619047619048;107;95.0769230769231;79.1428571428572;51.2;77.7777777777778;99.4705882352941
03.01.06;155.692307692308;150.333333333333;108.764705882353;;135.153846153846;164.333333333333;136.571428571429;143.947368421053;134.380952380952;107;94.6923076923077;81;53.6;77.3333333333333;98.8235294117647
04.01.06;156.230769230769;148.916666666667;108.058823529412;;135;162.416666666667;137.642857142857;144.052631578947;135.142857142857;107;94.3076923076923;82.8571428571429;56;76.8888888888889;98.1764705882353
05.01.06;156.769230769231;147.5;107.352941176471;;134.846153846154;160.5;138.714285714286;144.157894736842;135.904761904762;107;93.9230769230769;84.7142857142857;58.4;76.4444444444444;97.5294117647059
06.01.06;157.307692307692;146.083333333333;106.647058823529;;134.692307692308;158.583333333333;139.785714285714;144.263157894737;136.666666666667;107;93.5384615384615;86.5714285714286;60.8;76;96.8823529411765
07.01.06;157.846153846154;144.666666666667;105.941176470588;;134.538461538462;156.666666666667;140.857142857143;144.368421052632;137.428571428571;107;93.1538461538462;88.4285714285715;63.2;75.5555555555556;96.2352941176471
08.01.06;158.384615384615;143.25;105.235294117647;;134.384615384615;154.75;141.928571428571;144.473684210526;138.190476190476;107;92.7692307692308;90.2857142857143;65.6;75.1111111111111;95.5882352941176
09.01.06;158.923076923077;141.833333333333;104.529411764706;;134.230769230769;152.833333333333;143;144.578947368421;138.952380952381;107;92.3846153846154;92.1428571428572;68;74.6666666666667;94.9411764705882
10.01.06;159.461538461538;140.416666666667;103.823529411765;;134.076923076923;150.916666666667;141.375;144.684210526316;139.714285714286;107;92;94;69.3846153846154;74.2222222222222;94.2941176470588
11.01.06;160;139;103.117647058824;;133.923076923077;149;139.75;144.789473684211;140.47619047619;107;92;91.6428571428572;70.7692307692308;73.7777777777778;93.6470588235294
12.01.06;160;137.6;102.411764705882;;133.769230769231;149.833333333333;138.125;144.894736842105;141.238095238095;107;92;89.2857142857143;72.1538461538462;73.3333333333333;93
13.01.06;160;136.2;101.705882352941;;133.615384615385;150.666666666667;136.5;145;142;106.769230769231;92;86.9285714285715;73.5384615384615;72.8888888888889;92
14.01.06;160;134.8;101;;133.461538461538;151.5;134.875;145;142.047619047619;106.538461538462;92;84.5714285714286;74.9230769230769;72.4444444444445;91
15.01.06;160.142857142857;133.4;101.153846153846;;133.307692307692;152.333333333333;133.25;145;142.095238095238;106.307692307692;92;82.2142857142858;76.3076923076923;72;90
16.01.06;160.285714285714;132;101.307692307692;;133.153846153846;153.166666666667;131.625;145;142.142857142857;106.076923076923;92;79.8571428571429;77.6923076923077;71.9047619047619;89
17.01.06;160.428571428571;133.571428571429;101.461538461538;;133;154;130;145;142.190476190476;105.846153846154;92;77.5;79.0769230769231;71.8095238095238;88
18.01.06;160.571428571429;135.142857142857;101.615384615385;;133.344827586207;154.833333333333;131.176470588235;145;142.238095238095;105.615384615385;92;75.1428571428572;80.4615384615385;71.7142857142857;87
19.01.06;160.714285714286;136.714285714286;101.769230769231;;133.689655172414;155.666666666667;132.352941176471;145;142.285714285714;105.384615384615;92.2857142857143;72.7857142857143;81.8461538461539;71.6190476190476;86
20.01.06;160.857142857143;138.285714285714;101.923076923077;;134.034482758621;156.5;133.529411764706;145;142.333333333333;105.153846153846;92.5714285714286;70.4285714285714;83.2307692307693;71.5238095238095;85
21.01.06;161;139.857142857143;102.076923076923;;134.379310344828;157.333333333333;134.705882352941;145;142.380952380952;104.923076923077;92.8571428571429;68.0714285714286;84.6153846153846;71.4285714285714;84
22.01.06;161.5;141.428571428571;102.230769230769;;134.724137931034;158.166666666667;135.882352941176;145;142.428571428571;104.692307692308;93.1428571428571;65.7142857142857;86;71.3333333333333;83
23.01.06;162;143;102.384615384615;;135.068965517241;159;137.058823529412;145;142.47619047619;104.461538461538;93.4285714285714;63.3571428571429;87.25;71.2380952380952;82
24.01.06;162.5;143.5;102.538461538462;;135.413793103448;159.833333333333;138.235294117647;145;142.52380952381;104.230769230769;93.7142857142857;61;88.5;71.1428571428572;81
25.01.06;163;144;102.692307692308;;135.758620689655;160.666666666667;139.411764705882;145;142.571428571429;104;94;61.8333333333333;89.75;71.0476190476191;80
26.01.06;164.4;144.5;102.846153846154;;136.103448275862;161.5;140.588235294118;145;142.619047619048;104.214285714286;94.1428571428571;62.6666666666667;91;70.952380952381;79.3478260869565
27.01.06;165.8;145;103;;136.448275862069;162.333333333333;141.764705882353;145;142.666666666667;104.428571428571;94.2857142857143;63.5;92.25;70.8571428571429;78.6956521739131
28.01.06;167.2;145.5;103.153846153846;;136.793103448276;163.166666666667;142.941176470588;145;142.714285714286;104.642857142857;94.4285714285714;64.3333333333333;93.5;70.7619047619048;78.0434782608696
29.01.06;168.6;146;103.307692307692;;137.137931034483;164;144.117647058823;145;142.761904761905;104.857142857143;94.5714285714286;65.1666666666667;94.75;70.6666666666667;77.3913043478261
30.01.06;170;146.5;103.461538461538;;137.48275862069;164.833333333333;145.294117647059;145;142.809523809524;105.071428571429;94.7142857142857;66;96;70.5714285714286;76.7391304347826
31.01.06;160;147;103.615384615385;;137.827586206897;165.666666666667;146.470588235294;145;142.857142857143;105.285714285714;94.8571428571429;66.8333333333333;94;70.4761904761905;76.0869565217391
01.02.06;150;147.5;103.769230769231;;138.172413793103;166.5;147.647058823529;145;142.904761904762;105.5;95;67.6666666666667;92;70.3809523809524;75.4347826086957
02.02.06;140;148;103.923076923077;;138.51724137931;167.333333333333;148.823529411765;145;142.952380952381;105.714285714286;93.5555555555556;68.5;90;70.2857142857143;74.7826086956522
03.02.06;130;146.714285714286;104.076923076923;;138.862068965517;168.166666666667;150;145;143;105.928571428571;92.1111111111111;69.3333333333333;88;70.1904761904762;74.1304347826087
04.02.06;120;145.428571428571;104.230769230769;;139.206896551724;169;148.8;145;142.347826086957;106.142857142857;90.6666666666667;70.1666666666667;86;70.0952380952381;73.4782608695652
05.02.06;123.333333333333;144.142857142857;104.384615384615;;139.551724137931;167.375;147.6;146.222222222222;141.695652173913;106.357142857143;89.2222222222222;71;84;70;72.8260869565218
06.02.06;126.666666666667;142.857142857143;104.538461538462;;139.896551724138;165.75;146.4;147.444444444444;141.04347826087;106.571428571429;87.7777777777778;72.7777777777778;82;70.7272727272727;72.1739130434783
07.02.06;130;141.571428571429;104.692307692308;;140.241379310345;164.125;145.2;148.666666666667;140.391304347826;106.785714285714;86.3333333333334;74.5555555555556;80.8333333333334;71.4545454545455;71.5217391304348
08.02.06;133.333333333333;140.285714285714;104.846153846154;;140.586206896552;162.5;144;149.888888888889;139.739130434783;107;84.8888888888889;76.3333333333333;79.6666666666667;72.1818181818182;70.8695652173913
09.02.06;136.666666666667;139;105;;140.931034482759;160.875;142.8;151.111111111111;139.086956521739;108.692307692308;83.4444444444445;78.1111111111111;78.5;72.9090909090909;70.2173913043478
10.02.06;140;139.2;106;;141.275862068966;159.25;141.6;152.333333333333;138.434782608696;110.384615384615;82;79.8888888888889;77.3333333333333;73.6363636363636;69.5652173913043
11.02.06;141.5;139.4;107;;141.620689655172;157.625;140.4;153.555555555556;137.782608695652;112.076923076923;80.5555555555556;81.6666666666667;76.1666666666667;74.3636363636364;68.9130434782609
12.02.06;143;139.6;108;;141.965517241379;156;139.2;154.777777777778;137.130434782609;113.769230769231;79.1111111111112;83.4444444444445;75;75.0909090909091;68.2608695652174
13.02.06;144.5;139.8;109;;142.310344827586;156;138;156;136.478260869565;115.461538461538;77.6666666666667;85.2222222222222;75.7142857142857;75.8181818181818;67.6086956521739
14.02.06;146;140;110;;142.655172413793;156;136.8;154.666666666667;135.826086956522;117.153846153846;76.2222222222223;87;76.4285714285714;76.5454545454546;66.9565217391304
15.02.06;147.5;140.8;111;;143;156;135.6;153.333333333333;135.173913043478;118.846153846154;74.7777777777778;88.9230769230769;77.1428571428572;77.2727272727273;66.304347826087
16.02.06;149;141.6;112;;143.035714285714;156;134.4;152;134.521739130435;120.538461538462;73.3333333333334;90.8461538461539;77.8571428571429;78;65.6521739130435
17.02.06;150.333333333333;142.4;113;;143.071428571429;156;133.2;150.666666666667;133.869565217391;122.230769230769;71.888888888889;92.7692307692308;78.5714285714286;78.6944444444444;65
18.02.06;151.666666666667;143.2;114;;143.107142857143;156;132;149.333333333333;133.217391304348;123.923076923077;70.4444444444445;94.6923076923077;79.2857142857143;79.3888888888889;65.875
19.02.06;153;144;115;;143.142857142857;156;132;148;132.565217391304;125.615384615385;69.0000000000001;96.6153846153846;80;80.0833333333333;66.75
20.02.06;154.333333333333;141.4;116;;143.178571428571;156.428571428571;132;148;131.913043478261;127.307692307692;69.4375000000001;98.5384615384615;80;80.7777777777778;67.625
21.02.06;155.666666666667;138.8;117;;143.214285714286;156.857142857143;132;148;131.260869565217;129;69.8750000000001;100.461538461538;80;81.4722222222222;68.5
22.02.06;157;136.2;118;;143.25;157.285714285714;132;148;130.608695652174;129.111111111111;70.3125000000001;102.384615384615;80;82.1666666666667;69.375
23.02.06;152.166666666667;133.6;119;;143.285714285714;157.714285714286;132;148;129.95652173913;129.222222222222;70.7500000000001;104.307692307692;80;82.8611111111111;70.25
24.02.06;147.333333333333;131;120;;143.321428571429;158.142857142857;132;148;129.304347826087;129.333333333333;71.1875000000001;106.230769230769;80;83.5555555555556;71.125
25.02.06;142.5;135.857142857143;121;;143.357142857143;158.571428571429;132;148;128.652173913044;129.444444444444;71.6250000000001;108.153846153846;80;84.25;72
26.02.06;137.666666666667;140.714285714286;122;;143.392857142857;159;132;148;128;129.555555555556;72.0625000000001;110.076923076923;80;84.9444444444444;72
27.02.06;132.833333333333;145.571428571429;123;;143.428571428571;159.428571428571;132.875;148.571428571429;127.230769230769;129.666666666667;72.5;112;80;85.6388888888889;72
28.02.06;128;150.428571428571;124;;143.464285714286;159.857142857143;133.75;149.142857142857;126.461538461538;129.777777777778;72.9375;112;79.5;86.3333333333333;72
01.03.06;131.5;155.285714285714;125;;143.5;160.285714285714;134.625;149.714285714286;125.692307692308;129.888888888889;73.375;112;79;87.0277777777778;72
02.03.06;133.25;160.142857142857;126;;143.535714285714;160.714285714286;135.5;150.285714285714;124.923076923077;130;73.8125;112;78.5;87.7222222222222;72
03.03.06;135;165;127;;143.571428571429;161.142857142857;136.375;150.857142857143;124.153846153846;127.714285714286;74.25;112;78;88.4166666666667;72
04.03.06;135;164;128;;143.607142857143;161.571428571429;137.25;151.428571428571;123.384615384615;125.428571428571;74.6875;112;77.5;89.1111111111111;72
05.03.06;135;163;129;;143.642857142857;162;138.125;152;122.615384615385;123.142857142857;75.125;112;77;89.8055555555555;72
06.03.06;135;162;130;;143.678571428571;162.428571428571;139;150.285714285714;121.846153846154;120.857142857143;75.5625;112;75.1666666666667;90.5;72
07.03.06;135;161;131;;143.714285714286;162.857142857143;139.875;148.571428571429;121.076923076923;118.571428571429;76;112;73.3333333333333;91.1944444444444;72
08.03.06;135;160;132;;143.75;163.285714285714;140.75;146.857142857143;120.307692307692;116.285714285714;77.4;112;71.5;91.8888888888889;72
09.03.06;135;150;133;;143.785714285714;163.714285714286;141.625;145.142857142857;119.538461538462;114;78.8;112;69.6666666666667;92.5833333333333;72
10.03.06;135;140;134;;143.821428571429;164.142857142857;142.5;143.428571428571;118.769230769231;111.714285714286;80.2;112;67.8333333333333;93.2777777777778;72
11.03.06;135;130;135;;143.857142857143;164.571428571429;143.375;141.714285714286;118;109.428571428571;81.6;112;66;93.9722222222222;71.3076923076923
12.03.06;135;120;136;;143.892857142857;165;144.25;140;119.153846153846;107.142857142857;83;112;64.8571428571429;94.6666666666667;70.6153846153846
13.03.06;135;121.125;137;;143.928571428571;168.111111111111;145.125;139;120.307692307692;104.857142857143;84.4;112;63.7142857142857;95.3611111111111;69.9230769230769
14.03.06;132;122.25;138;;143.964285714286;171.222222222222;146;138;121.461538461538;102.571428571429;85.8;111.125;62.5714285714286;96.0555555555555;69.2307692307692
15.03.06;129;123.375;139;;144;174.333333333333;143.8;137;122.615384615385;100.285714285714;87.2;110.25;61.4285714285714;96.75;68.5384615384616
16.03.06;126;124.5;135.888888888889;;143.55;177.444444444444;141.6;136;123.769230769231;97.9999999999999;88.6;109.375;60.2857142857143;97.4444444444444;67.8461538461539
17.03.06;123;125.625;132.777777777778;;143.1;180.555555555556;139.4;135;124.923076923077;97.3333333333333;90;108.5;59.1428571428571;98.1388888888889;67.1538461538462
18.03.06;114.8;126.75;129.666666666667;;142.65;183.666666666667;137.2;135.461538461538;126.076923076923;96.6666666666666;91.4;107.625;58;98.8333333333333;66.4615384615385
19.03.06;106.6;127.875;126.555555555556;;142.2;186.777777777778;135;135.923076923077;127.230769230769;96;92.8;106.75;55.5;99.5277777777778;65.7692307692308
20.03.06;98.4;129;123.444444444444;;141.75;189.888888888889;132.8;136.384615384615;128.384615384615;95.3333333333333;94.2;105.875;53;100.222222222222;65.0769230769231
21.03.06;90.2;;120.333333333333;;141.3;193;130.6;136.846153846154;129.538461538462;94.6666666666667;95.6;105;50.5;100.916666666667;64.3846153846154
22.03.06;82;;117.222222222222;;140.85;186;128.4;137.307692307692;130.692307692308;94;97;102;48;101.611111111111;63.6923076923077
23.03.06;74;;114.111111111111;;140.4;179;126.2;137.769230769231;131.846153846154;97.125;95.9230769230769;99;45.5;102.305555555556;63
24.03.06;66;;111;165;139.95;172;124;138.230769230769;133;100.25;94.8461538461538;96;43;103;66.125
25.03.06;58;;107.888888888889;;139.5;165;120.9;138.692307692308;130.714285714286;103.375;93.7692307692308;93;40.5;101.4375;69.25
26.03.06;50;;104.777777777778;;139.05;158;117.8;139.153846153846;128.428571428571;106.5;92.6923076923077;90;38;99.875;72.375
27.03.06;42;;101.666666666667;;138.6;151;114.7;139.615384615385;126.142857142857;109.625;91.6153846153846;87;35.5;98.3125;75.5
28.03.06;47.75;;98.5555555555556;;138.15;148;111.6;140.076923076923;123.857142857143;112.75;90.5384615384615;87.75;33;96.75;78.625
29.03.06;53.5;;95.4444444444445;;137.7;145;108.5;140.538461538462;121.571428571429;115.875;89.4615384615384;88.5;30.5;95.1875;81.75
30.03.06;59.25;;92.3333333333333;175;137.25;142;105.4;141;119.285714285714;119;88.3846153846154;89.25;28;93.625;84.875
31.03.06;65;;89.2222222222222;175.666666666667;136.8;139;102.3;140.333333333333;117;116.666666666667;87.3076923076923;90;34.3333333333333;92.0625;88
01.04.06;58.6666666666667;;86.1111111111111;176.333333333333;136.35;136;99.2;139.666666666667;114.714285714286;114.333333333333;86.2307692307692;90.75;40.6666666666667;90.5;84.625
02.04.06;52.3333333333333;;83;177;135.9;133;96.1;139;112.428571428571;112;85.1538461538461;91.5;47;88.9375;81.25
03.04.06;46;;77.3333333333333;177.666666666667;135.45;131.666666666667;93;136.857142857143;110.142857142857;109.666666666667;84.076923076923;92.25;53.3333333333333;87.375;77.875
04.04.06;42;;71.6666666666667;178.333333333333;135;130.333333333333;92.8;134.714285714286;107.857142857143;107.333333333333;83;93;59.6666666666667;85.8125;74.5
05.04.06;42;;66;179;130;129;92.6;132.571428571429;105.571428571429;105;79;91.8333333333333;66;84.25;71.125
06.04.06;42;;64.2857142857143;179.666666666667;125;127.666666666667;92.4;130.428571428571;103.285714285714;100.875;75;90.6666666666667;72.3333333333334;82.6875;67.75
07.04.06;42;;62.5714285714286;180.333333333333;120;126.333333333333;92.2;128.285714285714;101;96.75;71;89.5;78.6666666666667;81.125;64.375
08.04.06;42.3333333333333;;60.8571428571429;181;115;125;92;126.142857142857;89;92.625;67;88.3333333333333;85;79.5625;61
09.04.06;42.6666666666667;;59.1428571428572;172.166666666667;110;105.5;97.4444444444444;124;77;88.5;63;87.1666666666667;85.1428571428572;78;62.8571428571429
10.04.06;43;;57.4285714285715;163.333333333333;105;86;102.888888888889;120.714285714286;65;84.375;59;86;85.2857142857143;79.6666666666667;64.7142857142857
11.04.06;42.5;;55.7142857142857;154.5;100;86;108.333333333333;117.428571428571;53;80.25;55.75;85.4285714285714;85.4285714285715;81.3333333333333;66.5714285714286
12.04.06;42;;54;145.666666666667;95;86;113.777777777778;114.142857142857;48.3333333333333;76.125;52.5;84.8571428571429;85.5714285714286;83;68.4285714285714
13.04.06;41.5;;53.75;136.833333333333;90;86;119.222222222222;110.857142857143;43.6666666666667;72;49.25;84.2857142857143;85.7142857142857;84.6666666666667;70.2857142857143
14.04.06;41;;53.5;128;85;86;124.666666666667;107.571428571429;39;67.375;46;83.7142857142857;85.8571428571429;86.3333333333333;72.1428571428572
15.04.06;34;;53.25;119.166666666667;80;86;130.111111111111;104.285714285714;37.8333333333333;62.75;42.75;83.1428571428571;86;88;74
16.04.06;35;;53;110.333333333333;75;86;135.555555555556;101;36.6666666666667;58.125;39.5;82.5714285714286;86.25;80.7142857142857;68.4
17.04.06;36;;54.5833333333333;101.5;70;86;141;90.2;35.5;53.5;36.25;82;86.5;73.4285714285714;62.8
18.04.06;;;56.1666666666667;92.6666666666667;65;76.8;142;79.4;34.3333333333333;48.875;33;83.1428571428571;86.75;66.1428571428571;57.2
19.04.06;;;57.75;83.8333333333334;60;67.6;143;68.6;33.1666666666667;44.25;32.5;84.2857142857143;87;58.8571428571428;51.6
20.04.06;;;59.3333333333333;75;57;58.4;144;57.8;32;39.625;32;85.4285714285714;87.25;51.5714285714286;46
21.04.06;;;60.9166666666667;71.1666666666667;54;49.2;145;47;31.7142857142857;35;31.5;86.5714285714286;87.5;44.2857142857143;46.1
22.04.06;;;62.5;67.3333333333333;51;40;146;46;31.4285714285714;34.3333333333334;31;87.7142857142857;87.75;37;46.2
23.04.06;;;64.0833333333333;63.5;48;39;147;45;31.1428571428571;33.6666666666667;30.5;88.8571428571428;88;35.6;46.3
24.04.06;49;;65.6666666666666;59.6666666666667;45;38;148;44.2857142857143;30.8571428571429;33;30;90;86;34.2;46.4
25.04.06;50;;67.25;55.8333333333334;42;37;149;43.5714285714286;30.5714285714286;32.3333333333333;29.5;91;84;32.8;46.5
26.04.06;51;;68.8333333333333;52;39;37;149.1;42.8571428571429;30.2857142857143;31.6666666666667;29;92;82;31.4;46.6
27.04.06;52;;70.4166666666666;50.4285714285714;36;34.6666666666667;149.2;42.1428571428571;30;31;28.5;93;80;30;46.7
28.04.06;55.6666666666667;;72;48.8571428571429;39.2666666666667;32.3333333333333;149.3;41.4285714285714;30.5;31.625;28;94;78;31;46.8
29.04.06;59.3333333333333;;82.5;47.2857142857143;42.5333333333333;30;149.4;40.7142857142857;31;32.25;28.6;95;76;32;46.9
30.04.06;63;;93;45.7142857142857;45.8;30.7142857142857;149.5;40;31.5;32.875;29.2;96;77.875;33;47
01.05.06;66.3333333333333;;97.25;44.1428571428572;49.0666666666667;31.4285714285714;149.6;39.6;32;33.5;29.8;97;79.75;34;53.8333333333333
02.05.06;69.6666666666667;;101.5;42.5714285714286;52.3333333333334;32.1428571428571;149.7;39.2;32.5;34.125;30.4;98;81.625;35;60.6666666666667
03.05.06;73;;105.75;41;55.6;32.8571428571429;149.8;38.8;33;34.75;31;99;83.5;36;67.5
04.05.06;81.3333333333333;;110;42;58.8666666666667;33.5714285714286;149.9;38.4;33.5;35.375;34;100;85.375;37;74.3333333333333
05.05.06;89.6666666666667;;110.5;43;62.1333333333334;34.2857142857143;150;38;34;36;37;101;87.25;38;81.1666666666667
06.05.06;98;;111;44;65.4;35;151;41;37.8;36.5714285714286;40;102;89.125;39;88
07.05.06;100;;111.5;45;68.6666666666667;38;152;44;41.6;37.1428571428571;43;103;91;40;89.3333333333333
08.05.06;102;;112;46;71.9333333333334;41;153;47;45.4;37.7142857142857;46;104;92.2857142857143;41;90.6666666666667
09.05.06;104;;112.5;47;75.2;45.6;154;50.75;49.2;38.2857142857143;49;108.6;93.5714285714286;42;92
10.05.06;106;;113;48;78.4666666666667;50.2;155;54.5;53;38.8571428571429;52;113.2;94.8571428571429;43;93.3333333333333
11.05.06;108;;113.5;49;81.7333333333334;54.8;156;58.25;68;39.4285714285714;57.8333333333333;117.8;96.1428571428572;44;94.6666666666667
12.05.06;110;;114;52.6666666666667;85.0000000000001;59.4;157;62;83;40;63.6666666666667;122.4;97.4285714285714;46;96
13.05.06;112;;114.5;56.3333333333333;95.5000000000001;64;158;71;83.4285714285714;47.2;69.5;127;98.7142857142857;48;96.7142857142857
14.05.06;112.666666666667;;115;60;106;75.3333333333333;159;80;83.8571428571429;54.4;75.3333333333333;126.2;100;50;97.4285714285714
15.05.06;113.333333333333;;116;63.6666666666667;109.25;86.6666666666666;157.846153846154;83.4;84.2857142857143;61.6;81.1666666666667;125.4;102.857142857143;57;98.1428571428572
16.05.06;114;;117;67.3333333333333;112.5;97.9999999999999;156.692307692308;86.8;84.7142857142857;68.8;87;124.6;105.714285714286;64;98.8571428571429
17.05.06;115.333333333333;;118;71;115.75;101.857142857143;155.538461538462;90.2;85.1428571428571;76;90.2857142857143;123.8;108.571428571429;71;99.5714285714286
18.05.06;116.666666666667;;119;74.6666666666667;119;105.714285714286;154.384615384615;93.6;85.5714285714286;79.1538461538462;93.5714285714286;123;111.428571428571;78;100.285714285714
19.05.06;118;;120;78.3333333333334;120.1;109.571428571429;153.230769230769;97;86;82.3076923076923;96.8571428571429;122.2;114.285714285714;85;101
20.05.06;120.333333333333;;121;82;121.2;113.428571428571;152.076923076923;99;86.6666666666667;85.4615384615385;100.142857142857;121.4;117.142857142857;92;104.5
21.05.06;122.666666666667;;120.5;85.6666666666667;122.3;117.285714285714;150.923076923077;101;87.3333333333333;88.6153846153846;103.428571428571;120.6;120;93;108
22.05.06;125;72;120;89.3333333333334;123.4;121.142857142857;149.769230769231;101.8;88;91.7692307692308;106.714285714286;119.8;116.857142857143;94;111.5
23.05.06;126.75;74.3333333333333;119.5;93;124.5;125;148.615384615385;102.6;88.6666666666667;94.9230769230769;110;119;113.714285714286;95;115
24.05.06;128.5;76.6666666666667;119;95.0909090909091;125.6;126.5;147.461538461539;103.4;89.3333333333333;98.0769230769231;110;120.142857142857;110.571428571429;96;118.5
25.05.06;130.25;79;118.5;97.1818181818182;126.7;128;146.307692307692;104.2;90;101.230769230769;110;121.285714285714;107.428571428571;97;122
26.05.06;132;84.5;118;99.2727272727273;127.8;129.5;145.153846153846;105;93.2;104.384615384615;110;122.428571428571;104.285714285714;98;118.142857142857
27.05.06;130.333333333333;90;117.5;101.363636363636;128.9;131;144;107.5;96.4;107.538461538462;110;123.571428571429;101.142857142857;99;114.285714285714
28.05.06;128.666666666667;96;117;103.454545454545;130;132.5;146.666666666667;110;99.6;110.692307692308;110;124.714285714286;98;100;110.428571428571
29.05.06;127;102;116.5;105.545454545455;129.75;134;149.333333333333;109.4;102.8;113.846153846154;110;125.857142857143;99;101;106.571428571429
30.05.06;126.25;115.333333333333;116;107.636363636364;129.5;135.5;152;108.8;106;117;110;127;100;102;102.714285714286
31.05.06;125.5;128.666666666667;115.5;109.727272727273;129.25;137;152;108.2;112.333333333333;114;109.428571428571;128.142857142857;101;103;98.8571428571428
01.06.06;124.75;142;115;111.818181818182;129;135.25;152;107.6;118.666666666667;111;108.857142857143;129.285714285714;102;104;95
02.06.06;124;129;114.5;113.909090909091;128.75;133.5;152;107;125;112;108.285714285714;130.428571428571;103;105;96.7142857142857
03.06.06;125;116;114;116;128.5;131.75;152;109.5;122.857142857143;113;107.714285714286;131.571428571429;104;106;98.4285714285714
04.06.06;126;103;115.833333333333;117.166666666667;128.25;130;152;112;120.714285714286;114;107.142857142857;132.714285714286;105;107;100.142857142857
05.06.06;127.333333333333;102.5;117.666666666667;118.333333333333;128;133.666666666667;152;114.5;118.571428571429;115;106.571428571429;133.857142857143;106.285714285714;108;101.857142857143
06.06.06;128.666666666667;102;119.5;119.5;127.75;137.333333333333;151.454545454545;117;116.428571428571;116;106;135;107.571428571429;109;103.571428571429
07.06.06;130;101.5;121.333333333333;120.666666666667;127.5;141;150.909090909091;119.5;114.285714285714;117;107.444444444444;134.857142857143;108.857142857143;110;105.285714285714
08.06.06;130.5;101;123.166666666667;121.833333333333;127.25;140;150.363636363636;122;112.142857142857;116.428571428571;108.888888888889;134.714285714286;110.142857142857;111;107
09.06.06;131;101;125;123;127;139;149.818181818182;125.333333333333;110;115.857142857143;110.333333333333;134.571428571429;111.428571428571;112.8125;107.714285714286
10.06.06;132;101;125.5;122.75;128;138;149.272727272727;128.666666666667;111.153846153846;115.285714285714;111.777777777778;134.428571428571;112.714285714286;114.625;108.428571428571
11.06.06;133;101;126;122.5;129;137.6;148.727272727273;132;112.307692307692;114.714285714286;113.222222222222;134.285714285714;114;116.4375;109.142857142857
12.06.06;134.5;102.75;126.5;122.25;130;137.2;148.181818181818;130;113.461538461538;114.142857142857;114.666666666667;134.142857142857;114.571428571429;118.25;109.857142857143
13.06.06;136;104.5;127;122;131;136.8;147.636363636364;128;114.615384615385;113.571428571429;116.111111111111;134;115.142857142857;120.0625;110.571428571429
14.06.06;136;106.25;127.5;121.75;132;136.4;147.090909090909;126;115.769230769231;113;117.555555555556;135;115.714285714286;121.875;111.285714285714
15.06.06;136;108;128;121.5;133;136;146.545454545455;124;116.923076923077;114;119;136;116.285714285714;123.6875;112
16.06.06;136;108;128.5;121.25;133.3;143.8;146;125;118.076923076923;115;119.285714285714;137;116.857142857143;125.5;114
17.06.06;137;108;129;121;133.6;151.6;148.666666666667;126;119.230769230769;114.333333333333;119.571428571429;138;117.428571428571;127.3125;116
18.06.06;138;108.5;129.5;120.647058823529;133.9;159.4;151.333333333333;127;120.384615384615;113.666666666667;119.857142857143;139;118;129.125;118
19.06.06;139;109;130;120.294117647059;134.2;167.2;154;127;121.538461538462;113;120.142857142857;140;119;130.9375;120
20.06.06;;109.333333333333;130.5;119.941176470588;134.5;175;149.75;127;122.692307692308;113.636363636364;120.428571428571;139.375;120;132.75;122
21.06.06;;109.666666666667;131;119.588235294118;134.8;171.375;145.5;127;123.846153846154;114.272727272727;120.714285714286;138.75;121;134.5625;124
22.06.06;;110;131.5;119.235294117647;135.1;167.75;141.25;127;125;114.909090909091;121;138.125;122;136.375;126
23.06.06;;113;132;118.882352941176;135.4;164.125;137;130.666666666667;121;115.545454545455;123;137.5;123;138.1875;128
24.06.06;;116;132.761904761905;118.529411764706;135.7;160.5;141.333333333333;134.333333333333;117;116.181818181818;125;136.875;124;140;126.75
25.06.06;;115;133.52380952381;118.176470588235;136;156.875;145.666666666667;138;117;116.818181818182;127;136.25;125;139.285714285714;125.5
26.06.06;;114;134.285714285714;117.823529411765;137.25;153.25;150;136;117;117.454545454545;129;135.625;126;138.571428571429;124.25
27.06.06;;113.333333333333;135.047619047619;117.470588235294;138.5;149.625;149;134;117;118.090909090909;131;135;127;137.857142857143;123
28.06.06;;112.666666666667;135.809523809524;117.117647058824;139.75;146;148;132;117;118.727272727273;130.571428571429;134.714285714286;128;137.142857142857;121.75
29.06.06;;112;136.571428571429;116.764705882353;141;144.571428571429;147;130;117;119.363636363636;130.142857142857;134.428571428571;129;136.428571428571;120.5
30.06.06;;111.666666666667;137.333333333333;116.411764705882;141.5;143.142857142857;146;128;117;120;129.714285714286;134.142857142857;130;135.714285714286;119.25
01.07.06;;111.333333333333;138.095238095238;116.058823529412;142;141.714285714286;145;129.5;117.5;117.571428571429;129.285714285714;133.857142857143;131;135;118
02.07.06;;111;138.857142857143;115.705882352941;142.5;140.285714285714;145;131;118;115.142857142857;128.857142857143;133.571428571429;132;135.285714285714;120.2
03.07.06;;113.75;139.619047619048;115.352941176471;143;138.857142857143;145;129.2;118.5;112.714285714286;128.428571428571;133.285714285714;133;135.571428571429;122.4
04.07.06;;116.5;140.380952380952;115;143.333333333333;137.428571428571;145;127.4;119;110.285714285714;128;133;133.333333333333;135.857142857143;124.6
05.07.06;;119.25;141.142857142857;116.5;143.666666666667;136;145;125.6;119.5;107.857142857143;128;132.142857142857;133.666666666667;136.142857142857;126.8
06.07.06;;122;141.904761904762;118;144;136.333333333333;145;123.8;120;105.428571428571;128;131.285714285714;134;136.428571428571;129
07.07.06;;122.5;142.666666666667;119.571428571429;145;136.666666666667;145;122;120;103;128;130.428571428571;134.333333333333;136.714285714286;130.166666666667
08.07.06;;123;143.428571428571;121.142857142857;146;137;145.333333333333;120.333333333333;120;103.5;128;129.571428571429;134.666666666667;137;131.333333333333
09.07.06;;123.5;144.190476190476;122.714285714286;147;137.333333333333;145.666666666667;118.666666666667;120;104;128;128.714285714286;135;139.428571428571;132.5
10.07.06;;124;144.952380952381;124.285714285714;148;137.666666666667;146;117;120;104.5;128;127.857142857143;134;141.857142857143;133.666666666667
11.07.06;;125.333333333333;145.714285714286;125.857142857143;147.470588235294;138;146.333333333333;116.714285714286;120;105;128;127;133;144.285714285714;134.833333333333
12.07.06;;126.666666666667;146.47619047619;127.428571428571;146.941176470588;138.714285714286;146.666666666667;116.428571428571;120;105;127.571428571429;128.285714285714;132;146.714285714286;136
13.07.06;;128;147.238095238095;129;146.411764705882;139.428571428571;147;116.142857142857;120;105;127.142857142857;129.571428571429;131;149.142857142857;134.375
14.07.06;;129.333333333333;148;129.375;145.882352941176;140.142857142857;149;115.857142857143;120;105;126.714285714286;130.857142857143;130;151.571428571429;132.75
15.07.06;;130.666666666667;147.848484848485;129.75;145.352941176471;140.857142857143;151;115.571428571429;120.333333333333;105.368421052632;126.285714285714;132.142857142857;129.111111111111;154;131.125
16.07.06;;132;147.69696969697;130.125;144.823529411765;141.571428571429;153;115.285714285714;120.666666666667;105.736842105263;125.857142857143;133.428571428571;128.222222222222;152.166666666667;129.5
17.07.06;;132;147.545454545455;130.5;144.294117647059;142.285714285714;155;115;121;106.105263157895;125.428571428571;134.714285714286;127.333333333333;150.333333333333;127.875
18.07.06;;132;147.393939393939;130.875;143.764705882353;143;157;115;121.333333333333;106.473684210526;125;136;126.444444444444;148.5;126.25
19.07.06;;132;147.242424242424;131.25;143.235294117647;145.571428571429;156.285714285714;115;121.666666666667;106.842105263158;125;134.166666666667;125.555555555556;146.666666666667;124.625
20.07.06;;132;147.090909090909;131.625;142.705882352941;148.142857142857;155.571428571429;115;122;107.210526315789;125;132.333333333333;124.666666666667;144.833333333333;123
21.07.06;;132.25;146.939393939394;132;142.176470588235;150.714285714286;154.857142857143;115;122.333333333333;107.578947368421;125;130.5;123.777777777778;143;125.428571428571
22.07.06;;132.5;146.787878787879;132.142857142857;141.647058823529;153.285714285714;154.142857142857;115;122.666666666667;107.947368421053;125;128.666666666667;122.888888888889;139.75;127.857142857143
23.07.06;;132.75;146.636363636364;132.285714285714;141.117647058824;155.857142857143;153.428571428571;115;123;108.315789473684;125;126.833333333333;122;136.5;130.285714285714
24.07.06;;133;146.484848484848;132.428571428571;140.588235294118;158.428571428571;152.714285714286;115;123.333333333333;108.684210526316;125;125;122;133.25;132.714285714286
25.07.06;;133;146.333333333333;132.571428571429;140.058823529412;161;152;115;123.666666666667;109.052631578947;125.9375;125.857142857143;122;130;135.142857142857
26.07.06;;133;146.181818181818;132.714285714286;139.529411764706;156;151.285714285714;115;124;109.421052631579;126.875;126.714285714286;122;126.75;137.571428571429
27.07.06;;133;146.030303030303;132.857142857143;139;151;150.571428571429;115;114;109.789473684211;127.8125;127.571428571429;122;123.5;140
28.07.06;;133;145.878787878788;133;139;146;149.857142857143;115;117.142857142857;110.157894736842;128.75;128.428571428571;122;120.25;138.555555555556
29.07.06;;133;145.727272727273;132.8;139;141;149.142857142857;115;120.285714285714;110.526315789474;129.6875;129.285714285714;122;117;137.111111111111
30.07.06;;133;145.575757575758;132.6;139;136;148.428571428571;115;123.428571428571;110.894736842105;130.625;130.142857142857;121.625;119.571428571429;135.666666666667
31.07.06;;133;145.424242424242;132.4;139;136;147.714285714286;115.733333333333;126.571428571429;111.263157894737;131.5625;131;121.25;122.142857142857;134.222222222222
01.08.06;;132.666666666667;145.272727272727;132.2;139;136;147;116.466666666667;129.714285714286;111.631578947368;132.5;130.444444444444;120.875;124.714285714286;132.777777777778
02.08.06;;132.333333333333;145.121212121212;132;139;136;145.642857142857;117.2;132.857142857143;112;133.4375;129.888888888889;120.5;127.285714285714;131.333333333333
03.08.06;;132;144.969696969697;132.357142857143;139;137.285714285714;144.285714285714;117.933333333333;136;112.777777777778;134.375;129.333333333333;120.125;129.857142857143;129.888888888889
04.08.06;;133.5;144.818181818182;132.714285714286;139.714285714286;138.571428571429;142.928571428571;118.666666666667;134.571428571429;113.555555555556;135.3125;128.777777777778;119.75;132.428571428571;128.444444444444
05.08.06;;135;144.666666666667;133.071428571429;140.428571428571;139.857142857143;141.571428571429;119.4;133.142857142857;114.333333333333;136.25;128.222222222222;119.375;135;127
06.08.06;;136;144.515151515152;133.428571428571;141.142857142857;141.142857142857;140.214285714286;120.133333333333;131.714285714286;115.111111111111;137.1875;127.666666666667;119;133.592592592593;125.692307692308
07.08.06;139.5;137;144.363636363636;133.785714285714;141.857142857143;142.428571428571;138.857142857143;120.866666666667;130.285714285714;115.888888888889;138.125;127.111111111111;117.166666666667;132.185185185185;124.384615384615
08.08.06;140;138.666666666667;144.212121212121;134.142857142857;142.571428571429;143.714285714286;137.5;121.6;128.857142857143;116.666666666667;139.0625;126.555555555556;115.333333333333;130.777777777778;123.076923076923
09.08.06;140.333333333333;140.333333333333;144.060606060606;134.5;143.285714285714;145;136.142857142857;122.333333333333;127.428571428571;117.444444444444;140;126;113.5;129.37037037037;121.769230769231
10.08.06;140.666666666667;142;143.909090909091;134.857142857143;144;142;134.785714285714;123.066666666667;126;118.222222222222;138.25;124.5;111.666666666667;127.962962962963;120.461538461538
11.08.06;141;139.75;143.757575757576;135.214285714286;144.25;139;133.428571428571;123.8;124.571428571429;119;136.5;123;109.833333333333;126.555555555556;119.153846153846
12.08.06;140.5;137.5;143.606060606061;135.571428571429;144.5;136;132.071428571429;124.533333333333;123.142857142857;119;134.75;121.5;108;125.148148148148;117.846153846154
13.08.06;140;135.25;143.454545454545;135.928571428571;144.75;133;130.714285714286;125.266666666667;121.714285714286;119;133;120;108.2;123.740740740741;116.538461538462
14.08.06;141;133;143.30303030303;136.285714285714;145;133;129.357142857143;126;120.285714285714;119;131.25;118.5;108.4;122.333333333333;115.230769230769
15.08.06;142;133;143.151515151515;136.642857142857;144.5;133;128;126;118.857142857143;119;129.5;117;108.6;120.925925925926;113.923076923077
16.08.06;142;133;143;137;144;133;123.666666666667;126;117.428571428571;119;127.75;115.5;108.8;119.518518518519;112.615384615385
17.08.06;142;133;141;137.692307692308;143.5;133;119.333333333333;126;116;119;126;114;109;118.111111111111;111.307692307692
18.08.06;142;133;139;138.384615384615;143;133;115;126;116;119;127.333333333333;112.5;110.666666666667;116.703703703704;110
19.08.06;142;133;138.5;139.076923076923;142.5;133;116;126;116;119.714285714286;128.666666666667;111;112.333333333333;115.296296296296;110.25
20.08.06;142;133;138;139.769230769231;142;133;117;126.111111111111;118.8;120.428571428571;130;116;114;113.888888888889;110.5
21.08.06;142;133;137.5;140.461538461538;141.5;133.555555555556;118;126.222222222222;121.6;121.142857142857;131.333333333333;121;115.666666666667;112.481481481481;110.75
22.08.06;142;133;137;141.153846153846;141;134.111111111111;119;126.333333333333;124.4;121.857142857143;132.666666666667;126;117.333333333333;111.074074074074;111
23.08.06;141.166666666667;133;136.5;141.846153846154;140.5;134.666666666667;120;126.444444444444;127.2;122.571428571429;134;125.625;119;109.666666666667;111.25
24.08.06;140.333333333333;133;136;142.538461538462;140;135.222222222222;121;126.555555555556;130;123.285714285714;134;125.25;120.666666666667;108.259259259259;111.5
25.08.06;139.5;133.25;135.5;143.230769230769;139.769230769231;135.777777777778;122;126.666666666667;130;124;134;124.875;122.333333333333;106.851851851852;111.75
26.08.06;138.666666666667;133.5;135;143.923076923077;139.538461538462;136.333333333333;121;126.777777777778;130;125.2;134;124.5;124;105.444444444444;112
27.08.06;137.833333333333;133.75;134.5;144.615384615385;139.307692307692;136.888888888889;120;126.888888888889;129.333333333333;126.4;134;124.125;123.285714285714;104.037037037037;110.25
28.08.06;137;134;134;145.307692307692;139.076923076923;137.444444444444;119;127;128.666666666667;127.6;134;123.75;122.571428571429;102.62962962963;108.5
29.08.06;137.166666666667;134.333333333333;133.5;146;138.846153846154;138;118;129.25;128;128.8;134;123.375;121.857142857143;101.222222222222;106.75
30.08.06;137.333333333333;134.666666666667;133;145;138.615384615385;137;114.8;131.5;127.333333333333;130;134;123;121.142857142857;99.8148148148148;105
31.08.06;137.5;135;132.5;144;138.384615384615;136;111.6;133.75;126.666666666667;130;133.416666666667;125.333333333333;120.428571428571;98.4074074074074;107.142857142857
01.09.06;137.666666666667;135.25;132;143;138.153846153846;135;108.4;136;126;130;132.833333333333;127.666666666667;119.714285714286;97;109.285714285714
02.09.06;137.833333333333;135.5;131.5;142.769230769231;137.923076923077;134;105.2;135.166666666667;123.714285714286;129.538461538462;132.25;130;119;101.714285714286;111.428571428571
03.09.06;138;135.75;131;142.538461538462;137.692307692308;133;102;134.333333333333;121.428571428571;129.076923076923;131.666666666667;132.333333333333;118.285714285714;106.428571428571;113.571428571429
04.09.06;138;136;130.5;142.307692307692;137.461538461538;132;106.2;133.5;119.142857142857;128.615384615385;131.083333333333;134.666666666667;117.571428571429;111.142857142857;115.714285714286
05.09.06;138;136.5;130;142.076923076923;137.230769230769;132.5;110.4;132.666666666667;116.857142857143;128.153846153846;130.5;137;116.857142857143;115.857142857143;117.857142857143
06.09.06;137;137;129.5;141.846153846154;137;133;114.6;131.833333333333;114.571428571429;127.692307692308;129.916666666667;136.807692307692;116.142857142857;120.571428571429;120
07.09.06;136;137.5;129;141.615384615385;137;133.5;118.8;131;112.285714285714;127.230769230769;129.333333333333;136.615384615385;115.428571428571;125.285714285714;118
08.09.06;135;138;128.5;141.384615384615;137;134;123;131;110;126.769230769231;128.75;136.423076923077;114.714285714286;130;116
09.09.06;134;138.333333333333;128;141.153846153846;137;134.5;126.454545454545;131;109;126.307692307692;128.166666666667;136.230769230769;114;130.909090909091;114
10.09.06;133;138.666666666667;127.5;140.923076923077;137;135;129.909090909091;131;108;125.846153846154;127.583333333333;136.038461538462;115.136363636364;131.818181818182;112
11.09.06;132.5;139;127;140.692307692308;137;135.5;133.363636363636;131;107;125.384615384615;127;135.846153846154;116.272727272727;132.727272727273;110
12.09.06;132;139.333333333333;126.5;140.461538461538;137;136;136.818181818182;133.4;106;124.923076923077;127;135.653846153846;117.409090909091;133.636363636364;108
13.09.06;134.333333333333;139.666666666667;126;140.230769230769;137;137.2;140.272727272727;135.8;105;124.461538461538;127;135.461538461538;118.545454545455;134.545454545455;106
14.09.06;136.666666666667;140;125.5;140;137;138.4;143.727272727273;138.2;104;124;127;135.269230769231;119.681818181818;135.454545454545;104
15.09.06;139;140.666666666667;125;140.6;137;139.6;147.181818181818;140.6;103;122.846153846154;127;135.076923076923;120.818181818182;136.363636363636;102
16.09.06;151.5;141.333333333333;126;141.2;137;140.8;150.636363636364;143;102;121.692307692308;127;134.884615384615;121.954545454545;137.272727272727;100
17.09.06;164;142;127;141.8;137;142;154.090909090909;141;101;120.538461538462;127;134.692307692308;123.090909090909;138.181818181818;98
18.09.06;156;143.75;128;142.4;137;143.2;157.545454545455;139;100;119.384615384615;127;134.5;124.227272727273;139.090909090909;99.8823529411765
19.09.06;148;145.5;129;143;137;144.4;161;137;99;118.230769230769;128.888888888889;134.307692307692;125.363636363636;140;101.764705882353
20.09.06;148.333333333333;147.25;130;143.4;137;145.6;161;135;98;117.076923076923;130.777777777778;134.115384615385;126.5;140.909090909091;103.647058823529
21.09.06;148.666666666667;149;131;143.8;137;146.8;161;133;97;115.923076923077;132.666666666667;133.923076923077;127.636363636364;141.818181818182;105.529411764706
22.09.06;149;150;129.6;144.2;137;148;161;130.333333333333;96;114.769230769231;134.555555555556;133.730769230769;128.772727272727;142.727272727273;107.411764705882
23.09.06;147.5;151;128.2;144.6;137;149.2;161;127.666666666667;95;113.615384615385;136.444444444444;133.538461538462;129.909090909091;143.636363636364;109.294117647059
24.09.06;146;152;126.8;145;137;150.4;161;125;94;112.461538461539;138.333333333333;133.346153846154;131.045454545455;144.545454545455;111.176470588235
25.09.06;145;147.25;125.4;146;137;151.6;161;128.6;93;111.307692307692;140.222222222222;133.153846153846;132.181818181818;145.454545454545;113.058823529412
26.09.06;144;142.5;124;147;137;152.8;161;132.2;92;110.153846153846;142.111111111111;132.961538461538;133.318181818182;146.363636363636;114.941176470588
27.09.06;144.4;137.75;122.6;148;137;154;161;135.8;95.9285714285714;109;144;132.769230769231;134.454545454546;147.272727272727;116.823529411765
28.09.06;144.8;133;121.2;149;137.8;155.2;161;139.4;99.8571428571429;112.166666666667;143.538461538462;132.576923076923;135.590909090909;148.181818181818;118.705882352941
29.09.06;145.2;132.25;119.8;150;138.6;156.4;161;143;103.785714285714;115.333333333333;143.076923076923;132.384615384615;136.727272727273;149.090909090909;120.588235294118
30.09.06;145.6;131.5;118.4;150.5;139.4;157.6;161;146.6;107.714285714286;118.5;142.615384615385;132.192307692308;137.863636363636;150;122.470588235294
01.10.06;146;130.75;117;151;140.2;158.8;161;150.2;111.642857142857;121.666666666667;142.153846153846;132;139;145;124.352941176471
02.10.06;145.5;130;118.090909090909;151.5;141;160;161;153.8;115.571428571429;124.833333333333;141.692307692308;133;139.714285714286;140;126.235294117647
03.10.06;145;129;119.181818181818;152;141.8;161.2;161;157.4;119.5;128;141.230769230769;134;140.428571428572;135;128.117647058824
04.10.06;144;128;120.272727272727;146.5;142.6;162.4;161;161;123.428571428571;128.642857142857;140.769230769231;135;141.142857142857;130;130
05.10.06;143;127;121.363636363636;141;143.4;163.6;161;161;127.357142857143;129.285714285714;140.307692307692;136;141.857142857143;125;128.857142857143
06.10.06;142;134;122.454545454545;141.666666666667;144.2;164.8;161;161;131.285714285714;129.928571428571;139.846153846154;137;142.571428571429;120;127.714285714286
07.10.06;141;141;123.545454545455;142.333333333333;145;166;161;161;135.214285714286;130.571428571429;139.384615384615;138;143.285714285714;115;126.571428571429
08.10.06;141.666666666667;148;124.636363636364;143;145.8;166.25;161;161;139.142857142857;131.214285714286;138.923076923077;139;144;114.8;125.428571428571
09.10.06;142.333333333333;150.25;125.727272727273;143.666666666667;146.6;166.5;160.551724137931;161;143.071428571429;131.857142857143;138.461538461538;140;140.714285714286;114.6;124.285714285714
10.10.06;143;152.5;126.818181818182;144.333333333333;147.4;166.75;160.103448275862;161;147;132.5;138;141;137.428571428571;114.4;123.142857142857
11.10.06;145;154.75;127.909090909091;145;148.2;167;159.655172413793;161;145.652173913043;133.142857142857;137.466666666667;140.142857142857;134.142857142857;114.2;122
12.10.06;147;157;129;145.666666666667;149;167.25;159.206896551724;161;144.304347826087;133.785714285714;136.933333333333;139.285714285714;130.857142857143;114;123.357142857143
13.10.06;149;154.666666666667;127.7;146.333333333333;149.666666666667;167.5;158.758620689655;161;142.95652173913;134.428571428571;136.4;138.428571428571;127.571428571429;113.8;124.714285714286
14.10.06;149;152.333333333333;126.4;147;150.333333333333;167.75;158.310344827586;161.571428571429;141.608695652174;135.071428571429;135.866666666667;137.571428571429;124.285714285714;113.6;126.071428571429
15.10.06;149;150;125.1;147.666666666667;151;168;157.862068965517;162.142857142857;140.260869565217;135.714285714286;135.333333333333;136.714285714286;121;113.4;127.428571428571
16.10.06;149;148.5;123.8;148.333333333333;151.666666666667;168.25;157.413793103448;162.714285714286;138.913043478261;136.357142857143;134.8;135.857142857143;123.285714285714;113.2;128.785714285714
17.10.06;149;147;122.5;149;152.333333333333;168.5;156.965517241379;163.285714285714;137.565217391304;137;134.266666666667;135;125.571428571429;113;130.142857142857
18.10.06;149;145.5;121.2;149.666666666667;153;168.75;156.51724137931;163.857142857143;136.217391304348;139.428571428571;133.733333333333;134.571428571429;127.857142857143;112.8;131.5
19.10.06;149;144;119.9;150.333333333333;151.818181818182;169;156.068965517241;164.428571428571;134.869565217391;141.857142857143;133.2;134.142857142857;130.142857142857;112.6;132.857142857143
20.10.06;149;146.5;118.6;151;150.636363636364;169.25;155.620689655172;165;133.521739130435;144.285714285714;132.666666666667;133.714285714286;132.428571428571;112.4;134.214285714286
21.10.06;149;149;117.3;151.153846153846;149.454545454545;169.5;155.172413793103;165;132.173913043478;146.714285714286;132.133333333333;133.285714285714;134.714285714286;112.2;135.571428571429
22.10.06;147.333333333333;151.5;116;151.307692307692;148.272727272727;169.75;154.724137931034;165;130.826086956522;149.142857142857;131.6;132.857142857143;137;112;136.928571428571
23.10.06;145.666666666667;154;117.166666666667;151.461538461538;147.090909090909;170;154.275862068966;165;129.478260869565;151.571428571429;131.066666666667;132.428571428571;135.833333333333;111.8;138.285714285714
24.10.06;144;155.666666666667;118.333333333333;151.615384615385;145.909090909091;170.25;153.827586206897;165;128.130434782609;154;130.533333333333;132;134.666666666667;111.6;139.642857142857
25.10.06;144;157.333333333333;119.5;151.769230769231;144.727272727273;170.5;153.379310344828;165;126.782608695652;149.666666666667;130;129.285714285714;133.5;111.4;141
26.10.06;144;159;120.666666666667;151.923076923077;143.545454545455;170.75;152.931034482759;165;125.434782608696;145.333333333333;128.125;126.571428571429;132.333333333333;111.2;138.571428571429
27.10.06;144;155;121.833333333333;152.076923076923;142.363636363636;171;152.48275862069;163.333333333333;124.086956521739;141;126.25;123.857142857143;131.166666666667;111;136.142857142857
28.10.06;144;151;123;152.230769230769;141.181818181818;171.25;152.034482758621;161.666666666667;122.739130434783;141;124.375;121.142857142857;130;111.733333333333;133.714285714286
29.10.06;144;147;124.166666666667;152.384615384615;140;171.5;151.586206896552;160;121.391304347826;141;122.5;118.428571428571;131.625;112.466666666667;131.285714285714
30.10.06;144;143;125.333333333333;152.538461538462;140;171.75;151.137931034483;159.214285714286;120.04347826087;141;120.625;115.714285714286;133.25;113.2;128.857142857143
31.10.06;147;136.666666666667;126.5;152.692307692308;140;172;150.689655172414;158.428571428571;118.695652173913;141;118.75;113;134.875;113.933333333333;126.428571428571
01.11.06;150;130.333333333333;127.666666666667;152.846153846154;140;170.28;150.241379310345;157.642857142857;117.347826086957;141;116.875;114.428571428571;136.5;114.666666666667;124
02.11.06;150.8;124;128.833333333333;153;140;168.56;149.793103448276;156.857142857143;116;141;115;115.857142857143;138.125;115.4;123.733333333333
03.11.06;151.6;128.333333333333;130;155;140;166.84;149.344827586207;156.071428571429;114.642857142857;141;114.666666666667;117.285714285714;139.75;116.133333333333;123.466666666667
04.11.06;152.4;132.666666666667;130.166666666667;157;140;165.12;148.896551724138;155.285714285714;113.285714285714;141;114.333333333333;118.714285714286;141.375;116.866666666667;123.2
05.11.06;153.2;137;130.333333333333;159;140;163.4;148.448275862069;154.5;111.928571428571;141;114;120.142857142857;143;117.6;122.933333333333
06.11.06;154;135;130.5;161;140;161.68;148;153.714285714286;110.571428571429;141;113.666666666667;121.571428571429;141.571428571429;118.333333333333;122.666666666667
07.11.06;153.75;133;130.666666666667;163;136.333333333333;159.96;141;152.928571428571;109.214285714286;135;113.333333333333;123;140.142857142857;119.066666666667;122.4
08.11.06;153.5;131;130.833333333333;158.833333333333;132.666666666667;158.24;134;152.142857142857;107.857142857143;129;113;123.4;138.714285714286;119.8;122.133333333333
09.11.06;153.25;129;131;154.666666666667;129;156.52;127;151.357142857143;106.5;123;115.714285714286;123.8;137.285714285714;120.533333333333;121.866666666667
10.11.06;153;127.428571428571;131.166666666667;150.5;125.333333333333;154.8;120;150.571428571429;105.142857142857;117;118.428571428571;124.2;135.857142857143;121.266666666667;121.6
11.11.06;152.333333333333;125.857142857143;131.333333333333;146.333333333333;121.666666666667;153.08;113;149.785714285714;103.785714285714;111;121.142857142857;124.6;134.428571428571;122;121.333333333333
12.11.06;151.666666666667;124.285714285714;131.5;142.166666666667;118;151.36;115.2;149;102.428571428571;105;123.857142857143;125;133;123.333333333333;121.066666666667
13.11.06;151;122.714285714286;131.666666666667;138;112.142857142857;149.64;117.4;151.2;101.071428571429;99;126.571428571429;130.714285714286;125;124.666666666667;120.8
14.11.06;148.75;121.142857142857;131.833333333333;141.666666666667;106.285714285714;147.92;119.6;153.4;99.7142857142857;93;129.285714285714;136.428571428571;117;126;120.533333333333
15.11.06;146.5;119.571428571429;132;145.333333333333;100.428571428571;146.2;121.8;155.6;98.3571428571428;87;132;142.142857142857;109;127.333333333333;120.266666666667
16.11.06;144.25;118;130.727272727273;149;94.5714285714286;144.48;124;157.8;97;91.8571428571429;131.272727272727;147.857142857143;101;128.666666666667;120
17.11.06;142;115;129.454545454545;152.666666666667;88.7142857142857;142.76;126.2;160;97;96.7142857142857;130.545454545455;153.571428571429;93;130;114.625
18.11.06;142.75;112;128.181818181818;156.333333333333;82.8571428571428;141.04;128.4;156.3;97;101.571428571429;129.818181818182;159.285714285714;85;127.875;109.25
19.11.06;143.5;109;126.909090909091;160;77;139.32;130.6;152.6;97;106.428571428571;129.090909090909;165;77;125.75;103.875
20.11.06;144.25;106;125.636363636364;158.5;80.625;137.6;132.8;148.9;97;111.285714285714;128.363636363636;161.625;75;123.625;98.5
21.11.06;145;103;124.363636363636;157;84.25;135.88;135;145.2;97;116.142857142857;127.636363636364;158.25;73;121.5;93.125
22.11.06;146.9;100;123.090909090909;155.5;87.875;134.16;137.2;141.5;97;121;126.909090909091;154.875;71;119.375;87.75
23.11.06;145.8;97;121.818181818182;154;91.5;132.44;139.4;137.8;99.125;120.25;126.181818181818;151.5;69;117.25;82.375
24.11.06;144.7;94;120.545454545455;152.5;95.125;130.72;141.6;134.1;101.25;119.5;125.454545454545;148.125;67;115.125;77
25.11.06;143.6;91;119.272727272727;151;98.75;129;143.8;130.4;103.375;118.75;124.727272727273;144.75;65;113;77.5
26.11.06;142.5;88;118;150.6;102.375;129;146;126.7;105.5;118;124;141.375;63;105.4;78
27.11.06;141.4;85;118;150.2;106;129;147;123;107.625;117.25;124;138;61.5;97.8;78.5
28.11.06;140.3;82;118;149.8;106;129;148;125.666666666667;109.75;116.5;124;130.333333333333;60;90.2;79
29.11.06;139.2;79;118;149.4;106;129;149;128.333333333333;111.875;115.75;124;122.666666666667;58.5;82.6;79.5
30.11.06;138.1;76;118;149;106;129;150;131;114;115;124;115;57;75;80