01.12.05;91.3571428571429;;;96;132;198;190;169;175;175.5;183;163;179;163;160
02.12.05;91.5714285714286;;;95.8333333333333;132.75;197.916666666667;189.5;169.25;175;176;183.333333333333;162.75;180;163;160.4
03.12.05;91.7857142857143;114;107.5;95.6666666666667;133.5;197.833333333333;189;169.5;175.076923076923;176.272727272727;183.666666666667;162.5;181;163;160.8
04.12.05;92;111.833333333333;107.545454545455;95.5;134.25;197.75;188.5;169.75;175.153846153846;176.545454545455;184;162.25;182;162.833333333333;161.2
05.12.05;92.0833333333333;109.666666666667;107.590909090909;95.3333333333333;135;197.666666666667;188;170;175.230769230769;176.818181818182;184.333333333333;162;183;162.666666666667;161.6
06.12.05;92.1666666666667;107.5;107.636363636364;95.1666666666667;134.882352941176;197.583333333333;188;170.166666666667;175.307692307692;177.090909090909;184.666666666667;162.125;182.846153846154;162.5;162
07.12.05;92.25;105.333333333333;107.681818181818;95;134.764705882353;197.5;188;170.333333333333;175.384615384615;177.363636363636;185;162.25;182.692307692308;162.333333333333;162.222222222222
08.12.05;92.3333333333333;103.166666666667;107.727272727273;96;134.647058823529;197.416666666667;188;170.5;175.461538461538;177.636363636364;185.5;162.375;182.538461538462;162.166666666667;162.444444444444
09.12.05;92.4166666666667;101;107.772727272727;96.5;134.529411764706;197.333333333333;188;170.666666666667;175.538461538462;177.909090909091;186;162.5;182.384615384615;162;162.666666666667
10.12.05;92.5;101;107.818181818182;97;134.411764705882;197.25;188;170.833333333333;175.615384615385;178.181818181818;186.5;162.625;182.230769230769;162;162.888888888889
11.12.05;92.6428571428572;101;107.863636363636;97.5;134.294117647059;197.166666666667;188;171;175.692307692308;178.454545454545;187;162.75;182.076923076923;162;163.111111111111
12.12.05;92.7857142857143;101;107.909090909091;98;134.176470588235;197.083333333333;188;171;175.769230769231;178.727272727273;187.5;162.875;181.923076923077;162;163.333333333333
13.12.05;92.9285714285714;101;107.954545454545;98.5;134.058823529412;197;188;171;175.846153846154;179;188;163;181.769230769231;162;163.555555555556
14.12.05;93.0714285714286;101;108;99;133.941176470588;195;188.076923076923;171;175.923076923077;179.125;188.5;162.857142857143;181.615384615385;162;163.777777777778
15.12.05;93.2142857142857;101;108.071428571429;99.5;133.823529411765;193;188.153846153846;171;176;179.25;188.4375;162.714285714286;181.461538461538;162;164
16.12.05;93.3571428571429;100.8;108.142857142857;100;133.705882352941;192.666666666667;188.230769230769;171;176.375;179.375;188.375;162.571428571429;181.307692307692;162;164.5
17.12.05;93.5;100.6;108.214285714286;100.666666666667;133.588235294118;192.333333333333;188.307692307692;171;176.75;179.5;188.3125;162.428571428571;181.153846153846;162;165
18.12.05;93.6428571428572;100.4;108.285714285714;101.333333333333;133.470588235294;192;188.384615384615;171.178571428571;177.125;179.625;188.25;162.285714285714;181;162.090909090909;165.5
19.12.05;93.7857142857143;100.2;108.357142857143;102;133.352941176471;191.666666666667;188.461538461538;171.357142857143;177.5;179.75;188.1875;162.142857142857;181.571428571429;162.181818181818;166
20.12.05;93.9285714285714;100;108.428571428571;102.666666666667;133.235294117647;191.333333333333;188.538461538462;171.535714285714;177.875;179.875;188.125;162;182.142857142857;162.272727272727;166.5
21.12.05;94.0714285714286;99.8;108.5;103.333333333333;133.117647058824;191;188.615384615385;171.714285714286;178.25;180;188.0625;161.857142857143;182.714285714286;162.363636363636;167
22.12.05;94.2142857142857;99.6;108.571428571429;104;133;190.666666666667;188.692307692308;171.892857142857;178.625;180.181818181818;188;161.714285714286;183.285714285714;162.454545454545;167.5
23.12.05;94.3571428571429;99.4;108.642857142857;104.2;133.230769230769;190.333333333333;188.769230769231;172.071428571429;179;180.363636363636;188;161.571428571429;183.857142857143;162.545454545455;168
24.12.05;94.5;99.2;108.714285714286;104.4;133.461538461538;190;188.846153846154;172.25;179;180.545454545455;188;161.428571428571;184.428571428571;162.636363636364;168.5
25.12.05;94.4;99;108.785714285714;104.6;133.692307692308;189.666666666667;188.923076923077;172.428571428571;179;180.727272727273;188;161.285714285714;185;162.727272727273;169
26.12.05;94.3;98.8;108.857142857143;104.8;133.923076923077;189.333333333333;189;172.607142857143;179;180.909090909091;188;161.142857142857;184.733333333333;162.818181818182;169.5
27.12.05;94.2;98.6;108.928571428571;105;134.153846153846;189;188.928571428571;172.785714285714;179;181.090909090909;188;161;184.466666666667;162.909090909091;170
28.12.05;94.1;98.4;109;105.2;134.384615384615;188.666666666667;188.857142857143;172.964285714286;179;181.272727272727;188;161.071428571429;184.2;163;170.034482758621
29.12.05;94;98.2;108.941176470588;105.4;134.615384615385;188.333333333333;188.785714285714;173.142857142857;179;181.454545454545;188;161.142857142857;183.933333333333;163.222222222222;170.068965517241
30.12.05;93.8461538461539;98;108.882352941176;105.6;134.846153846154;188;188.714285714286;173.321428571429;179;181.636363636364;188;161.214285714286;183.666666666667;163.444444444444;170.103448275862
31.12.05;93.6923076923077;97.9166666666667;108.823529411765;105.8;135.076923076923;187.666666666667;188.642857142857;173.5;179;181.818181818182;188;161.285714285714;183.4;163.666666666667;170.137931034483
01.01.06;93.5384615384616;97.8333333333333;108.764705882353;106;135.307692307692;187.333333333333;188.571428571429;173.678571428571;179;182;188;161.357142857143;183.133333333333;163.888888888889;170.172413793103
02.01.06;93.3846153846154;97.75;108.705882352941;106.2;135.538461538462;187;188.5;173.857142857143;179;182.181818181818;188;161.428571428571;182.866666666667;164.111111111111;170.206896551724
03.01.06;93.2307692307692;97.6666666666667;108.647058823529;106.4;135.769230769231;186.666666666667;188.428571428571;174.035714285714;179;182.363636363636;188;161.5;182.6;164.333333333333;170.241379310345
04.01.06;93.0769230769231;97.5833333333333;108.588235294118;106.6;136;186.333333333333;188.357142857143;174.214285714286;179;182.545454545455;188;161.571428571429;182.333333333333;164.555555555556;170.275862068966
05.01.06;92.9230769230769;97.5;108.529411764706;106.8;136.230769230769;186;188.285714285714;174.392857142857;179;182.727272727273;188;161.642857142857;182.066666666667;164.777777777778;170.310344827586
06.01.06;92.7692307692308;97.4166666666667;108.470588235294;107;136.461538461538;185.666666666667;188.214285714286;174.571428571429;179;182.909090909091;188;161.714285714286;181.8;165;170.344827586207
07.01.06;92.6153846153846;97.3333333333333;108.411764705882;107.2;136.692307692308;185.333333333333;188.142857142857;174.75;179;183.090909090909;188;161.785714285714;181.533333333333;165.222222222222;170.379310344828
08.01.06;92.4615384615385;97.25;108.352941176471;107.4;136.923076923077;185;188.071428571429;174.928571428571;179;183.272727272727;188;161.857142857143;181.266666666667;165.444444444444;170.413793103448
09.01.06;92.3076923076923;97.1666666666667;108.294117647059;107.6;137.153846153846;184.666666666667;188;175.107142857143;179;183.454545454545;188;161.928571428571;181;165.666666666667;170.448275862069
10.01.06;92.1538461538462;97.0833333333333;108.235294117647;107.8;137.384615384615;184.333333333333;187.875;175.285714285714;179;183.636363636364;187.934782608696;162;181.083333333333;165.888888888889;170.48275862069
11.01.06;92;97;108.176470588235;108;137.615384615385;184;187.75;175.464285714286;179;183.818181818182;187.869565217391;162.214285714286;181.166666666667;166.111111111111;170.51724137931
12.01.06;92.3333333333333;97.2;108.117647058824;109.25;137.846153846154;184;187.625;175.642857142857;179;184;187.804347826087;162.428571428571;181.25;166.333333333333;170.551724137931
13.01.06;92.6666666666667;97.4;108.058823529412;110.5;138.076923076923;184;187.5;175.821428571429;179;184.076923076923;187.739130434783;162.642857142857;181.333333333333;166.555555555556;170.586206896552
14.01.06;93;97.6;108;111.75;138.307692307692;184;187.375;176;178.888888888889;184.153846153846;187.673913043478;162.857142857143;181.416666666667;166.777777777778;170.620689655172
15.01.06;93.1428571428572;97.8;107.923076923077;113;138.538461538462;184;187.25;176;178.777777777778;184.230769230769;187.608695652174;163.071428571429;181.5;167;170.655172413793
16.01.06;93.2857142857143;98;107.846153846154;114.25;138.769230769231;184;187.125;176;178.666666666667;184.307692307692;187.54347826087;163.285714285714;181.857142857143;167.038461538462;170.689655172414
17.01.06;93.4285714285714;98;107.769230769231;115.5;139;184;187;176;178.555555555556;184.384615384615;187.478260869565;163.5;182.214285714286;167.076923076923;170.724137931034
18.01.06;93.5714285714286;98;107.692307692308;116.75;139.068965517241;184;187;176;178.444444444444;184.461538461538;187.413043478261;163.714285714286;182.571428571429;167.115384615385;170.758620689655
19.01.06;93.7142857142857;98;107.615384615385;118;139.137931034483;184;187;176;178.333333333333;184.538461538462;187.347826086957;163.928571428571;182.928571428571;167.153846153846;170.793103448276
20.01.06;93.8571428571429;98;107.538461538462;118.055555555556;139.206896551724;184;187;176;178.222222222222;184.615384615385;187.282608695652;164.142857142857;183.285714285714;167.192307692308;170.827586206897
21.01.06;94;98;107.461538461538;118.111111111111;139.275862068966;184;187;176;178.111111111111;184.692307692308;187.217391304348;164.357142857143;183.642857142857;167.230769230769;170.862068965517
22.01.06;94.25;98;107.384615384615;118.166666666667;139.344827586207;184;187;176;178;184.769230769231;187.152173913043;164.571428571429;184;167.269230769231;170.896551724138
23.01.06;94.5;98;107.307692307692;118.222222222222;139.413793103448;184;187;176.159090909091;178.153846153846;184.846153846154;187.086956521739;164.785714285714;184;167.307692307692;170.931034482759
24.01.06;94.75;98.1;107.230769230769;118.277777777778;139.48275862069;184;186.818181818182;176.318181818182;178.307692307692;184.923076923077;187.021739130435;165;184;167.346153846154;170.965517241379
25.01.06;95;98.2;107.153846153846;118.333333333333;139.551724137931;184;186.636363636364;176.477272727273;178.461538461538;185;186.95652173913;165.083333333333;184;167.384615384615;171
26.01.06;95.2;98.3;107.076923076923;118.388888888889;139.620689655172;184;186.454545454545;176.636363636364;178.615384615385;184.857142857143;186.891304347826;165.166666666667;184;167.423076923077;171.173913043478
27.01.06;95.4;98.4;107;118.444444444444;139.689655172414;184;186.272727272727;176.795454545455;178.769230769231;184.714285714286;186.826086956522;165.25;184;167.461538461538;171.347826086957
28.01.06;95.6;98.5;106.923076923077;118.5;139.758620689655;184;186.090909090909;176.954545454545;178.923076923077;184.571428571429;186.760869565217;165.333333333333;184;167.5;171.521739130435
29.01.06;95.8;98.6;106.846153846154;118.555555555556;139.827586206897;184;185.909090909091;177.113636363636;179.076923076923;184.428571428571;186.695652173913;165.416666666667;184;167.8125;171.695652173913
30.01.06;96;98.7;106.769230769231;118.611111111111;139.896551724138;184;185.727272727273;177.272727272727;179.230769230769;184.285714285714;186.630434782609;165.5;184;168.125;171.869565217391
31.01.06;96.2;98.8;106.692307692308;118.666666666667;139.965517241379;184;185.545454545455;177.431818181818;179.384615384615;184.142857142857;186.565217391304;165.583333333333;184.083333333333;168.4375;172.04347826087
01.02.06;96.4;98.9;106.615384615385;118.722222222222;140.034482758621;184;185.363636363636;177.590909090909;179.538461538462;184;186.5;165.666666666667;184.166666666667;168.75;172.217391304348
02.02.06;96.6;99;106.538461538462;118.777777777778;140.103448275862;184;185.181818181818;177.75;179.692307692308;183.857142857143;186.545454545455;165.75;184.25;169.0625;172.391304347826
03.02.06;96.8;99;106.461538461538;118.833333333333;140.172413793103;184;185;177.909090909091;179.846153846154;183.714285714286;186.590909090909;165.833333333333;184.333333333333;169.375;172.565217391304
04.02.06;97;99;106.384615384615;118.888888888889;140.241379310345;184;185.1;178.068181818182;180;183.571428571429;186.636363636364;165.916666666667;184.416666666667;169.6875;172.739130434783
05.02.06;97.3333333333333;99;106.307692307692;118.944444444444;140.310344827586;184;185.2;178.227272727273;180.153846153846;183.428571428571;186.681818181818;166;184.5;170;172.913043478261
06.02.06;97.6666666666667;99;106.230769230769;119;140.379310344828;184;185.3;178.386363636364;180.307692307692;183.285714285714;186.727272727273;166.111111111111;184.5;170.454545454545;173.086956521739
07.02.06;98;99;106.153846153846;119.055555555556;140.448275862069;184;185.4;178.545454545455;180.461538461538;183.142857142857;186.772727272727;166.222222222222;184.5;170.909090909091;173.260869565217
08.02.06;98.3333333333333;99;106.076923076923;119.111111111111;140.51724137931;184;185.5;178.704545454545;180.615384615385;183;186.818181818182;166.333333333333;184.5;171.363636363636;173.434782608696
09.02.06;98.6666666666667;99;106;119.166666666667;140.586206896552;184;185.6;178.863636363636;180.769230769231;183.153846153846;186.863636363636;166.444444444444;184.5;171.818181818182;173.608695652174
10.02.06;99;99;105.941176470588;119.222222222222;140.655172413793;184;185.7;179.022727272727;180.923076923077;183.307692307692;186.909090909091;166.555555555556;184.5;172.272727272727;173.782608695652
11.02.06;99.1666666666667;99;105.882352941176;119.277777777778;140.724137931034;184;185.8;179.181818181818;181.076923076923;183.461538461538;186.954545454545;166.666666666667;184.5;172.727272727273;173.95652173913
12.02.06;99.3333333333333;99;105.823529411765;119.333333333333;140.793103448276;184;185.9;179.340909090909;181.230769230769;183.615384615385;187;166.777777777778;184.5;173.181818181818;174.130434782609
13.02.06;99.5;99;105.764705882353;119.388888888889;140.862068965517;184;186;179.5;181.384615384615;183.769230769231;187.045454545455;166.888888888889;184.571428571429;173.636363636364;174.304347826087
14.02.06;99.6666666666667;99;105.705882352941;119.444444444444;140.931034482759;184;186;179.583333333333;181.538461538462;183.923076923077;187.090909090909;167;184.642857142857;174.090909090909;174.478260869565
15.02.06;99.8333333333333;99.2;105.647058823529;119.5;141;184;186;179.666666666667;181.692307692308;184.076923076923;187.136363636364;167.25;184.714285714286;174.545454545455;174.652173913043
16.02.06;100;99.4;105.588235294118;119.555555555556;140.962962962963;184;186;179.75;181.846153846154;184.230769230769;187.181818181818;167.5;184.785714285714;175;174.826086956522
17.02.06;100.333333333333;99.6;105.529411764706;119.611111111111;140.925925925926;184;186;179.833333333333;182;184.384615384615;187.227272727273;167.75;184.857142857143;175;175
18.02.06;100.666666666667;99.8;105.470588235294;119.666666666667;140.888888888889;184;186;179.916666666667;182.068181818182;184.538461538462;187.272727272727;168;184.928571428571;175;175.25
19.02.06;101;100;105.411764705882;119.722222222222;140.851851851852;184;186;180;182.136363636364;184.692307692308;187.318181818182;168.25;185;175;175.5
20.02.06;101.333333333333;100;105.352941176471;119.777777777778;140.814814814815;184;186;180.214285714286;182.204545454545;184.846153846154;187.363636363636;168.5;185;175;175.75
21.02.06;101.666666666667;100;105.294117647059;119.833333333333;140.777777777778;184;186;180.428571428571;182.272727272727;185;187.409090909091;168.75;185;175;176
22.02.06;102;100;105.235294117647;119.888888888889;140.740740740741;184;186;180.642857142857;182.340909090909;185.111111111111;187.454545454545;169;185;175;176.25
23.02.06;103;100;105.176470588235;119.944444444444;140.703703703704;184;186;180.857142857143;182.409090909091;185.222222222222;187.5;169.25;185;175;176.5
24.02.06;104;100;105.117647058824;120;140.666666666667;184;186;181.071428571429;182.477272727273;185.333333333333;187.545454545455;169.5;185;175;176.75
25.02.06;105;100;105.058823529412;120.117647058824;140.62962962963;184;186;181.285714285714;182.545454545455;185.444444444444;187.590909090909;169.75;185;175;177
26.02.06;106;100;105;120.235294117647;140.592592592593;184;186;181.5;182.613636363636;185.555555555556;187.636363636364;170;185;175;177.4
27.02.06;107;100;104.941176470588;120.352941176471;140.555555555556;184;185.833333333333;181.714285714286;182.681818181818;185.666666666667;187.681818181818;170.307692307692;185;175;177.8
28.02.06;108;100;104.882352941176;120.470588235294;140.518518518519;184;185.666666666667;181.928571428571;182.75;185.777777777778;187.727272727273;170.615384615385;185.166666666667;175;178.2
01.03.06;110.5;100;104.823529411765;120.588235294118;140.481481481482;184;185.5;182.142857142857;182.818181818182;185.888888888889;187.772727272727;170.923076923077;185.333333333333;175;178.6
02.03.06;111.75;100;104.764705882353;120.705882352941;140.444444444444;184;185.333333333333;182.357142857143;182.886363636364;186;187.818181818182;171.230769230769;185.5;175;179
03.03.06;113;100;104.705882352941;120.823529411765;140.407407407407;184;185.166666666667;182.571428571429;182.954545454545;186.714285714286;187.863636363636;171.538461538462;185.666666666667;175.266666666667;178.444444444444
04.03.06;113;100;104.647058823529;120.941176470588;140.37037037037;184;185;182.785714285714;183.022727272727;187.428571428571;187.909090909091;171.846153846154;185.833333333333;175.533333333333;177.888888888889
05.03.06;113;100;104.588235294118;121.058823529412;140.333333333333;184;185;183;183.090909090909;188.142857142857;187.954545454545;172.153846153846;186;175.8;177.333333333333
06.03.06;113;100;104.529411764706;121.176470588235;140.296296296296;184;185;183.285714285714;183.159090909091;188.857142857143;188;172.461538461538;186.5;176.066666666667;176.777777777778
07.03.06;113;100;104.470588235294;121.294117647059;140.259259259259;184;185;183.571428571429;183.227272727273;189.571428571429;187.84375;172.769230769231;187;176.333333333333;176.222222222222
08.03.06;113;100;104.411764705882;121.411764705882;140.222222222222;184;185;183.857142857143;183.295454545455;190.285714285714;187.6875;173.076923076923;187.5;176.6;175.666666666667
09.03.06;113;100.25;104.352941176471;121.529411764706;140.185185185185;184;185;184.142857142857;183.363636363636;191;187.53125;173.384615384615;188;176.866666666667;175.111111111111
10.03.06;111;100.5;104.294117647059;121.647058823529;140.148148148148;184;185;184.428571428571;183.431818181818;191.714285714286;187.375;173.692307692308;188.5;177.133333333333;174.555555555556
11.03.06;109;100.75;104.235294117647;121.764705882353;140.111111111111;184;185;184.714285714286;183.5;192.428571428571;187.21875;174;189;177.4;174
12.03.06;107;101;104.176470588235;121.882352941176;140.074074074074;184;185;185;183.5;193.142857142857;187.0625;174.3;195.285714285714;177.666666666667;173.916666666667
13.03.06;105;100.875;104.117647058824;122;140.037037037037;184;185.4;185.2;183.5;193.857142857143;186.90625;174.6;201.571428571429;177.933333333333;173.833333333333
14.03.06;105.75;100.75;104.058823529412;122.117647058824;140;184;185.8;185.4;183.5;194.571428571429;186.75;174.9;207.857142857143;178.2;173.75
15.03.06;106.5;100.625;104;122.235294117647;140.47619047619;184;186.2;185.6;183.5;195.285714285714;186.59375;175.2;214.142857142857;178.466666666667;173.666666666667
16.03.06;107.25;100.5;104;122.352941176471;140.952380952381;184;186.6;185.8;183.5;196;186.4375;175.5;220.428571428571;178.733333333333;173.583333333333
17.03.06;108;100.375;104;122.470588235294;141.428571428571;184;187;186;183.5;194;186.28125;175.8;226.714285714286;179;173.5
18.03.06;108.6;100.25;104;122.588235294118;141.904761904762;184;186.75;186.833333333333;183.5;192;186.125;176.1;233;179.142857142857;173.416666666667
19.03.06;109.2;100.125;104;122.705882352941;142.380952380952;184;186.5;187.666666666667;183.541666666667;190;185.96875;176.4;238.4;179.285714285714;173.333333333333
20.03.06;109.8;100;104;122.823529411765;142.857142857143;184;186.25;188.5;183.583333333333;188;185.8125;176.7;243.8;179.428571428571;173.25
21.03.06;110.4;100.714285714286;104;122.941176470588;143.333333333333;184;186;189.333333333333;183.625;186;185.65625;177;249.2;179.571428571429;173.166666666667
22.03.06;111;101.428571428571;104;123.058823529412;143.809523809524;184.083333333333;186.333333333333;190.166666666667;183.666666666667;184;185.5;177.5;254.6;179.714285714286;173.083333333333
23.03.06;111.8;102.142857142857;104;123.176470588235;144.285714285714;184.166666666667;186.666666666667;191;183.708333333333;184;185.5;178;260;179.857142857143;173
24.03.06;112.6;102.857142857143;104;123.294117647059;144.761904761905;184.25;187;189.571428571429;183.75;184;185.5;178.5;256.142857142857;180;173.25
25.03.06;113.4;103.571428571429;104;123.411764705882;145.238095238095;184.333333333333;187.333333333333;188.142857142857;183.791666666667;184;185.5;179;252.285714285714;181.0625;173.5
26.03.06;114.2;104.285714285714;104;123.529411764706;145.714285714286;184.416666666667;187.666666666667;186.714285714286;183.833333333333;184;185.5;179.5;248.428571428571;182.125;173.75
27.03.06;115;105;104;123.647058823529;146.190476190476;184.5;188;185.285714285714;183.875;184;185.5;180;244.571428571429;183.1875;174
28.03.06;126.5;105.714285714286;104;123.764705882353;146.666666666667;184.583333333333;190;183.857142857143;183.916666666667;184;185.5;180.125;240.714285714286;184.25;174.25
29.03.06;138;106.428571428571;104;123.882352941176;147.142857142857;184.666666666667;192;182.428571428571;183.958333333333;184.111111111111;185.846153846154;180.25;236.857142857143;185.3125;174.5
30.03.06;149.5;107.142857142857;105.5;124;147.619047619048;184.75;194;181;184;184.222222222222;186.192307692308;180.375;233;186.375;174.75
31.03.06;161;107.857142857143;107;124.222222222222;148.095238095238;184.833333333333;196;180.5;184.25;184.333333333333;186.538461538462;180.5;228.111111111111;187.4375;175
01.04.06;155.666666666667;108.571428571429;108.5;124.444444444444;148.571428571429;184.916666666667;198;180;184.5;184.444444444444;186.884615384615;180.625;223.222222222222;188.5;175.5
02.04.06;150.333333333333;109.285714285714;110;124.666666666667;149.047619047619;185;200;180;184.75;184.555555555556;187.230769230769;180.75;218.333333333333;189.5625;176
03.04.06;145;110;113.666666666667;124.888888888889;149.52380952381;185.166666666667;197;180.4;185;184.666666666667;187.576923076923;180.875;213.444444444444;190.625;176.5
04.04.06;154;111.25;117.333333333333;125.111111111111;150;185.333333333333;194;180.8;184.75;184.777777777778;187.923076923077;181;208.555555555556;191.6875;177
05.04.06;154.333333333333;112.5;121;125.333333333333;149.615384615385;185.5;190.25;181.2;184.5;184.888888888889;188.269230769231;181.5;203.666666666667;192.75;177.5
06.04.06;154.666666666667;113.75;128.333333333333;125.555555555556;149.230769230769;185.333333333333;186.5;181.6;184.25;185;188.615384615385;182;198.777777777778;193.8125;178
07.04.06;155;115;135.666666666667;125.777777777778;148.846153846154;185.166666666667;182.75;182;184;185.25;188.961538461538;182.5;193.888888888889;194.875;178.5
08.04.06;157;115.166666666667;143;126;148.461538461538;185;179;183;195;185.5;189.307692307692;183;189;195.9375;179
09.04.06;159;115.333333333333;155;129;148.076923076923;185.5;178.666666666667;184;206;185.75;189.653846153846;183.5;188.571428571429;197;184.571428571429
10.04.06;161;115.5;149;132;147.692307692308;186;178.333333333333;184;217;186;190;184;188.142857142857;194.25;190.142857142857
11.04.06;166;115.666666666667;143;135;147.307692307692;189.8;178;184.333333333333;228;187.333333333333;198;184.2;187.714285714286;191.5;195.714285714286
12.04.06;171;115.833333333333;137;135.333333333333;146.923076923077;193.6;177.666666666667;184.666666666667;253.666666666667;188.666666666667;206;184.4;187.285714285714;188.75;201.285714285714
13.04.06;176;116;129;135.666666666667;146.538461538462;197.4;177.333333333333;185;279.333333333333;190;214;184.6;186.857142857143;186;206.857142857143
14.04.06;181;117;121;136;146.153846153846;201.2;177;185;305;206.75;222;184.8;186.428571428571;195.5;212.428571428571
15.04.06;199;117.5;120.5;136.5;145.769230769231;205;177.333333333333;185;321;223.5;230;185;186;205;218
16.04.06;201.5;118;121;137;145.384615384615;227.75;177.666666666667;185;370.75;240.25;238;184;186.125;221.428571428571;224.4
17.04.06;204;118.5;121.1;137.5;145;250.5;178;195;420.5;257;251.5;183;186.25;237.857142857143;230.8
18.04.06;203.5;119;121.2;138;212;270.5;177.75;205;436.666666666667;277;265;183;186.375;254.285714285714;237.2
19.04.06;194.333333333333;119.5;121.3;155;279;292.4;177.5;215;452.833333333333;297;279;183;186.5;270.714285714286;243.6
20.04.06;185.166666666667;120;121.4;172;284;314.3;177.25;225;469;317;293;184.5;186.625;287.142857142857;250
21.04.06;176;119;121.5;186;337.75;336.2;177;235;473;337;307;186;186.75;303.571428571428;256.5
22.04.06;161.333333333333;119;121.6;198;391.5;358.1;178.75;250;477;347;321;185.5;186.875;320;263
23.04.06;146.666666666667;134;121.7;217.333333333333;445.25;380;180.5;265;474.2;357;335;185;187;334.25;273
24.04.06;132;116;121.8;236.666666666667;499;431.5;182.25;283;471.4;347;351;184;187;348.5;268.5
25.04.06;126.333333333333;116;121.9;256;498;483;184;300.5;468.6;333;358;183.892857142857;187;362.75;264
26.04.06;120.666666666667;116;122;269;477;496;184.333333333333;318;465.8;315.5;365;183.785714285714;187;377;255
27.04.06;115;116;122.25;286;456;480;184.666666666667;325;463;298;362.5;183.678571428571;187;370;241.5
28.04.06;108.666666666667;120;122.5;301;435;464;185;330;441.375;290.4;360;183.571428571429;187;363;228
29.04.06;102.333333333333;128;123.25;314;414;448;184.142857142857;330;419.75;282.8;348.6;183.464285714286;187;351.5;214.5
30.04.06;96;136;124;319;393;431.333333333333;183.285714285714;324.5;398.125;275.2;337.2;183.357142857143;187.142857142857;340;201
01.05.06;96;147.666666666667;123.75;329;372;414.666666666667;182.428571428571;319;376.5;267.6;325.8;183.25;187.285714285714;329.545454545455;198.166666666667
02.05.06;96;159.333333333333;123.5;329;351;398;181.571428571429;313.5;354.875;260;314.4;183.142857142857;187.428571428571;319.090909090909;195.333333333333
03.05.06;96;171;123.25;324;324;376;180.714285714286;308;333.25;270.666666666667;303;183.035714285714;187.571428571429;308.636363636364;192.5
04.05.06;96.3333333333333;167.363636363636;123;318;297;354;179.857142857143;302.5;311.625;281.333333333333;289.714285714286;182.928571428571;187.714285714286;298.181818181818;189.666666666667
05.05.06;96.6666666666667;163.727272727273;122.571428571429;311;273;332;179;297;290;292;276.428571428571;182.821428571429;187.857142857143;287.727272727273;186.833333333333
06.05.06;97;160.090909090909;122.142857142857;299;238.5;310;179;287;270.4;284.857142857143;263.142857142857;182.714285714286;188;277.272727272727;184
07.05.06;96.75;156.454545454545;121.714285714286;284.5;204;294.714285714286;179;277;250.8;277.714285714286;249.857142857143;182.607142857143;187.75;266.818181818182;184
08.05.06;96.5;152.818181818182;121.285714285714;270;192.8;279.428571428571;179;267;231.2;270.571428571429;236.571428571429;182.5;187.5;256.363636363636;184
09.05.06;96.25;149.181818181818;120.857142857143;255.5;181.6;264.142857142857;178.875;252.25;211.6;263.428571428571;223.285714285714;182.2;187.25;245.909090909091;184
10.05.06;96;145.545454545455;120.428571428571;241;170.4;248.857142857143;178.75;237.5;192;256.285714285714;210;181.9;187;235.454545454545;184
11.05.06;98.6666666666667;141.909090909091;120;224;159.2;233.571428571429;178.625;222.75;191;249.142857142857;205.833333333333;181.6;186.75;225;184
12.05.06;101.333333333333;138.272727272727;120.5;211.5;148;218.285714285714;178.5;208;190;242;201.666666666666;181.3;186.5;222.333333333333;184
13.05.06;104;134.636363636364;121;199;147;203;178.5;198.75;189.857142857143;231.8;197.499999999999;181;186.25;219.666666666667;183.857142857143
14.05.06;104;131;121.5;185.666666666667;146;198.666666666667;178.5;189.5;189.714285714286;221.6;193.333333333332;180.5;186;217;183.714285714286
15.05.06;104;132;121.666666666667;172.333333333333;146.75;194.333333333333;177.8;188.6;189.571428571429;211.4;189.166666666666;180;185.714285714286;212;183.571428571429
16.05.06;104;132;121.833333333333;159;147.5;190;177.1;187.7;189.428571428571;201.2;184.999999999999;179.875;185.428571428571;207;183.428571428571
17.05.06;103.666666666667;132;122;153.75;148.25;189.714285714286;176.4;186.8;189.285714285714;191;184.642857142856;179.75;185.142857142857;202;183.285714285714
18.05.06;103.333333333333;132;122.166666666667;148.5;149;189.428571428571;175.7;185.9;189.142857142857;190.444444444444;184.285714285713;179.625;184.857142857143;197;183.142857142857
19.05.06;103;132;122.333333333333;148.2;149.1;189.142857142857;175;185;189;189.888888888889;183.92857142857;179.5;184.571428571429;192;183
20.05.06;104;132;122.5;147.9;149.2;188.857142857143;174.333333333333;184;188.636363636364;189.333333333333;183.571428571428;179.375;184.285714285714;187;183
21.05.06;105;132;122.142857142857;147.6;149.3;188.571428571429;173.666666666667;183;188.272727272727;188.777777777778;183.214285714285;179.25;184;186.428571428571;183
22.05.06;106;132;121.785714285714;147.3;149.4;188.285714285714;173;182.8;187.909090909091;188.222222222222;182.857142857142;179.125;184;185.857142857143;183
23.05.06;106.375;132.166666666667;121.428571428571;147;149.5;188;172.5;182.6;187.545454545455;187.666666666667;182.499999999999;179;184;185.285714285714;183
24.05.06;106.75;132.333333333333;121.071428571429;148;149.6;187.9375;172;182.4;187.181818181818;187.111111111111;182.142857142857;178.571428571429;184;184.714285714286;183
25.05.06;107.125;132.5;120.714285714286;149;149.7;187.875;171.5;182.2;186.818181818182;186.555555555556;181.785714285714;178.142857142857;184;184.142857142857;183
26.05.06;107.5;121.25;120.357142857143;150;149.8;187.8125;171;182;186.454545454545;186;181.428571428571;177.714285714286;184;183.571428571429;182.857142857143
27.05.06;107.333333333333;110;120;150.25;149.9;187.75;171;181;186.090909090909;186.25;181.071428571428;177.285714285714;184;183;182.714285714286
28.05.06;107.166666666667;109.5;119.75;150.5;150;187.6875;171;180;185.727272727273;186.5;180.714285714286;176.857142857143;184;182.428571428571;182.571428571429
29.05.06;107;109;119.5;150.75;149.875;187.625;171;181;185.363636363636;186.75;180.357142857143;176.428571428571;183.857142857143;181.857142857143;182.428571428571
30.05.06;107.75;108.666666666667;119.25;151;149.75;187.5625;171;182;185;187;180;176;183.714285714286;181.285714285714;182.285714285714
31.05.06;108.5;108.333333333333;119;150.75;149.625;187.5;170.666666666667;183;184.666666666667;186;179.875;175.571428571429;183.571428571429;180.714285714286;182.142857142857
01.06.06;109.25;108;118.333333333333;150.5;149.5;186.625;170.333333333333;184;184.333333333333;185;179.75;175.142857142857;183.428571428571;180.142857142857;182
02.06.06;110;107.833333333333;117.666666666667;150.25;149.375;185.75;170;185;184;185;179.625;174.714285714286;183.285714285714;179.571428571429;181.714285714286
03.06.06;109.5;107.666666666667;117;150;149.25;184.875;169.666666666667;184;184;185;179.5;174.285714285714;183.142857142857;179;181.428571428571
04.06.06;109;107.5;116.666666666667;150.166666666667;149.125;184;169.333333333333;183;184;185;179.375;173.857142857143;183;178.6;181.142857142857
05.06.06;106;107.875;116.333333333333;150.333333333333;149;184;169;182;184;185;179.25;173.428571428571;182.857142857143;178.2;180.857142857143
06.06.06;103;108.25;116;150.5;148.5;184;169;181;184;185;179.125;173;182.714285714286;177.8;180.571428571429
07.06.06;100;108.625;115.666666666667;150.666666666667;148;184;169;180;184;185;179;172.285714285714;182.571428571429;177.4;180.285714285714
08.06.06;100;109;115.333333333333;150.833333333333;147.5;184.375;169;179;184;185;178.875;171.571428571429;182.428571428571;177;180
09.06.06;100;108.333333333333;115;151;147;184.75;169;178.666666666667;184;185;178.75;170.857142857143;182.285714285714;176.625;179.75
10.06.06;100;107.666666666667;114.285714285714;150.875;146.333333333333;185.125;169;178.333333333333;184;185;178.625;170.142857142857;182.142857142857;176.25;179.5
11.06.06;100;107;113.571428571429;150.75;145.666666666667;185.5;169;178;183.571428571429;185;178.5;169.428571428571;182;175.875;179.25
12.06.06;100;107.25;112.857142857143;150.625;145;185.875;169;177.75;183.142857142857;185;178.375;168.714285714286;181.857142857143;175.5;179
13.06.06;100;107.5;112.142857142857;150.5;144.333333333333;186.25;169;177.5;182.714285714286;185;178.25;168;181.714285714286;175.125;178.75
14.06.06;100;107.75;111.428571428571;150.375;143.666666666667;186.625;169;177.25;182.285714285714;186;178.125;167.5;181.571428571429;174.75;178.5
15.06.06;100;108;110.714285714286;150.25;143;187;169;177;181.857142857143;186.5;178;167;181.428571428571;174.375;178.25
16.06.06;100;107.75;110;150.125;143;187.3;169;177.333333333333;181.428571428571;187;177.666666666667;166.5;181.285714285714;174;178
17.06.06;100.5;107.5;109.142857142857;150;143;187.6;168.333333333333;177.666666666667;181;186.333333333333;177.333333333333;166;181.142857142857;173.5;177.75
18.06.06;101;107.5;108.285714285714;150;143;187.9;167.666666666667;178;180.7;185.666666666667;177;165.5;181;173;177.5
19.06.06;102;107.5;107.428571428571;150;143;188.2;167;177.75;180.4;185;176.666666666667;165;180.428571428571;172.5;177.25
20.06.06;103;107.666666666667;106.571428571429;150;143;188.5;167.25;177.5;180.1;185.5;176.333333333333;164.25;179.857142857143;172;177
21.06.06;103.333333333333;107.833333333333;105.714285714286;150;143;189.8;167.5;177.25;179.8;186;176;163.5;179.285714285714;171.5;176.75
22.06.06;103.666666666667;108;104.857142857143;150.333333333333;143;191.1;167.75;177;179.5;186.5;175.666666666667;162.75;178.714285714286;171;176.5
23.06.06;104;108.25;104;150.666666666667;143;192.4;168;176.333333333333;180.75;187;175.333333333333;162;178.142857142857;170.5;176.25
24.06.06;104;108.5;102.833333333333;151;143;193.7;167.666666666667;175.666666666667;182;185.5;175;161.25;177.571428571429;170;176
25.06.06;104;108.5;101.666666666667;150.9;145;195;167.333333333333;175;181.75;184;174.666666666667;160.5;177;169.714285714286;175
26.06.06;104;108.5;100.5;150.8;145;194.333333333333;167;174.928571428571;181.5;183.6;174.333333333333;159.75;176.75;169.428571428571;174
27.06.06;104;108.333333333333;99.3333333333333;150.7;145;193.666666666667;168.25;174.857142857143;181.25;183.2;174;159;176.5;169.142857142857;173
28.06.06;103.333333333333;108.166666666667;98.1666666666667;150.6;145;193;169.5;174.785714285714;181;182.8;174;159.142857142857;176.25;168.857142857143;172
29.06.06;102.666666666667;108;97;150.5;145;192;170.75;174.714285714286;180.75;182.4;174;159.285714285714;176;168.571428571429;171
30.06.06;102;107.666666666667;96.1304347826087;150.4;144.25;191;172;174.642857142857;180.5;182;174;159.428571428571;175.75;168.285714285714;170
01.07.06;102;107.333333333333;95.2608695652174;150.3;143.5;190;171.333333333333;174.571428571429;180.25;183;174;159.571428571429;175.5;168;169.714285714286
02.07.06;102;107;94.3913043478261;150.2;142.75;189;170.666666666667;174.5;180;184;174;159.714285714286;175.25;167.571428571429;169.428571428571
03.07.06;102;106.5;93.5217391304348;150.1;142;188;170;175.2;179.75;185;174;159.857142857143;175;167.142857142857;169.142857142857
04.07.06;102;106;92.6521739130435;150;142;187;169.25;175.9;179.5;186.375;174;160;175.333333333333;166.714285714286;168.857142857143
05.07.06;101.833333333333;105.5;91.7826086956522;150.5;142;186;168.5;176.6;179.25;187.75;173.714285714286;160.142857142857;175.666666666667;166.285714285714;168.571428571429
06.07.06;101.666666666667;105;90.9130434782609;151;142;185.75;167.75;177.3;179;189.125;173.428571428571;160.285714285714;176;165.857142857143;168.285714285714
07.07.06;101.5;104.5;90.0434782608696;150.571428571429;141.25;185.5;167;178;178.678571428571;190.5;173.142857142857;160.428571428571;176.333333333333;165.428571428571;168
08.07.06;101;104;89.1739130434783;150.142857142857;140.5;185.25;166.25;179.833333333333;178.357142857143;190;172.857142857143;160.571428571429;176.666666666667;165;167.4
09.07.06;100.5;103.5;88.304347826087;149.714285714286;139.75;185;165.5;181.666666666667;178.035714285714;189.5;172.571428571429;160.714285714286;177;164.428571428571;166.8
10.07.06;100.25;103;87.4347826086957;149.285714285714;139;184.75;164.75;183.5;177.714285714286;189;172.285714285714;160.857142857143;177;163.857142857143;166.2
11.07.06;100;102.333333333333;86.5652173913043;148.857142857143;139.066666666667;184.5;164;183;177.392857142857;189;172;161;177;163.285714285714;165.6
12.07.06;99.6666666666667;101.666666666667;85.6956521739131;148.428571428571;139.133333333333;184;163;182.5;177.071428571429;189;172.2;160.285714285714;177;162.714285714286;165
13.07.06;99.3333333333333;101;84.8260869565218;148;139.2;183.5;162;182;176.75;189;172.4;159.571428571429;177;162.142857142857;164.875
14.07.06;99;100.333333333333;83.9565217391304;147.625;139.266666666667;183;161;181.5;176.428571428571;189;172.6;158.857142857143;177;161.571428571429;164.75
15.07.06;98.5;99.6666666666667;83.0869565217391;147.25;139.333333333333;182.5;160.5;181;176.107142857143;189.285714285714;172.8;158.142857142857;177.444444444444;161;164.625
16.07.06;98;99;82.2173913043478;146.875;139.4;182;160;180.5;175.785714285714;189.571428571429;173;157.428571428571;177.888888888889;160.833333333333;164.5
17.07.06;97.5;98;81.3478260869565;146.5;139.466666666667;181.5;159.5;180;175.464285714286;189.857142857143;172.625;156.714285714286;178.333333333333;160.666666666667;164.375
18.07.06;97;97;80.4782608695652;146.125;139.533333333333;181;159;179.666666666667;175.142857142857;190.142857142857;172.25;156;178.777777777778;160.5;164.25
19.07.06;95.6666666666667;96;79.6086956521739;145.75;139.6;180.928571428571;158.714285714286;179.333333333333;174.821428571429;190.428571428571;171.875;155.833333333333;179.222222222222;160.333333333333;164.125
20.07.06;94.3333333333333;95;78.7391304347826;145.375;139.666666666667;180.857142857143;158.428571428571;179;174.5;190.714285714286;171.5;155.666666666667;179.666666666667;160.166666666667;164
21.07.06;93;95;77.8695652173913;145;139.733333333333;180.785714285714;158.142857142857;179;177;191;171.125;155.5;180.111111111111;160;163.428571428571
22.07.06;92.25;95;77;144;139.8;180.714285714286;157.857142857143;179;179.5;192;170.75;155.333333333333;180.555555555556;160;162.857142857143
23.07.06;91.5;95;76.125;143;139.866666666667;180.642857142857;157.571428571429;178.8;178.875;193;170.375;155.166666666667;181;159.285714285714;162.285714285714
24.07.06;90.75;95;75.25;142;139.933333333333;180.571428571429;157.285714285714;178.6;178.25;194;170;155;180.5;158.571428571429;161.714285714286
25.07.06;90;94.3333333333333;74.375;141;140;180.5;157;178.4;177.625;193.25;169.4375;154.285714285714;180;157.857142857143;161.142857142857
26.07.06;89.6666666666667;93.6666666666667;73.5;140;140;180.9375;155.666666666667;178.2;177;192.5;168.875;153.571428571429;179.5;157.142857142857;160.571428571429
27.07.06;89.3333333333333;93;73.75;139;140;181.375;154.333333333333;178;176.5;191.75;168.3125;152.857142857143;179;156.428571428571;160
28.07.06;89;92.5;74;139;139.285714285714;181.8125;153;178.333333333333;175.416666666667;191;167.75;152.142857142857;178.5;155.714285714286;159.714285714286
29.07.06;88.5;92;73.5555555555556;138.6;138.571428571429;182.25;153;178.666666666667;174.333333333333;191;167.1875;151.428571428571;178;155;159.428571428571
30.07.06;88;91.5;73.1111111111111;138.2;137.857142857143;182.6875;153;179;173.25;191;166.625;150.714285714286;178.125;154.714285714286;159.142857142857
31.07.06;87.5;91;72.6666666666667;137.8;137.142857142857;183.125;153;178.6;172.166666666667;191;166.0625;150;178.25;154.428571428571;158.857142857143
01.08.06;87;90.3333333333333;72.2222222222222;137.4;136.428571428571;183.5625;153;178.2;171.083333333333;191;165.5;150;178.375;154.142857142857;158.571428571429
02.08.06;87;89.6666666666667;71.7777777777778;137;135.714285714286;184;152.333333333333;177.8;170;191;164.9375;150;178.5;153.857142857143;158.285714285714
03.08.06;87;89;71.3333333333333;136.214285714286;135;183.428571428571;151.666666666667;177.4;169.75;190.833333333333;164.375;150;178.625;153.571428571429;158
04.08.06;87;88.25;70.8888888888889;135.428571428571;134.333333333333;182.857142857143;151;177;169.5;190.666666666667;163.8125;150;178.75;153.285714285714;157.714285714286
05.08.06;89.5;87.5;70.4444444444444;134.642857142857;133.666666666667;182.285714285714;151;176.5;169.25;190.5;163.25;150;178.875;153;157.428571428571
06.08.06;92;86.75;70;133.857142857143;133;181.714285714286;151;176;169;190.333333333333;162.6875;150;179;152.642857142857;157.142857142857
07.08.06;93;86;69.25;133.071428571429;132.375;181.142857142857;151;175.75;168.75;190.166666666667;162.125;150;178.5;152.285714285714;156.857142857143
08.08.06;94;85.3333333333333;68.5;132.285714285714;131.75;180.571428571429;151;175.5;168.5;190;161.5625;150;178;151.928571428571;156.571428571429
09.08.06;93.6666666666667;84.6666666666667;67.75;131.5;131.125;180;150.666666666667;175.25;168.25;189.666666666667;161;150;177.5;151.571428571429;156.285714285714
10.08.06;93.3333333333333;84;67;130.714285714286;130.5;180;150.333333333333;175;168;189.333333333333;160.714285714286;151.2;177;151.214285714286;156
11.08.06;93;83.25;66.6666666666667;129.928571428571;130.666666666667;180;150;174.75;167.642857142857;189;160.428571428571;152.4;176.5;150.857142857143;155.25
12.08.06;93;82.5;66.3333333333333;129.142857142857;130.833333333333;180;150;174.5;167.285714285714;188.714285714286;160.142857142857;153.6;176;150.5;154.5
13.08.06;93;81.75;66;128.357142857143;131;180;150;174.25;166.928571428571;188.428571428571;159.857142857143;154.8;175.8;150.142857142857;153.75
14.08.06;92.5;81;65.6666666666667;127.571428571429;131.458333333333;179.733333333333;150;174;166.571428571429;188.142857142857;159.571428571429;156;175.6;149.785714285714;153
15.08.06;92;81;65.3333333333333;126.785714285714;131.916666666667;179.466666666667;150;173.8;166.214285714286;187.857142857143;159.285714285714;157.2;175.4;149.428571428571;152.25
16.08.06;91.3333333333333;81;65;126;132.375;179.2;150.666666666667;173.6;165.857142857143;187.571428571429;159;158.4;175.2;149.071428571429;151.5
17.08.06;90.6666666666667;81;65;125;132.833333333333;178.933333333333;151.333333333333;173.4;165.5;187.285714285714;158.714285714286;159.6;175;148.714285714286;150.75
18.08.06;90;81;65;124;133.291666666667;178.666666666667;152;173.2;167.25;187;158.428571428571;160.8;174.666666666667;148.357142857143;150
19.08.06;89;81;65.2;123;133.75;178.4;151.428571428571;173;169;186.6;158.142857142857;162;174.333333333333;148;149.583333333333
20.08.06;88;82.5;65.4;122.5;134.208333333333;178.133333333333;150.857142857143;172.611111111111;168.538461538462;186.2;157.857142857143;161.666666666667;174;147.571428571429;149.166666666667
21.08.06;88;84;65.6;122;134.666666666667;177.866666666667;150.285714285714;172.222222222222;168.076923076923;185.8;157.571428571429;161.333333333333;173.666666666667;147.142857142857;148.75
22.08.06;88;87;65.8;121.5;135.125;177.6;149.714285714286;171.833333333333;167.615384615385;185.4;157.285714285714;161;173.333333333333;146.714285714286;148.333333333333
23.08.06;89;90;66;121;135.583333333333;177.333333333333;149.142857142857;171.444444444444;167.153846153846;185;157;160.875;173;146.285714285714;147.916666666667
24.08.06;90;93;66.1428571428571;120.5;136.041666666667;177.066666666667;148.571428571429;171.055555555556;166.692307692308;184;156.285714285714;160.75;172.666666666667;145.857142857143;147.5
25.08.06;91;93.25;66.2857142857143;120;136.5;176.8;148;170.666666666667;166.230769230769;183;155.571428571429;160.625;172.333333333333;145.428571428571;147.083333333333
26.08.06;92;93.5;66.4285714285714;119.5;136.958333333333;176.533333333333;147.75;170.277777777778;165.769230769231;182.857142857143;154.857142857143;160.5;172;145;146.666666666667
27.08.06;93;93.75;66.5714285714286;119;137.416666666667;176.266666666667;147.5;169.888888888889;165.307692307692;182.714285714286;154.142857142857;160.375;171.785714285714;144.666666666667;146.25
28.08.06;94;94;66.7142857142857;118.5;137.875;176;147.25;169.5;164.846153846154;182.571428571429;153.428571428571;160.25;171.571428571429;144.333333333333;145.833333333333
29.08.06;94.3333333333333;93.3333333333333;66.8571428571429;118;138.333333333333;176.714285714286;147;169.5;164.384615384615;182.428571428571;152.714285714286;160.125;171.357142857143;144;145.416666666667
30.08.06;94.6666666666667;92.6666666666667;67;117.666666666667;138.791666666667;177.428571428571;147.1;169.5;163.923076923077;182.285714285714;152;160;171.142857142857;143.666666666667;145
31.08.06;95;92;66.5;117.333333333333;139.25;178.142857142857;147.2;169.5;163.461538461538;182.142857142857;151.789473684211;159.4;170.928571428571;143.333333333333;144.857142857143
01.09.06;95.3333333333333;91.25;66;117;139.708333333333;178.857142857143;147.3;169.5;163;182;151.578947368421;158.8;170.714285714286;143;144.714285714286
02.09.06;95.6666666666667;90.5;66.2222222222222;117.6;140.166666666667;179.571428571429;147.4;169.5;163.285714285714;182.1;151.368421052632;158.2;170.5;143.285714285714;144.571428571429
03.09.06;96;89.75;66.4444444444444;118.2;140.625;180.285714285714;147.5;170;163.571428571429;182.2;151.157894736842;157.6;170.285714285714;143.571428571429;144.428571428571
04.09.06;98;89;66.6666666666667;118.8;141.083333333333;181;147.75;170.5;163.857142857143;182.3;150.947368421053;157;170.071428571429;143.857142857143;144.285714285714
05.09.06;100;88.25;66.8888888888889;119.4;141.541666666667;182;148;171;164.142857142857;182.4;150.736842105263;156.892857142857;169.857142857143;144.142857142857;144.142857142857
06.09.06;99.6666666666667;87.5;67.1111111111111;120;142;183;147.666666666667;171.5;164.428571428571;182.5;150.526315789474;156.785714285714;169.642857142857;144.428571428571;144
07.09.06;99.3333333333333;86.75;67.3333333333333;120.875;142.125;184;147.333333333333;172;164.714285714286;182.6;150.315789473684;156.678571428571;169.428571428571;144.714285714286;144.090909090909
08.09.06;99;86;67.5555555555556;121.75;142.25;185;147;171.666666666667;165;182.7;150.105263157895;156.571428571429;169.214285714286;145;144.181818181818
09.09.06;97;85.3333333333333;67.7777777777778;122.625;142.375;186;146.857142857143;171.333333333333;165.305555555556;182.8;149.894736842105;156.464285714286;169;144.954545454545;144.272727272727
10.09.06;95;84.6666666666667;68;123.5;142.5;187;146.714285714286;171;165.611111111111;182.9;149.684210526316;156.357142857143;168.923076923077;144.909090909091;144.363636363636
11.09.06;96;84;68.2;124.375;142.625;188;146.571428571429;170.666666666667;165.916666666667;183;149.473684210526;156.25;168.846153846154;144.863636363636;144.454545454545
12.09.06;97;83.3333333333333;68.4;125.25;142.75;189;146.428571428571;170.333333333333;166.222222222222;182.666666666667;149.263157894737;156.142857142857;168.769230769231;144.818181818182;144.545454545455
13.09.06;98;82.6666666666667;68.6;126.125;142.875;189.132653061225;146.285714285714;170;166.527777777778;182.333333333333;149.052631578947;156.035714285714;168.692307692308;144.772727272727;144.636363636364
14.09.06;99;82;68.8;127;143;189.265306122449;146.142857142857;169.666666666667;166.833333333333;182;148.842105263158;155.928571428571;168.615384615385;144.727272727273;144.727272727273
15.09.06;100;81.6666666666667;69;126.4;143;189.397959183673;146;169.333333333333;167.138888888889;181.615384615385;148.631578947368;155.821428571429;168.538461538462;144.681818181818;144.818181818182
16.09.06;96;81.3333333333333;69.1666666666667;125.8;143;189.530612244898;145.875;169;167.444444444444;181.230769230769;148.421052631579;155.714285714286;168.461538461538;144.636363636364;144.909090909091
17.09.06;92;81;69.3333333333333;125.2;143;189.663265306122;145.75;168.6;167.75;180.846153846154;148.210526315789;155.607142857143;168.384615384615;144.590909090909;145
18.09.06;91;80.75;69.5;124.6;143;189.795918367347;145.625;168.2;168.055555555556;180.461538461538;148;155.5;168.307692307692;144.545454545455;145.411764705882
19.09.06;90;80.5;69.6666666666667;124;143;189.928571428571;145.5;167.8;168.361111111111;180.076923076923;148.181818181818;155.392857142857;168.230769230769;144.5;145.823529411765
20.09.06;88.3333333333333;80.25;69.8333333333333;124.2;143;190.061224489796;145.45;167.4;168.666666666667;179.692307692308;148.363636363636;155.285714285714;168.153846153846;144.454545454545;146.235294117647
21.09.06;86.6666666666667;80;70;124.4;143;190.19387755102;145.4;167;168.972222222222;179.307692307692;148.545454545455;155.178571428571;168.076923076923;144.409090909091;146.647058823529
22.09.06;85;79.8333333333333;70.5;124.6;143;190.326530612245;145.35;166.625;169.277777777778;178.923076923077;148.727272727273;155.071428571429;168;144.363636363636;147.058823529412
23.09.06;83.75;79.6666666666667;71;124.8;143;190.459183673469;145.3;166.25;169.583333333333;178.538461538462;148.909090909091;154.964285714286;167.666666666667;144.318181818182;147.470588235294
24.09.06;82.5;79.5;71.5;125;143;190.591836734694;145.25;165.875;169.888888888889;178.153846153846;149.090909090909;154.857142857143;167.333333333333;144.272727272727;147.882352941176
25.09.06;81.25;79.25;72;125.2;143;190.724489795918;145.2;165.5;170.194444444444;177.769230769231;149.272727272727;154.75;167;144.227272727273;148.294117647059
26.09.06;80;79;72.5;125.4;143;190.857142857143;145.15;165.5;170.5;177.384615384615;149.454545454545;154.642857142857;166.666666666667;144.181818181818;148.705882352941
27.09.06;83;78.75;73;125.6;143;190.989795918367;145.1;165.5;170.5625;177;149.636363636364;154.535714285714;166.333333333333;144.136363636364;149.117647058824
28.09.06;86;78.5;73.5;125.8;143.538461538462;191.122448979592;145.05;165.5;170.625;176.857142857143;149.818181818182;154.428571428571;166;144.090909090909;149.529411764706
29.09.06;89;78.75;74;126;144.076923076923;191.255102040816;145;165.5;170.6875;176.714285714286;150;154.321428571429;165.666666666667;144.045454545455;149.941176470588
30.09.06;92;79;74.5;126.25;144.615384615385;191.387755102041;145;165.5;170.75;176.571428571429;150.181818181818;154.214285714286;165.333333333333;144;150.352941176471
01.10.06;95;79.25;75;126.5;145.153846153846;191.520408163265;145;165.5;170.8125;176.428571428571;150.363636363636;154.107142857143;165;144;150.764705882353
02.10.06;95;79.5;75;126.75;145.692307692308;191.65306122449;145;165.375;170.875;176.285714285714;150.545454545455;154;164.857142857143;144;151.176470588235
03.10.06;95;79.6666666666667;75;127;146.230769230769;191.785714285714;145;165.25;170.9375;176.142857142857;150.727272727273;154.75;164.714285714286;144;151.588235294118
04.10.06;95;79.8333333333333;75;127;146.769230769231;191.918367346939;145;165.125;171;176;150.909090909091;155.5;164.571428571429;144;152
05.10.06;95;80;75;127;147.307692307692;192.051020408163;145;165;170.75;176.5;151.090909090909;156.25;164.428571428571;144;152.142857142857
06.10.06;95;80;75;127.133333333333;147.846153846154;192.183673469388;145;164.75;170.5;177;151.272727272727;157;164.285714285714;144;152.285714285714
07.10.06;95;80;75;127.266666666667;148.384615384615;192.316326530612;145;164.5;170.25;177.5;151.454545454545;157.75;164.142857142857;144;152.428571428571
08.10.06;95;80;75;127.4;148.923076923077;192.448979591837;145;164.25;170;178;151.636363636364;158.5;164;144.05;152.571428571429
09.10.06;95;81.125;75;127.533333333333;149.461538461538;192.581632653061;146.111111111111;164;169.75;178.5;151.818181818182;159.25;163.857142857143;144.1;152.714285714286
10.10.06;95;82.25;75;127.666666666667;150;192.714285714286;147.222222222222;164.25;169.5;179;152;160;163.714285714286;144.15;152.857142857143
11.10.06;94.5;83.375;75;127.8;149.5;192.84693877551;148.333333333333;164.5;169.666666666667;179.5;152.375;160.75;163.571428571429;144.2;153
12.10.06;94;84.5;75;127.933333333333;149;192.979591836735;149.444444444444;164.75;169.833333333333;180;152.75;161.5;163.428571428571;144.25;153.142857142857
13.10.06;93.5;85.6666666666667;75.1666666666667;128.066666666667;149;193.112244897959;150.555555555556;165;170;180.5;153.125;162.25;163.285714285714;144.3;153.285714285714
14.10.06;94.3125;86.8333333333333;75.3333333333333;128.2;149;193.244897959184;151.666666666667;164.928571428571;170;181;153.5;163;163.142857142857;144.35;153.428571428571
15.10.06;95.125;88;75.5;128.333333333333;149;193.377551020408;152.777777777778;164.857142857143;170;181.5;153.875;163.75;163;144.4;153.571428571429
16.10.06;95.9375;88.75;75.6666666666667;128.466666666667;149;193.510204081633;153.888888888889;164.785714285714;170;182;154.25;164.5;163.307692307692;144.45;153.714285714286
17.10.06;96.75;89.5;75.8333333333333;128.6;149;193.642857142857;155;164.714285714286;170;182.5;154.625;165.25;163.615384615385;144.5;153.857142857143
18.10.06;97.5625;90.25;76;128.733333333333;149;193.775510204082;155.4;164.642857142857;170;182.428571428571;155;166;163.923076923077;144.55;154
19.10.06;98.375;91;77;128.866666666667;149.181818181818;193.908163265306;155.8;164.571428571429;170;182.357142857143;155.375;166.75;164.230769230769;144.6;154.142857142857
20.10.06;99.1875;91.25;78;129;149.363636363636;194.040816326531;156.2;164.5;170;182.285714285714;155.75;167.5;164.538461538462;144.65;154.285714285714
21.10.06;100;91.5;79;129;149.545454545455;194.173469387755;156.6;164.5;170;182.214285714286;156.125;168.25;164.846153846154;144.7;154.428571428571
22.10.06;100;91.75;80;129;149.727272727273;194.30612244898;157;164.5;170;182.142857142857;156.5;169;165.153846153846;144.75;154.571428571429
23.10.06;100;92;80.2727272727273;129;149.909090909091;194.438775510204;157.4;164.875;170;182.071428571429;156.875;169.75;165.461538461538;144.8;154.714285714286
24.10.06;100;92.1666666666667;80.5454545454546;129;150.090909090909;194.571428571429;157.8;165.25;170;182;157.25;170.5;165.769230769231;144.85;154.857142857143
25.10.06;100;92.3333333333333;80.8181818181818;129;150.272727272727;194.704081632653;158.2;165.625;169.5;182.166666666667;157.625;171.25;166.076923076923;144.9;155
26.10.06;100;92.5;81.0909090909091;129;150.454545454545;194.836734693878;158.6;166;169;182.333333333333;158;172;166.384615384615;144.95;155.428571428571
27.10.06;100;93.375;81.3636363636364;129;150.636363636364;194.969387755102;159;167;169;182.5;158.166666666667;172.75;166.692307692308;145;155.857142857143
28.10.06;100;94.25;81.6363636363636;129;150.818181818182;195.102040816327;159.5;168;169;182.666666666667;158.333333333333;173.5;167;145.533333333333;156.285714285714
29.10.06;100;95.125;81.9090909090909;129;151;195.234693877551;160;169;169;182.833333333333;158.5;174.25;167;146.066666666667;156.714285714286
30.10.06;100;96;82.1818181818182;129;150.666666666667;195.367346938776;160.5;169.142857142857;169;183;158.666666666667;175;167;146.6;157.142857142857
31.10.06;100;96.6666666666667;82.4545454545455;129;150.333333333333;195.5;161;169.285714285714;169;184;158.833333333333;175.625;167;147.133333333333;157.571428571429
01.11.06;100;97.3333333333333;82.7272727272727;129;150;194.571428571429;161.166666666667;169.428571428571;169;185;159;176.25;167;147.666666666667;158
02.11.06;100.2;98;83;129;150.1;193.642857142857;161.333333333333;169.571428571429;169;184.714285714286;159.428571428571;176.875;167;148.2;158.2
03.11.06;100.4;98;83.6153846153846;128.8;150.2;192.714285714286;161.5;169.714285714286;169.857142857143;184.428571428571;159.857142857143;177.5;167;148.733333333333;158.4
04.11.06;100.6;98;84.2307692307692;128.6;150.3;191.785714285714;161.666666666667;169.857142857143;170.714285714286;184.142857142857;160.285714285714;178.125;167;149.266666666667;158.6
05.11.06;100.8;98;84.8461538461538;128.4;150.4;190.857142857143;161.833333333333;170;171.571428571429;183.857142857143;160.714285714286;178.75;167;149.8;158.8
06.11.06;101;98.125;85.4615384615385;128.2;150.5;189.928571428571;162;170;172.428571428571;183.571428571429;161.142857142857;179.375;166.857142857143;150.333333333333;159
07.11.06;101;98.25;86.0769230769231;128;150.666666666667;189;163;170;173.285714285714;183.285714285714;161.571428571429;180;166.714285714286;150.866666666667;159.2
08.11.06;101;98.375;86.6923076923077;128.166666666667;150.833333333333;189;164;170;174.142857142857;183;162;180;166.571428571429;151.4;159.4
09.11.06;101;98.5;87.3076923076923;128.333333333333;151;189;165;170;175;183.285714285714;161.857142857143;180;166.428571428571;151.933333333333;159.6
10.11.06;101;98.6666666666667;87.9230769230769;128.5;154;189;166;170;175.285714285714;183.571428571429;161.714285714286;180;166.285714285714;152.466666666667;159.8
11.11.06;101;98.8333333333333;88.5384615384615;128.666666666667;158;189;167;170;175.571428571429;183.857142857143;161.571428571429;180;166.142857142857;153;160
12.11.06;101;99;89.1538461538462;128.833333333333;162;189;167.1;170;175.857142857143;184.142857142857;161.428571428571;180;166;153.142857142857;160.2
13.11.06;101;99.25;89.7692307692308;129;162;189;167.2;170.357142857143;176.142857142857;184.428571428571;161.285714285714;180.071428571429;165.571428571429;153.285714285714;160.4
14.11.06;101.75;99.5;90.3846153846154;129;162;189;167.3;170.714285714286;176.428571428571;184.714285714286;161.142857142857;180.142857142857;165.142857142857;153.428571428571;160.6
15.11.06;102.5;99.75;91;129;162;189;167.4;171.071428571429;176.714285714286;185;161;180.214285714286;164.714285714286;153.571428571429;160.8
16.11.06;103.25;100;91.2857142857143;129;160.75;189;167.5;171.428571428571;177;185.142857142857;161.272727272727;180.285714285714;164.285714285714;153.714285714286;161
17.11.06;104;100.5;91.5714285714286;129;159.5;189;167.6;171.785714285714;176.857142857143;185.285714285714;161.545454545455;180.357142857143;163.857142857143;153.857142857143;161.5
18.11.06;104.5;101;91.8571428571429;129;158.25;189;167.7;172.142857142857;176.714285714286;185.428571428571;161.818181818182;180.428571428571;163.428571428571;154;162
19.11.06;105;101.5;92.1428571428571;129;157;189;167.8;172.5;176.571428571429;185.571428571429;162.090909090909;180.5;163;154.142857142857;162.5
20.11.06;105.5;102;92.4285714285714;129.166666666667;155.166666666667;189;167.9;172.857142857143;176.428571428571;185.714285714286;162.363636363636;180.1875;163;154.285714285714;163
21.11.06;106;102.5;92.7142857142857;129.333333333333;153.333333333333;189.142857142857;168;173.214285714286;176.285714285714;185.857142857143;162.636363636364;179.875;163;154.428571428571;163.5
22.11.06;109.5;103;93;129.5;151.5;189.285714285714;168.1;173.571428571429;176.142857142857;186;162.909090909091;179.5625;163;154.571428571429;164
23.11.06;110;103.5;93.75;129.666666666667;151.3;189.428571428571;168.2;173.928571428571;176;185.625;163.181818181818;179.25;163;154.714285714286;164.5
24.11.06;110.5;104;94.5;129.833333333333;151.1;189.571428571429;168.3;174.285714285714;175.857142857143;185.25;163.454545454545;178.9375;163;154.857142857143;165
25.11.06;111;104.5;95.25;130;150.9;189.714285714286;168.4;174.642857142857;175.714285714286;184.875;163.727272727273;178.625;163;155;165
26.11.06;111.5;105;96;130.4;150.7;189.857142857143;168.5;175;175.571428571429;184.5;164;178.3125;163;155.8;165
27.11.06;112;105.5;96;130.8;150.5;190;168.625;175;175.428571428571;184.125;163.75;178;163;156.6;165
28.11.06;112.5;106;96;131.2;150.666666666667;190;168.75;175;175.285714285714;183.75;163.5;178.5;163;157.4;165
29.11.06;113;106.5;96;131.6;150.833333333333;190;168.875;175;175.142857142857;183.375;163.25;179;163;158.2;165
30.11.06;113.5;107;96;132;151;190;169;175;175;183;163;179;163;159;165