01.12.05;6.76428571428572;;;7.1;6.7;6.4;6.3;6.2;6.6;6.1;6.21;6.68;6.2;6.47;6.68
02.12.05;6.74285714285714;;;7.09;6.685;6.375;6.3;6.22;6.6;6.1;6.21;6.68;6.1925;6.47;6.67571428571429
03.12.05;6.72142857142857;6.9;;7.08;6.67;6.35;6.3;6.24;6.6;6.11181818181818;6.21;6.68;6.185;6.47;6.67142857142857
04.12.05;6.7;6.86666666666667;;7.07;6.655;6.325;6.3;6.26;6.6;6.12363636363636;6.21;6.68;6.1775;6.47;6.66714285714286
05.12.05;6.63333333333333;6.83333333333333;;7.06;6.64;6.3;6.3;6.28;6.6;6.13545454545455;6.21;6.68;6.17;6.47;6.66285714285714
06.12.05;6.56666666666667;6.8;;7.05;6.64647058823529;6.275;6.3125;6.32;6.6;6.14727272727273;6.21;6.6725;6.17;6.47;6.65857142857143
07.12.05;6.5;6.76666666666667;6.52;7.04;6.65294117647059;6.25;6.325;6.36;6.6;6.15909090909091;6.21;6.665;6.17;6.47;6.65428571428571
08.12.05;6.43333333333333;6.73333333333333;6.528;7.02;6.65941176470588;6.225;6.3375;6.4;6.6;6.17090909090909;6.21;6.6575;6.17;6.47;6.65
09.12.05;6.36666666666667;6.7;6.536;7;6.66588235294118;6.2;6.35;6.44;6.6;6.18272727272727;6.21;6.65;6.17;6.47;6.64571428571429
10.12.05;6.3;6.6875;6.544;;6.67235294117647;6.175;6.3625;6.48;6.6;6.19454545454546;6.21;6.6425;6.17;6.47;6.64142857142857
11.12.05;6.30142857142857;6.675;6.552;;6.67882352941177;6.15;6.375;6.52;6.6;6.20636363636364;6.21;6.635;6.17;6.47;6.63714285714286
12.12.05;6.30285714285714;6.6625;6.56;;6.68529411764706;6.125;6.3875;6.50714285714286;6.6;6.21818181818182;6.21;6.6275;6.17;6.47;6.63285714285714
13.12.05;6.30428571428571;6.65;6.548125;;6.69176470588235;6.1;6.4;6.49428571428571;6.6;6.23;6.21;6.62;6.2;6.47;6.62857142857143
14.12.05;6.30571428571429;6.6375;6.53625;;6.69823529411765;6.1;6.4;6.48142857142857;6.6;6.22833333333333;6.21;6.62;6.23;6.47;6.62428571428571
15.12.05;6.30714285714286;6.625;6.524375;;6.70470588235294;6.1;6.4;6.46857142857143;6.6;6.22666666666667;6.21875;6.62;6.26;6.47;6.62
16.12.05;6.30857142857143;6.6125;6.5125;;6.71117647058824;6.1;6.4;6.45571428571429;6.58965517241379;6.225;6.2275;6.62;6.29;6.47;6.62333333333333
17.12.05;6.31;6.6;6.500625;;6.71764705882353;6.1;6.4;6.44285714285714;6.57931034482759;6.22333333333333;6.23625;6.62;6.32;6.47;6.62666666666667
18.12.05;6.31142857142857;6.5875;6.48875;;6.72411764705882;6.1;6.4;6.43;6.56896551724138;6.22166666666667;6.245;6.62;6.35;6.48181818181818;6.63
19.12.05;6.31285714285714;6.575;6.476875;;6.73058823529412;6.1;6.4;6.41714285714286;6.55862068965517;6.22;6.25375;6.62;6.31428571428571;6.49363636363636;6.63333333333333
20.12.05;6.31428571428571;6.5625;6.465;;6.73705882352941;6.1;6.4;6.40428571428572;6.54827586206897;6.21833333333333;6.2625;6.6275;6.27857142857143;6.50545454545455;6.63666666666667
21.12.05;6.31571428571429;6.55;6.453125;;6.74352941176471;6.1;6.4;6.39142857142857;6.53793103448276;6.21666666666667;6.27125;6.635;6.24285714285714;6.51727272727273;6.64
22.12.05;6.31714285714286;6.5375;6.44125;;6.75;6.1;6.4;6.37857142857143;6.52758620689655;6.215;6.28;6.6425;6.20714285714286;6.52909090909091;6.64590909090909
23.12.05;6.31857142857143;6.525;6.429375;;6.73461538461539;6.1;6.4;6.36571428571429;6.51724137931034;6.21333333333333;6.29333333333333;6.65;6.17142857142857;6.54090909090909;6.65181818181818
24.12.05;6.32;6.5125;6.4175;;6.71923076923077;6.1;6.4;6.35285714285714;6.50689655172414;6.21166666666667;6.30666666666667;6.6575;6.13571428571429;6.55272727272727;6.65772727272727
25.12.05;6.334;6.5;6.405625;;6.70384615384615;6.1;6.4;6.34;6.49655172413793;6.21;6.32;6.665;6.1;6.56454545454545;6.66363636363636
26.12.05;6.348;6.5;6.39375;;6.68846153846154;6.1;6.4;6.356;6.48620689655172;6.20833333333333;6.33333333333333;6.6725;6.11466666666667;6.57636363636364;6.66954545454545
27.12.05;6.362;6.5;6.381875;;6.67307692307692;6.1;6.4;6.372;6.47586206896552;6.20666666666667;6.34666666666667;6.68;6.12933333333333;6.58818181818182;6.67545454545455
28.12.05;6.376;6.5;6.37;;6.65769230769231;6.1;6.4;6.388;6.46551724137931;6.205;6.36;6.67428571428571;6.144;6.6;6.68136363636364
29.12.05;6.39;6.5;6.37428571428571;;6.64230769230769;6.1;6.4;6.404;6.4551724137931;6.20333333333333;6.34846153846154;6.66857142857143;6.15866666666667;6.58944444444444;6.68727272727273
30.12.05;6.41307692307692;6.5;6.37857142857143;;6.62692307692308;6.1;6.4;6.42;6.4448275862069;6.20166666666667;6.33692307692308;6.66285714285714;6.17333333333333;6.57888888888889;6.69318181818182
31.12.05;6.43615384615385;6.49583333333333;6.38285714285714;;6.61153846153846;6.1;6.4;6.41357142857143;6.43448275862069;6.2;6.32538461538462;6.65714285714286;6.188;6.56833333333333;6.69909090909091
01.01.06;6.45923076923077;6.49166666666667;6.38714285714286;;6.59615384615385;6.1;6.4;6.40714285714286;6.42413793103448;6.19833333333333;6.31384615384615;6.65142857142857;6.20266666666667;6.55777777777778;6.705
02.01.06;6.48230769230769;6.4875;6.39142857142857;;6.58076923076923;6.1;6.4;6.40071428571429;6.41379310344828;6.19666666666667;6.30230769230769;6.64571428571429;6.21733333333333;6.54722222222222;6.71090909090909
03.01.06;6.50538461538462;6.48333333333333;6.39571428571429;;6.56538461538462;6.1;6.4;6.39428571428571;6.40344827586207;6.195;6.29076923076923;6.64;6.232;6.53666666666667;6.71681818181818
04.01.06;6.52846153846154;6.47916666666667;6.4;;6.55;6.1;6.4;6.38785714285714;6.39310344827586;6.19333333333333;6.27923076923077;6.63428571428571;6.24666666666667;6.52611111111111;6.72272727272727
05.01.06;6.55153846153846;6.475;6.374;;6.53461538461538;6.1;6.4;6.38142857142857;6.38275862068966;6.19166666666667;6.26769230769231;6.62857142857143;6.26133333333333;6.51555555555556;6.72863636363636
06.01.06;6.57461538461538;6.47083333333333;6.348;;6.51923076923077;6.1;6.4;6.375;6.37241379310345;6.19;6.25615384615385;6.62285714285714;6.276;6.505;6.73454545454545
07.01.06;6.59769230769231;6.46666666666667;6.322;;6.50384615384615;6.1;6.4;6.36857142857143;6.36206896551724;6.18833333333333;6.24461538461538;6.61714285714286;6.29066666666667;6.49444444444444;6.74045454545455
08.01.06;6.62076923076923;6.4625;6.296;;6.48846153846154;6.1;6.4;6.36214285714286;6.35172413793103;6.18666666666667;6.23307692307692;6.61142857142857;6.30533333333333;6.48388888888889;6.74636363636364
09.01.06;6.64384615384615;6.45833333333333;6.27;;6.47307692307692;6.1;6.4;6.35571428571429;6.34137931034483;6.185;6.22153846153846;6.60571428571429;6.32;6.47333333333333;6.75227272727273
10.01.06;6.66692307692308;6.45416666666667;6.244;;6.45769230769231;6.1;6.4;6.34928571428571;6.33103448275862;6.18333333333333;6.21;6.6;6.32;6.46277777777778;6.75818181818182
11.01.06;6.69;6.45;6.218;;6.44230769230769;6.1;6.4;6.34285714285714;6.32068965517241;6.18166666666667;6.21;6.59571428571429;6.32;6.45222222222222;6.76409090909091
12.01.06;6.66333333333333;6.42;6.192;;6.42692307692308;6.09611111111111;6.4;6.33642857142857;6.31034482758621;6.18;6.21;6.59142857142857;6.32;6.44166666666667;6.77
13.01.06;6.63666666666667;6.39;6.166;;6.41153846153846;6.09222222222222;6.4;6.33;6.3;6.17259259259259;6.21;6.58714285714286;6.32;6.43111111111111;6.75538461538462
14.01.06;6.61;6.36;6.14;;6.39615384615385;6.08833333333333;6.4;6.32;6.23333333333333;6.16518518518519;6.21;6.58285714285714;6.32;6.42055555555556;6.74076923076923
15.01.06;6.58714285714286;6.33;6.14038461538462;;6.38076923076923;6.08444444444444;6.4;6.31;6.16666666666667;6.15777777777778;6.21;6.57857142857143;6.32;6.41;6.72615384615385
16.01.06;6.56428571428572;6.3;6.14076923076923;;6.36538461538462;6.08055555555556;6.4;6.3;6.1;6.15037037037037;6.21;6.57428571428571;6.32625;6.41538461538462;6.71153846153846
17.01.06;6.54142857142857;6.29142857142857;6.14115384615385;;6.35;6.07666666666667;6.4;6.29;6.03333333333333;6.14296296296296;6.21;6.57;6.3325;6.42076923076923;6.69692307692308
18.01.06;6.51857142857143;6.28285714285714;6.14153846153846;;6.34655172413793;6.07277777777778;6.39411764705882;6.28;5.96666666666667;6.13555555555556;6.21;6.56571428571429;6.33875;6.42615384615385;6.68230769230769
19.01.06;6.49571428571429;6.27428571428571;6.14192307692308;;6.34310344827586;6.06888888888889;6.38823529411765;6.27;5.9;6.12814814814815;6.21928571428571;6.56142857142857;6.345;6.43153846153846;6.66769230769231
20.01.06;6.47285714285714;6.26571428571429;6.14230769230769;;6.33965517241379;6.065;6.38235294117647;6.26;5.83333333333333;6.12074074074074;6.22857142857143;6.55714285714286;6.35125;6.43692307692308;6.65307692307692
21.01.06;6.45;6.25714285714286;6.14269230769231;;6.33620689655172;6.06111111111111;6.3764705882353;6.25;5.76666666666667;6.11333333333333;6.23785714285714;6.55285714285714;6.3575;6.44230769230769;6.63846153846154
22.01.06;6.4625;6.24857142857143;6.14307692307692;;6.33275862068965;6.05722222222222;6.37058823529412;6.24;5.7;6.10592592592593;6.24714285714286;6.54857142857143;6.36375;6.44769230769231;6.62384615384615
23.01.06;6.475;6.24;6.14346153846154;;6.32931034482759;6.05333333333333;6.36470588235294;6.26;5.70833333333333;6.09851851851852;6.25642857142857;6.54428571428571;6.37;6.45307692307692;6.60923076923077
24.01.06;6.4875;6.266;6.14384615384615;;6.32586206896552;6.04944444444444;6.35882352941177;6.28;5.71666666666667;6.09111111111111;6.26571428571429;6.54;6.38285714285714;6.45846153846154;6.59461538461538
25.01.06;6.5;6.292;6.14423076923077;;6.32241379310345;6.04555555555556;6.35294117647059;6.3;5.725;6.0837037037037;6.275;6.54;6.39571428571429;6.46384615384616;6.58
26.01.06;6.514;6.318;6.14461538461539;;6.31896551724138;6.04166666666667;6.34705882352941;6.32;5.73333333333333;6.0762962962963;6.28428571428571;6.54;6.40857142857143;6.46923076923077;6.59333333333333
27.01.06;6.528;6.344;6.145;;6.31551724137931;6.03777777777778;6.34117647058824;6.34;5.74166666666667;6.06888888888889;6.29357142857143;6.54;6.42142857142857;6.47461538461539;6.60666666666667
28.01.06;6.542;6.37;6.14538461538462;;6.31206896551724;6.03388888888889;6.33529411764706;6.36;5.75;6.06148148148148;6.30285714285714;6.54;6.43428571428571;6.48;6.62
29.01.06;6.556;6.396;6.14576923076923;;6.30862068965517;6.03;6.32941176470588;6.38;5.75833333333333;6.05407407407407;6.31214285714286;6.54;6.44714285714286;6.46947368421053;6.63333333333333
30.01.06;6.57;6.422;6.14615384615385;;6.3051724137931;6.03;6.32352941176471;6.4;5.76666666666667;6.04666666666667;6.32142857142857;6.54;6.46;6.45894736842105;6.64666666666667
31.01.06;6.542;6.448;6.14653846153846;;6.30172413793104;6.03;6.31764705882353;6.42;5.775;6.03925925925926;6.33071428571429;6.54;6.445;6.44842105263158;6.66
01.02.06;6.514;6.474;6.14692307692308;;6.29827586206897;6.03;6.31176470588235;6.44;5.78333333333333;6.03185185185185;6.34;6.54;6.43;6.43789473684211;6.67333333333333
02.02.06;6.486;6.5;6.14730769230769;;6.2948275862069;6.03;6.30588235294118;6.46;5.79166666666667;6.02444444444445;6.32;6.54;6.415;6.42736842105263;6.68666666666667
03.02.06;6.458;6.45142857142857;6.14769230769231;;6.29137931034483;6.03;6.3;6.48;5.8;6.01703703703704;6.3;6.54;6.4;6.41684210526316;6.7
04.02.06;6.43;6.40285714285714;6.14807692307692;;6.28793103448276;6.03;6.3;6.5;5.80347826086957;6.00962962962963;6.28;6.54;6.385;6.40631578947369;6.69357142857143
05.02.06;6.43833333333333;6.35428571428571;6.14846153846154;;6.28448275862069;6.02;6.3;6.52;5.80695652173913;6.00222222222222;6.26;6.54;6.37;6.39578947368421;6.68714285714286
06.02.06;6.44666666666667;6.30571428571429;6.14884615384615;;6.28103448275862;6.01;6.3;6.54;5.8104347826087;5.99481481481482;6.24;6.54;6.36;6.38526315789474;6.68071428571429
07.02.06;6.455;6.25714285714286;6.14923076923077;;6.27758620689655;6;6.3;6.56;5.81391304347826;5.98740740740741;6.22;6.54;6.35;6.37473684210526;6.67428571428571
08.02.06;6.46333333333333;6.20857142857143;6.14961538461539;;6.27413793103448;5.99;6.3;6.58;5.81739130434783;5.98;6.2;6.54;6.34;6.36421052631579;6.66785714285714
09.02.06;6.47166666666667;6.16;6.15;;6.27068965517241;5.98;6.3;6.6;5.82086956521739;5.99190476190476;6.18;6.54;6.33;6.35368421052632;6.66142857142857
10.02.06;6.48;6.188;6.15441176470588;;6.26724137931035;5.97;6.3;6.62;5.82434782608696;6.00380952380952;6.202;6.54;6.32;6.34315789473684;6.655
11.02.06;6.49666666666667;6.216;6.15882352941177;;6.26379310344828;5.96;6.3;6.64;5.82782608695652;6.01571428571429;6.224;6.54;6.31;6.33263157894737;6.64857142857143
12.02.06;6.51333333333333;6.244;6.16323529411765;;6.26034482758621;5.95;6.3;6.66;5.83130434782609;6.02761904761905;6.246;6.54;6.3;6.3221052631579;6.64214285714286
13.02.06;6.53;6.272;6.16764705882353;;6.25689655172414;5.95;6.3;6.68;5.83478260869565;6.03952380952381;6.268;6.54;6.31142857142857;6.31157894736842;6.63571428571429
14.02.06;6.54666666666667;6.3;6.17205882352941;;6.25344827586207;5.95;6.34;6.68538461538462;5.83826086956522;6.05142857142857;6.29;6.54;6.32285714285714;6.30105263157895;6.62928571428571
15.02.06;6.56333333333333;6.34;6.17647058823529;;6.25;5.95;6.38;6.69076923076923;5.84173913043478;6.06333333333333;6.312;6.545;6.33428571428571;6.29052631578947;6.62285714285714
16.02.06;6.58;6.38;6.18088235294118;;6.25592592592593;5.95;6.42;6.69615384615385;5.84521739130435;6.0752380952381;6.334;6.55;6.34571428571429;6.28;6.61642857142857
17.02.06;6.58333333333333;6.42;6.18529411764706;;6.26185185185185;5.95;6.46;6.70153846153846;5.84869565217391;6.08714285714286;6.356;6.555;6.35714285714286;6.29111111111111;6.61
18.02.06;6.58666666666667;6.46;6.18970588235294;;6.26777777777778;5.95;6.5;6.70692307692308;5.85217391304348;6.09904761904762;6.378;6.56;6.36857142857143;6.30222222222222;6.6175
19.02.06;6.59;6.5;6.19411764705882;;6.2737037037037;5.95;6.475;6.71230769230769;5.85565217391304;6.11095238095238;6.4;6.565;6.38;6.31333333333333;6.625
20.02.06;6.59333333333333;6.482;6.19852941176471;;6.27962962962963;5.94761904761905;6.45;6.71769230769231;5.85913043478261;6.12285714285714;6.39625;6.57;6.375;6.32444444444444;6.6325
21.02.06;6.59666666666667;6.464;6.20294117647059;;6.28555555555556;5.9452380952381;6.425;6.72307692307692;5.86260869565217;6.13476190476191;6.3925;6.575;6.37;6.33555555555556;6.64
22.02.06;6.6;6.446;6.20735294117647;;6.29148148148148;5.94285714285714;6.4;6.72846153846154;5.86608695652174;6.14666666666667;6.38875;6.58;6.365;6.34666666666667;6.6475
23.02.06;6.59833333333333;6.428;6.21176470588235;;6.29740740740741;5.94047619047619;6.375;6.73384615384615;5.86956521739131;6.15857142857143;6.385;6.585;6.36;6.35777777777778;6.655
24.02.06;6.59666666666667;6.41;6.21617647058824;;6.30333333333333;5.93809523809524;6.35;6.73923076923077;5.87304347826087;6.17047619047619;6.38125;6.59;6.355;6.36888888888889;6.6625
25.02.06;6.595;6.44714285714286;6.22058823529412;;6.30925925925926;5.93571428571429;6.325;6.74461538461538;5.87652173913043;6.18238095238095;6.3775;6.595;6.35;6.38;6.67
26.02.06;6.59333333333333;6.48428571428571;6.225;;6.31518518518519;5.93333333333333;6.3;6.75;5.88;6.19428571428572;6.37375;6.6;6.345;6.39111111111111;6.65666666666667
27.02.06;6.59166666666667;6.52142857142857;6.22941176470588;;6.32111111111111;5.93095238095238;6.33;6.745;5.89333333333333;6.20619047619048;6.37;6.60538461538462;6.34;6.40222222222222;6.64333333333333
28.02.06;6.59;6.55857142857143;6.23382352941177;;6.32703703703704;5.92857142857143;6.36;6.74;5.90666666666667;6.21809523809524;6.36625;6.61076923076923;6.345;6.41333333333333;6.63
01.03.06;6.755;6.59571428571429;6.23823529411765;;6.33296296296296;5.92619047619048;6.39;6.735;5.92;6.23;6.3625;6.61615384615385;6.35;6.42444444444444;6.61666666666667
02.03.06;6.8375;6.63285714285714;6.24264705882353;;6.33888888888889;5.92380952380952;6.42;6.73;5.93333333333333;6.22222222222222;6.35875;6.62153846153846;6.355;6.43555555555556;6.60333333333333
03.03.06;6.92;6.67;6.24705882352941;;6.34481481481482;5.92142857142857;6.45;6.725;5.94666666666667;6.21444444444445;6.355;6.62692307692308;6.36;6.44666666666667;6.59
04.03.06;6.9;6.666;6.2514705882353;;6.35074074074074;5.91904761904762;6.48;6.72;5.96;6.20666666666667;6.35125;6.63230769230769;6.365;6.45777777777778;6.59
05.03.06;6.88;6.662;6.25588235294118;;6.35666666666667;5.91666666666667;6.45125;6.715;5.96;6.19888888888889;6.3475;6.63769230769231;6.37;6.46888888888889;6.59
06.03.06;6.86;6.658;6.26029411764706;;6.36259259259259;5.91428571428572;6.4225;6.71;5.96;6.19111111111111;6.34375;6.64307692307692;6.38333333333333;6.48;6.59
07.03.06;6.84;6.654;6.26470588235294;;6.36851851851852;5.91190476190476;6.39375;6.705;5.96;6.18333333333333;6.34;6.64846153846154;6.39666666666667;6.49111111111111;6.59
08.03.06;6.82;6.65;6.26911764705882;;6.37444444444444;5.90952380952381;6.365;6.7;5.96;6.17555555555556;6.34;6.65384615384615;6.41;6.50222222222222;6.59
09.03.06;6.8;6.5925;6.27352941176471;;6.38037037037037;5.90714285714286;6.33625;6.695;5.96;6.16777777777778;6.34;6.65923076923077;6.42333333333333;6.51333333333333;6.59
10.03.06;6.73;6.535;6.27794117647059;;6.3862962962963;5.90476190476191;6.3075;6.69;5.96;6.16;6.34;6.66461538461538;6.43666666666667;6.52444444444445;6.59
11.03.06;6.66;6.4775;6.28235294117647;;6.39222222222222;5.90238095238095;6.27875;6.685;5.96;6.175;6.34;6.67;6.45;6.53555555555556;6.59758620689655
12.03.06;6.59;6.42;6.28676470588235;;6.39814814814815;5.9;6.25;6.68;5.96;6.19;6.34;6.67;6.51;6.54666666666667;6.6051724137931
13.03.06;6.52;6.41875;6.29117647058824;;6.40407407407407;5.9;6.316;6.698;5.96;6.205;6.34;6.67;6.57;6.55777777777778;6.61275862068966
14.03.06;6.5375;6.4175;6.29558823529412;;6.41;5.9;6.382;6.716;5.96;6.22;6.34;6.67;6.63;6.56888888888889;6.62034482758621
15.03.06;6.555;6.41625;6.3;;6.38904761904762;5.9;6.448;6.734;5.96;6.235;6.34;6.67;6.69;6.58;6.62793103448276
16.03.06;6.5725;6.415;6.28333333333333;;6.36809523809524;5.9;6.514;6.752;5.96;6.25;6.34;6.67;6.75;6.59111111111111;6.63551724137931
17.03.06;6.59;6.41375;6.26666666666667;;6.34714285714286;5.9;6.58;6.77;5.96;6.22666666666667;6.34;6.67;6.81;6.60222222222222;6.64310344827586
18.03.06;6.596;6.4125;6.25;;6.32619047619048;5.9;6.5;6.77;5.96;6.20333333333333;6.34;6.67;6.87;6.61333333333333;6.65068965517241
19.03.06;6.602;6.41125;6.23333333333333;;6.3052380952381;5.9;6.42;6.77;5.93333333333333;6.18;6.34;6.67;6.83166666666667;6.62444444444444;6.65827586206897
20.03.06;6.608;6.41;6.21666666666667;;6.28428571428571;5.9;6.34;6.77;5.90666666666667;6.15666666666667;6.34;6.67;6.79333333333333;6.63555555555556;6.66586206896552
21.03.06;6.614;6.40571428571429;6.2;;6.26333333333333;5.9;6.26;6.77;5.88;6.13333333333333;6.34;6.67428571428571;6.755;6.64666666666667;6.67344827586207
22.03.06;6.62;6.40142857142857;6.18333333333333;;6.24238095238095;5.915;6.32666666666667;6.77;5.85333333333333;6.11;6.34;6.67857142857143;6.71666666666667;6.65777777777778;6.68103448275862
23.03.06;6.636;6.39714285714286;6.16666666666667;;6.22142857142857;5.93;6.39333333333333;6.77;5.82666666666667;6.11;6.32;6.68285714285714;6.67833333333333;6.66888888888889;6.68862068965517
24.03.06;6.652;6.39285714285714;6.15;;6.20047619047619;5.945;6.46;6.78857142857143;5.8;6.11;6.3;6.68714285714286;6.64;6.68;6.69620689655172
25.03.06;6.668;6.38857142857143;6.13333333333333;;6.17952380952381;5.96;6.4325;6.80714285714286;5.80714285714286;6.11;6.28;6.69142857142857;6.60166666666667;6.67;6.70379310344828
26.03.06;6.684;6.38428571428571;6.11666666666667;;6.15857142857143;5.975;6.405;6.82571428571429;5.81428571428571;6.11;6.26;6.69571428571429;6.56333333333333;6.66;6.71137931034483
27.03.06;6.7;6.38;6.1;;6.13761904761905;5.99;6.3775;6.84428571428571;5.82142857142857;6.11;6.24;6.7;6.525;6.65;6.71896551724138
28.03.06;6.8575;;6.08333333333333;;6.11666666666667;6.005;6.35;6.86285714285714;5.82857142857143;6.11;6.22;6.7125;6.48666666666667;6.64;6.72655172413793
29.03.06;7.015;;6.06666666666667;;6.09571428571429;6.02;6.33333333333333;6.88142857142857;5.83571428571429;6.11;6.2;6.725;6.44833333333333;6.63;6.73413793103448
30.03.06;7.1725;;6.05;6.55;6.0747619047619;6.035;6.31666666666667;6.9;5.84285714285714;6.11;6.21538461538462;6.7375;6.41;6.62;6.74172413793103
31.03.06;7.33;;6.03333333333333;6.63666666666667;6.05380952380952;6.05;6.3;6.87;5.85;6.14;6.23076923076923;6.75;6.41777777777778;6.61;6.74931034482759
01.04.06;7.30666666666667;;6.01666666666667;6.72333333333333;6.03285714285714;6.065;6.28333333333333;6.84;5.85714285714286;6.17;6.24615384615385;6.7625;6.42555555555556;6.6;6.75689655172414
02.04.06;7.28333333333333;;6;6.81;6.01190476190476;6.08;6.26666666666667;6.81;5.86428571428572;6.2;6.26153846153846;6.775;6.43333333333333;6.59;6.76448275862069
03.04.06;7.26;;6.04;6.89666666666667;5.99095238095238;6.04333333333333;6.25;6.832;5.87142857142857;6.23;6.27692307692308;6.7875;6.44111111111111;6.58;6.77206896551724
04.04.06;7.01;;6.08;6.98333333333333;5.97;6.00666666666667;6.288;6.854;5.87857142857143;6.26;6.29230769230769;6.8;6.44888888888889;6.57;6.77965517241379
05.04.06;7.02666666666667;;6.12;7.07;5.982;5.97;6.326;6.876;5.88571428571429;6.29;6.30769230769231;6.79166666666667;6.45666666666667;6.56;6.78724137931035
06.04.06;7.04333333333333;;6.16;7.15666666666667;5.994;5.98333333333333;6.364;6.898;5.89285714285714;6.32;6.32307692307692;6.78333333333333;6.46444444444445;6.55;6.7948275862069
07.04.06;7.06;;6.2;7.24333333333333;6.006;5.99666666666667;6.402;6.92;5.9;6.36;6.33846153846154;6.775;6.47222222222222;6.54;6.80241379310345
08.04.06;6.98333333333333;;6.24;7.33;6.018;6.01;6.44;6.90666666666667;5.9;6.4;6.35384615384615;6.76666666666667;6.48;6.53;6.81
09.04.06;6.90666666666667;;6.36;7.23777777777778;6.03;6.01;6.37;6.89333333333333;5.9;6.44;6.36923076923077;6.75833333333333;6.51;6.52;6.86571428571429
10.04.06;6.83;;6.48;7.14555555555556;6.03;6.01;6.3;6.88;5.9;6.48;6.38461538461539;6.75;6.54;6.55;6.92142857142857
11.04.06;6.8825;;6.6;7.05333333333333;6.03;6.06;6.35;6.86666666666667;5.9;6.38666666666667;6.4;6.73714285714286;6.57;6.58;6.97714285714286
12.04.06;6.935;;6.72;6.96111111111111;6.03;6.11;6.4;6.85333333333333;5.86666666666667;6.29333333333333;6.4;6.72428571428571;6.6;6.61;7.03285714285714
13.04.06;6.9875;;6.73071428571429;6.86888888888889;6.03;6.16;6.45;6.84;5.83333333333333;6.2;6.4;6.71142857142857;6.63;6.64;7.08857142857143
14.04.06;7.04;;6.74142857142857;6.77666666666667;6.03;6.21;6.5;6.85375;5.8;6.2;6.4;6.69857142857143;6.66;6.67;7.14428571428571
15.04.06;;;6.75214285714286;6.68444444444445;6.03;6.26;6.55;6.8675;5.75;6.2;6.4;6.68571428571429;6.69;6.7;7.2
16.04.06;;;6.76285714285714;6.59222222222222;6.03;6.23;6.6;6.88125;5.7;6.2;6.4;6.67285714285714;6.6975;6.73;7.16928571428571
17.04.06;;;6.77357142857143;6.5;6.03;6.2;6.65;6.895;5.65;6.2;6.4;6.66;6.705;6.69666666666667;7.13857142857143
18.04.06;;;6.78428571428571;6.55333333333333;6.03;6.17;6.7;6.90875;5.6;6.19;6.4;6.70571428571429;6.7125;6.66333333333333;7.10785714285714
19.04.06;;;6.795;6.60666666666667;6.03;6.14;6.75;6.9225;5.55;6.18;6.374;6.75142857142857;6.72;6.63;7.07714285714286
20.04.06;;;6.80571428571429;6.66;5.99375;6.11;6.8;6.93625;5.5;6.17;6.348;6.79714285714286;6.7275;6.59666666666667;7.04642857142857
21.04.06;;;6.81642857142857;6.62166666666667;5.9575;6.08;6.85;6.95;5.5;6.16;6.322;6.84285714285714;6.735;6.56333333333333;7.01571428571429
22.04.06;;;6.82714285714286;6.58333333333333;5.92125;6.05;6.85;6.86875;5.5;6.15;6.296;6.88857142857143;6.7425;6.53;6.985
23.04.06;;;6.83785714285714;6.545;5.885;6.0125;6.85;6.7875;5.5;6.14;6.27;6.93428571428572;6.75;6.49166666666667;6.95428571428571
24.04.06;;;6.84857142857143;6.50666666666667;5.84875;5.975;6.85;6.70625;5.5;6.13;6.244;6.98;6.79166666666667;6.45333333333333;6.92357142857143
25.04.06;;;6.85928571428571;6.46833333333333;5.8125;5.9375;6.85;6.625;5.5;6.12;6.218;7.00571428571429;6.83333333333333;6.415;6.89285714285714
26.04.06;;;6.87;6.43;5.77625;5.9;6.94333333333333;6.54375;5.5;6.11;6.192;7.03142857142857;6.875;6.37666666666667;6.86214285714286
27.04.06;6.82999999999999;;6.94;6.42133333333333;5.74;5.91176470588235;7.03666666666667;6.4625;5.5;6.1;6.166;7.05714285714286;6.91666666666667;6.33833333333333;6.83142857142857
28.04.06;6.83666666666666;;7.01;6.41266666666667;5.776;5.92352941176471;7.13;6.38125;5.52875;6.10666666666667;6.14;7.08285714285714;6.95833333333333;6.3;6.80071428571428
29.04.06;6.84333333333333;;7.075;6.404;5.812;5.93529411764706;7.112;6.3;5.5575;6.11333333333333;6.15916666666667;7.10857142857143;7;6.32692307692308;6.77
30.04.06;6.85;;7.14;6.39533333333333;5.848;5.94705882352941;7.094;6.34615384615385;5.58625;6.12;6.17833333333333;7.13428571428571;7.0125;6.35384615384615;6.82384615384615
01.05.06;6.96666666666667;;7.205;6.38666666666667;5.884;5.95882352941177;7.076;6.39230769230769;5.615;6.12666666666667;6.1975;7.16;7.025;6.38076923076923;6.87769230769231
02.05.06;7.08333333333333;;7.27;6.378;5.92;5.97058823529412;7.058;6.43846153846154;5.64375;6.13333333333333;6.21666666666667;7.18571428571429;7.0375;6.40769230769231;6.93153846153846
03.05.06;7.2;;7.335;6.36933333333333;5.959;5.98235294117647;7.04;6.48461538461539;5.6725;6.14;6.23583333333333;7.21142857142857;7.05;6.43461538461539;6.98538461538461
04.05.06;7.36;;7.4;6.36066666666667;5.998;5.99411764705882;7.022;6.53076923076923;5.70125;6.14666666666667;6.255;7.23714285714286;7.0625;6.46153846153846;7.03923076923077
05.05.06;7.52;;7.407;6.352;6.037;6.00588235294118;7.004;6.57692307692308;5.73;6.15333333333333;6.27416666666667;7.26285714285714;7.075;6.48846153846154;7.09307692307692
06.05.06;7.68;;7.414;6.34333333333333;6.076;6.01764705882353;6.986;6.62307692307692;5.804;6.16;6.29333333333333;7.28857142857143;7.0875;6.51538461538462;7.14692307692308
07.05.06;7.7075;;7.421;6.33466666666667;6.115;6.02941176470588;6.968;6.66923076923077;5.878;6.16666666666667;6.3125;7.31428571428572;7.1;6.54230769230769;7.20076923076923
08.05.06;7.735;;7.428;6.326;6.154;6.04117647058824;6.95;6.71538461538462;5.952;6.17333333333333;6.33166666666667;7.34;7.08571428571429;6.56923076923077;7.25461538461538
09.05.06;7.7625;;7.435;6.31733333333333;6.193;6.05294117647059;7.0325;6.76153846153846;6.026;6.18;6.35083333333333;7.35714285714286;7.07142857142857;6.59615384615385;7.30846153846154
10.05.06;7.79;;7.442;6.30866666666667;6.232;6.06470588235294;7.115;6.80769230769231;6.1;6.18666666666667;6.37;7.37428571428571;7.05714285714286;6.62307692307692;7.36230769230769
11.05.06;7.82666666666667;;7.449;6.3;6.271;6.07647058823529;7.1975;6.85384615384615;6.1;6.19333333333333;6.3965;7.39142857142857;7.04285714285714;6.65;7.41615384615385
12.05.06;7.86333333333333;;7.456;6.3525;6.31;6.08823529411765;7.28;6.9;6.1;6.2;6.423;7.40857142857143;7.02857142857143;6.65;7.47
13.05.06;7.9;;7.463;6.405;6.3;6.1;7.26055555555556;6.85;6.11230769230769;6.194;6.4495;7.42571428571429;7.01428571428571;6.65;7.46
14.05.06;7.91666666666667;;7.47;6.4575;6.3;6.122;7.24111111111111;6.8;6.12461538461538;6.188;6.476;7.44285714285714;7;6.65;7.45
15.05.06;7.93333333333333;;7.46833333333333;6.51;6.455;6.144;7.22166666666667;6.83142857142857;6.13692307692308;6.182;6.5025;7.46;7.004;6.68;7.44
16.05.06;7.95;;7.46666666666667;6.5625;6.61;6.166;7.20222222222222;6.86285714285714;6.14923076923077;6.176;6.529;7.405;7.008;6.71;7.43
17.05.06;7.95333333333333;;7.465;6.615;6.765;6.188;7.18277777777778;6.89428571428571;6.16153846153846;6.17;6.5555;7.35;7.012;6.74;7.42
18.05.06;7.95666666666667;;7.46333333333333;6.6675;6.92;6.21;7.16333333333333;6.92571428571429;6.17384615384615;6.25111111111111;6.582;7.295;7.016;6.77;7.41
19.05.06;7.96;;7.46166666666667;6.72;6.923;6.232;7.14388888888889;6.95714285714286;6.18615384615385;6.33222222222222;6.6085;7.24;7.02;6.8;7.4
20.05.06;7.89333333333333;;7.46;6.7725;6.926;6.254;7.12444444444444;6.98857142857143;6.19846153846154;6.41333333333333;6.635;7.185;7.024;6.83;7.39
21.05.06;7.82666666666667;;7.41285714285714;6.825;6.929;6.276;7.105;7.02;6.21076923076923;6.49444444444444;6.6615;7.13;7.028;6.85473684210526;7.38
22.05.06;7.76;;7.36571428571429;6.8775;6.932;6.298;7.08555555555556;7.11714285714286;6.22307692307692;6.57555555555556;6.688;7.075;7.032;6.87947368421053;7.37
23.05.06;7.6875;;7.31857142857143;6.93;6.935;6.32;7.06611111111111;7.21428571428571;6.23538461538462;6.65666666666667;6.7145;7.02;7.036;6.90421052631579;7.36
24.05.06;7.615;;7.27142857142857;6.93181818181818;6.938;6.3225;7.04666666666667;7.31142857142857;6.24769230769231;6.73777777777778;6.741;7.02285714285714;7.04;6.92894736842105;7.35
25.05.06;7.5425;6.53;7.22428571428571;6.93363636363636;6.941;6.325;7.02722222222222;7.40857142857143;6.26;6.81888888888889;6.7675;7.02571428571429;7.044;6.95368421052632;7.38375
26.05.06;7.47;6.56;7.17714285714286;6.93545454545455;6.944;6.3275;7.00777777777778;7.50571428571429;6.308;6.9;6.794;7.02857142857143;7.048;6.97842105263158;7.4175
27.05.06;7.65333333333333;6.59;7.13;6.93727272727273;6.947;6.33;6.98833333333333;7.60285714285714;6.356;6.8325;6.8205;7.03142857142857;7.052;7.00315789473684;7.45125
28.05.06;7.83666666666667;6.595;7.15714285714286;6.93909090909091;6.95;6.335;6.96888888888889;7.7;6.404;6.765;6.847;7.03428571428571;7.056;7.0278947368421;7.485
29.05.06;8.02;6.6;7.18428571428571;6.94090909090909;6.96375;6.34;6.94944444444444;7.67142857142857;6.452;6.6975;6.8735;7.03714285714286;7.06;7.05263157894737;7.51875
30.05.06;8.04;6.68;7.21142857142857;6.94272727272727;6.9775;6.345;6.93;7.64285714285714;6.5;6.63;6.9;7.04;7.06;7.07736842105263;7.5525
31.05.06;8.06;6.76;7.23857142857143;6.94454545454545;6.99125;6.35;6.97666666666667;7.61428571428572;6.51333333333333;6.715;6.88;7.04285714285714;7.06;7.10210526315789;7.58625
01.06.06;8.08;6.84;7.26571428571429;6.94636363636364;7.005;6.38;7.02333333333333;7.58571428571429;6.52666666666667;6.8;6.86;7.04571428571429;7.06;7.12684210526316;7.62
02.06.06;8.1;6.82333333333333;7.29285714285714;6.94818181818182;7.01875;6.41;7.07;7.55714285714286;6.54;6.86;6.84;7.04857142857143;7.06;7.15157894736842;7.60857142857143
03.06.06;8.09;6.80666666666667;7.32;6.95;7.0325;6.44;7.11666666666667;7.52857142857143;6.54;6.92;6.82;7.05142857142857;7.06;7.17631578947368;7.59714285714286
04.06.06;8.08;6.79;7.32615384615385;6.97166666666667;7.04625;6.47;7.16333333333333;7.5;6.54;6.98;6.8;7.05428571428571;7.06;7.20105263157895;7.58571428571429
05.06.06;7.97666666666667;6.81;7.33230769230769;6.99333333333333;7.06;6.47541666666667;7.21;7.47142857142857;6.54;7.04;6.78;7.05714285714286;7.09142857142857;7.22578947368421;7.57428571428572
06.06.06;7.87333333333333;6.83;7.33846153846154;7.015;7.02;6.48083333333333;7.18428571428571;7.44285714285714;6.54;7.1;6.76;7.06;7.12285714285714;7.25052631578947;7.56285714285714
07.06.06;7.77;6.85;7.34461538461539;7.03666666666667;6.98;6.48625;7.15857142857143;7.41428571428572;6.54;7.16;6.76;7.04;7.15428571428571;7.27526315789474;7.55142857142857
08.06.06;7.74;6.87;7.35076923076923;7.05833333333333;6.94;6.49166666666667;7.13285714285714;7.38571428571429;6.54;7.14;6.76;7.02;7.18571428571429;7.3;7.54
09.06.06;7.71;6.9;7.35692307692308;7.08;6.9;6.49708333333333;7.10714285714286;7.35714285714286;6.54;7.12;6.76;7;7.21714285714286;7.29125;7.53142857142857
10.06.06;7.685;6.93;7.36307692307692;7.08;6.91333333333333;6.5025;7.08142857142857;7.32857142857143;6.54;7.1;6.76;6.98;7.24857142857143;7.2825;7.52285714285714
11.06.06;7.66;6.96;7.36923076923077;7.08;6.92666666666667;6.50791666666667;7.05571428571429;7.3;6.55333333333333;7.08;6.76;6.96;7.28;7.27375;7.51428571428571
12.06.06;7.625;7.045;7.37538461538462;7.08;6.94;6.51333333333333;7.03;7.31333333333333;6.56666666666667;7.06;6.76;6.94;7.26;7.265;7.50571428571429
13.06.06;7.59;7.13;7.38153846153846;7.08;6.95333333333333;6.51875;7.00428571428571;7.32666666666667;6.58;7.04;6.76;6.92;7.24;7.25625;7.49714285714286
14.06.06;7.56666666666667;7.215;7.38769230769231;7.08;6.96666666666667;6.52416666666667;6.97857142857143;7.34;6.59333333333333;7.02;6.76;6.945;7.22;7.2475;7.48857142857143
15.06.06;7.54333333333333;7.3;7.39384615384615;7.08;6.98;6.52958333333333;6.95285714285714;7.35333333333333;6.60666666666667;6.985;6.76;6.97;7.2;7.23875;7.48
16.06.06;7.52;7.27;7.4;7.08;6.973;6.535;6.92714285714286;7.36666666666667;6.62;6.95;6.78583333333333;6.995;7.18;7.23;7.48625
17.06.06;7.515;7.24;7.42857142857143;7.08;6.966;6.54041666666667;6.90142857142857;7.38;6.63333333333333;6.98333333333333;6.81166666666667;7.02;7.16;7.23625;7.4925
18.06.06;7.51;7.25;7.45714285714286;7.10235294117647;6.959;6.54583333333333;6.87571428571429;7.39333333333333;6.64666666666667;7.01666666666667;6.8375;7.045;7.14;7.2425;7.49875
19.06.06;7.505;7.26;7.48571428571429;7.12470588235294;6.952;6.55125;6.85;7.40666666666667;6.66;7.05;6.86333333333333;7.07;7.18714285714286;7.24875;7.505
20.06.06;7.5;7.28;7.51428571428571;7.14705882352941;6.945;6.55666666666667;6.85;7.42;6.67333333333333;6.9825;6.88916666666667;7.06125;7.23428571428571;7.255;7.51125
21.06.06;7.65;7.3;7.54285714285714;7.16941176470588;6.938;6.56208333333333;6.85;7.43333333333333;6.68666666666667;6.915;6.915;7.0525;7.28142857142857;7.26125;7.5175
22.06.06;;7.32;7.57142857142857;7.19176470588235;6.931;6.5675;6.85;7.44666666666667;6.7;6.8475;6.94083333333333;7.04375;7.32857142857143;7.2675;7.52375
23.06.06;;7.41;7.6;7.21411764705882;6.924;6.57291666666667;6.85;7.46;6.625;6.78;6.96666666666667;7.035;7.37571428571429;7.27375;7.53
24.06.06;;7.5;7.6;7.23647058823529;6.917;6.57833333333333;6.95;7.47333333333333;6.55;6.79285714285714;6.9925;7.02625;7.42285714285714;7.28;7.53625
25.06.06;;7.435;7.6;7.25882352941177;6.91;6.58375;7.05;7.48666666666667;6.475;6.80571428571429;7.01833333333333;7.0175;7.47;7.27214285714286;7.5425
26.06.06;;7.37;7.6;7.28117647058824;6.9325;6.58916666666667;7.15;7.5;6.4;6.81857142857143;7.04416666666667;7.00875;7.43625;7.26428571428571;7.54875
27.06.06;;7.37333333333333;7.6;7.30352941176471;6.955;6.59458333333333;7.075;7.5;6.4;6.83142857142857;7.07;7;7.4025;7.25642857142857;7.555
28.06.06;;7.37666666666667;7.6;7.32588235294118;6.9775;6.6;7;7.5;6.4;6.84428571428571;7.08857142857143;6.98857142857143;7.36875;7.24857142857143;7.56125
29.06.06;;7.38;7.6;7.34823529411765;7;6.61428571428571;6.925;7.5;6.4;6.85714285714286;7.10714285714286;6.97714285714286;7.335;7.24071428571429;7.5675
30.06.06;;7.38666666666667;7.6;7.37058823529412;7.0675;6.62857142857143;6.85;7.5;6.4;6.87;7.12571428571429;6.96571428571429;7.30125;7.23285714285714;7.57375
01.07.06;;7.39333333333333;7.6;7.39294117647059;7.135;6.64285714285714;6.9;7.5;6.4;6.83428571428571;7.14428571428572;6.95428571428572;7.2675;7.225;7.58
02.07.06;;7.4;7.6;7.41529411764706;7.2025;6.65714285714286;6.95;7.5;6.4;6.79857142857143;7.16285714285714;6.94285714285714;7.23375;7.21714285714286;7.555
03.07.06;;7.3;7.6;7.43764705882353;7.27;6.67142857142857;7;7.48;6.4;6.76285714285714;7.18142857142857;6.93142857142857;7.2;7.20928571428571;7.53
04.07.06;;7.2;7.6;7.46;7.27;6.68571428571429;7.0125;7.46;6.4;6.72714285714286;7.2;6.92;7.22666666666667;7.20142857142857;7.505
05.07.06;;7.1;7.6;7.29;7.27;6.7;7.025;7.44;6.4;6.69142857142857;7.19;6.92857142857143;7.25333333333333;7.19357142857143;7.48
06.07.06;;7;7.6;7.12;7.27;6.7;7.0375;7.42;6.4;6.65571428571429;7.18;6.93714285714286;7.28;7.18571428571429;7.455
07.07.06;;7.05;7.6;7.12;7.27;6.7;7.05;7.4;6.43125;6.62;7.17;6.94571428571429;7.30666666666667;7.17785714285714;7.43
08.07.06;;7.1;7.6;7.12;7.27;6.7;7.03;7.4;6.4625;6.66;7.16;6.95428571428572;7.33333333333333;7.17;7.442
09.07.06;;7.15;7.6;7.12;7.27;6.7;7.01;7.4;6.49375;6.7;7.15;6.96285714285714;7.36;7.21857142857143;7.454
10.07.06;;7.2;7.6;7.12;7.27;6.7;6.99;7.4;6.525;6.74;7.14;6.97142857142857;7.348;7.26714285714286;7.466
11.07.06;;7.28;7.5725;7.12;7.28352941176471;6.7;6.97;7.4;6.55625;6.78;7.13;6.98;7.336;7.31571428571429;7.478
12.07.06;;7.36;7.545;7.12;7.29705882352941;6.7;6.97;7.4;6.5875;6.74333333333333;7.14;6.98428571428572;7.324;7.36428571428571;7.49
13.07.06;;7.44;7.5175;7.12;7.31058823529412;6.7;6.97;7.4;6.61875;6.70666666666667;7.15;6.98857142857143;7.312;7.41285714285714;7.49111111111111
14.07.06;;7.38333333333333;7.49;7.09625;7.32411764705882;6.7;6.97;7.4;6.65;6.67;7.16;6.99285714285714;7.3;7.46142857142857;7.49222222222222
15.07.06;;7.32666666666667;7.50571428571429;7.0725;7.33764705882353;6.7;6.97;7.4;6.65;6.68;7.17;6.99714285714286;7.32555555555556;7.51;7.49333333333333
16.07.06;;7.27;7.52142857142857;7.04875;7.35117647058824;6.7;6.97;7.4;6.65;6.69;7.18;7.00142857142857;7.35111111111111;7.44833333333333;7.49444444444444
17.07.06;;7.275;7.53714285714286;7.025;7.36470588235294;6.7;6.97;7.4;6.65;6.7;7.19;7.00571428571429;7.37666666666667;7.38666666666667;7.49555555555556
18.07.06;;7.28;7.55285714285714;7.00125;7.37823529411765;6.7;6.97;7.42;6.65;6.71;7.2;7.01;7.40222222222222;7.325;7.49666666666667
19.07.06;;7.285;7.56857142857143;6.9775;7.39176470588235;6.7;6.94823529411765;7.44;6.65;6.72;7.21;7.00333333333333;7.42777777777778;7.26333333333333;7.49777777777778
20.07.06;;7.29;7.58428571428571;6.95375;7.40529411764706;6.7;6.92647058823529;7.46;6.65;6.73;7.22;6.99666666666667;7.45333333333333;7.20166666666667;7.49888888888889
21.07.06;;7.2175;7.6;6.93;7.41882352941177;6.7;6.90470588235294;7.48;6.88;6.73578947368421;7.23;6.99;7.47888888888889;7.14;7.5
22.07.06;;7.145;7.58333333333333;7.04;7.43235294117647;6.7;6.88294117647059;7.5;7.11;6.74157894736842;7.24;6.98333333333333;7.50444444444444;7.14625;7.50785714285714
23.07.06;;7.0725;7.56666666666667;7.15;7.44588235294118;6.7;6.86117647058824;7.4875;6.995;6.74736842105263;7.25;6.97666666666667;7.53;7.1525;7.51571428571429
24.07.06;;7;7.55;7.26;7.45941176470588;6.7;6.83941176470588;7.475;6.88;6.75315789473684;7.26;6.97;7.60166666666667;7.15875;7.52357142857143
25.07.06;;7.02857142857143;7.53333333333333;7.37;7.47294117647059;6.7;6.81764705882353;7.4625;6.765;6.75894736842105;7.258125;6.94571428571429;7.67333333333333;7.165;7.53142857142857
26.07.06;;7.05714285714286;7.51666666666667;7.48;7.48647058823529;6.8;6.79588235294118;7.45;6.65;6.76473684210526;7.25625;6.92142857142857;7.745;7.17125;7.53928571428572
27.07.06;;7.08571428571429;7.5;7.59;7.5;6.9;6.77411764705882;7.4375;6.66875;6.77052631578947;7.254375;6.89714285714286;7.81666666666667;7.1775;7.54714285714286
28.07.06;;7.11428571428572;7.57;7.7;7.5;7;6.75235294117647;7.425;6.6875;6.77631578947368;7.2525;6.87285714285714;7.88833333333333;7.18375;7.555
29.07.06;;7.14285714285714;7.64;7.666;7.5;7.1;6.73058823529412;7.4125;6.70625;6.7821052631579;7.250625;6.84857142857143;7.96;7.19;7.56285714285714
30.07.06;;7.17142857142857;7.71;7.632;7.5;7.2;6.70882352941177;7.4;6.725;6.78789473684211;7.24875;6.82428571428571;7.9775;7.17911764705882;7.57071428571429
31.07.06;;7.2;7.78;7.598;7.5;7.21666666666667;6.68705882352941;7.44;6.74375;6.79368421052632;7.246875;6.8;7.995;7.16823529411765;7.57857142857143
01.08.06;;7.2;7.85;7.564;7.5;7.23333333333333;6.66529411764706;7.48;6.7625;6.79947368421053;7.245;6.83555555555556;8.0125;7.15735294117647;7.58642857142857
02.08.06;;7.2;7.92;7.53;7.5;7.25;6.64352941176471;7.52;6.78125;6.80526315789474;7.243125;6.87111111111111;8.03;7.14647058823529;7.59428571428571
03.08.06;;7.2;7.99;7.50642857142857;7.5;7.25;6.62176470588235;7.56;6.8;6.81105263157895;7.24125;6.90666666666667;8.0475;7.13558823529412;7.60214285714286
04.08.06;;7.2;8.06;7.48285714285714;7.44285714285714;7.25;6.6;7.6;6.8;6.81684210526316;7.239375;6.94222222222222;8.065;7.12470588235294;7.61
05.08.06;;7.2;8.13;7.45928571428571;7.38571428571429;7.25;6.59142857142857;7.58;6.8;6.82263157894737;7.2375;6.97777777777778;8.0825;7.11382352941177;7.57166666666667
06.08.06;;7.21;8.2;7.43571428571429;7.32857142857143;7.25;6.58285714285714;7.56;6.8;6.82842105263158;7.235625;7.01333333333333;8.1;7.10294117647059;7.53333333333333
07.08.06;;7.22;8.18;7.41214285714286;7.27142857142857;7.25;6.57428571428571;7.54;6.8;6.83421052631579;7.23375;7.04888888888889;7.965;7.09205882352941;7.495
08.08.06;;7.29;8.16;7.38857142857143;7.21428571428571;7.25;6.56571428571429;7.52;6.8;6.84;7.231875;7.08444444444444;7.83;7.08117647058824;7.45666666666667
09.08.06;;7.36;8.14;7.365;7.15714285714286;7.25;6.55714285714286;7.5;6.8;6.83;7.23;7.12;7.695;7.07029411764706;7.41833333333333
10.08.06;;7.43;8.12;7.34142857142857;7.1;7.19;6.54857142857143;7.48;6.8;6.82;7.18875;7.096;7.56;7.05941176470588;7.38
11.08.06;;7.44333333333333;8.1;7.31785714285714;7.18333333333333;7.13;6.54;7.46;6.76285714285714;6.81;7.1475;7.072;7.425;7.04852941176471;7.37375
12.08.06;;7.45666666666667;8.08;7.29428571428571;7.26666666666667;7.07;6.53142857142857;7.44;6.72571428571429;6.82142857142857;7.10625;7.048;7.29;7.03764705882353;7.3675
13.08.06;;7.47;8.06;7.27071428571429;7.35;7.01;6.52285714285714;7.42;6.68857142857143;6.83285714285714;7.065;7.024;7.292;7.02676470588235;7.36125
14.08.06;;7.46166666666667;8.04;7.24714285714286;7.33636363636364;7.06;6.51428571428571;7.4;6.65142857142857;6.84428571428571;7.02375;7;7.294;7.01588235294118;7.355
15.08.06;;7.45333333333333;8.02;7.22357142857143;7.32272727272727;7.11;6.50571428571429;7.4;6.61428571428571;6.85571428571429;6.9825;6.976;7.296;7.005;7.34875
16.08.06;;7.445;8;7.2;7.30909090909091;7.16;6.49714285714286;7.4;6.57714285714286;6.86714285714286;6.94125;6.952;7.298;6.99411764705882;7.3425
17.08.06;;7.43666666666667;7.895;7.21111111111111;7.29545454545455;7.21;6.48857142857143;7.4;6.54;6.87857142857143;6.9;6.928;7.3;6.98323529411765;7.33625
18.08.06;;7.42833333333333;7.79;7.22222222222222;7.28181818181818;7.26;6.48;7.4;6.65;6.89;6.9;6.904;7.30555555555556;6.97235294117647;7.33
19.08.06;;7.42;7.79166666666667;7.23333333333333;7.26818181818182;7.31;6.47142857142857;7.4;6.76;6.87714285714286;6.9;6.88;7.31111111111111;6.96147058823529;7.305
20.08.06;;7.2;7.79333333333333;7.24444444444444;7.25454545454546;7.36;6.46285714285714;7.4;6.748;6.86428571428571;6.9;6.88;7.31666666666667;6.95058823529412;7.28
21.08.06;;6.98;7.795;7.25555555555556;7.24090909090909;7.3403125;6.45428571428571;7.4;6.736;6.85142857142857;6.9;6.88;7.32222222222222;6.93970588235294;7.255
22.08.06;;7.06666666666667;7.79666666666667;7.26666666666667;7.22727272727273;7.320625;6.44571428571429;7.41428571428572;6.724;6.83857142857143;6.9;6.88;7.32777777777778;6.92882352941177;7.23
23.08.06;;7.15333333333333;7.79833333333333;7.27777777777778;7.21363636363636;7.3009375;6.43714285714286;7.42857142857143;6.712;6.82571428571429;6.9;6.86125;7.33333333333333;6.91794117647059;7.205
24.08.06;;7.24;7.8;7.28888888888889;7.2;7.28125;6.42857142857143;7.44285714285714;6.7;6.81285714285714;6.9;6.8425;7.33888888888889;6.90705882352941;7.18
25.08.06;;7.255;7.80166666666667;7.3;;7.2615625;6.42;7.45714285714286;6.78;6.8;6.9;6.82375;7.34444444444444;6.89617647058824;7.155
26.08.06;;7.27;7.80333333333333;7.4;;7.241875;6.42;7.47142857142857;6.86;6.746;6.9;6.805;7.35;6.88529411764706;7.13
27.08.06;;7.285;7.805;7.5;;7.2221875;6.42;7.48571428571429;6.8;6.692;6.9;6.78625;7.32785714285714;6.87441176470588;7.105
28.08.06;;7.3;7.80666666666667;7.6;;7.2025;6.42;7.5;6.74;6.638;6.9;6.7675;7.30571428571429;6.86352941176471;7.08
29.08.06;;7.29333333333333;7.80833333333333;7.7;;7.1828125;6.42;7.47857142857143;6.68;6.584;6.9;6.74875;7.28357142857143;6.85264705882353;7.055
30.08.06;;7.28666666666667;7.81;7.7;;7.163125;6.42;7.45714285714286;6.62;6.53;6.9;6.73;7.26142857142857;6.84176470588235;7.03
31.08.06;;7.28;7.78818181818182;7.7;;7.1434375;6.42;7.43571428571429;6.56;6.67;6.895;6.73333333333333;7.23928571428571;6.83088235294118;7.08
01.09.06;;7.2675;7.76636363636364;7.7;;7.12375;6.42;7.41428571428572;6.5;6.81;6.89;6.73666666666667;7.21714285714286;6.82;7.13
02.09.06;;7.255;7.74454545454545;7.64692307692308;;7.1040625;6.42;7.39285714285714;6.51285714285714;6.803;6.885;6.74;7.195;6.85285714285714;7.18
03.09.06;;7.2425;7.72272727272727;7.59384615384615;;7.084375;6.42;7.37142857142857;6.52571428571429;6.796;6.88;6.74333333333333;7.17285714285714;6.88571428571429;7.23
04.09.06;;7.23;7.70090909090909;7.54076923076923;;7.0646875;6.42515151515152;7.35;6.53857142857143;6.789;6.875;6.74666666666667;7.15071428571429;6.91857142857143;7.28
05.09.06;;7.2225;7.67909090909091;7.48769230769231;;7.045;6.43030303030303;7.32857142857143;6.55142857142857;6.782;6.87;6.75;7.12857142857143;6.95142857142857;7.33
06.09.06;;7.215;7.65727272727273;7.43461538461539;;7.0253125;6.43545454545455;7.30714285714286;6.56428571428571;6.775;6.865;6.74407407407407;7.10642857142857;6.98428571428571;7.38
07.09.06;;7.2075;7.63545454545455;7.38153846153846;;7.005625;6.44060606060606;7.28571428571429;6.57714285714286;6.768;6.86;6.73814814814815;7.08428571428571;7.01714285714286;7.38727272727273
08.09.06;;7.2;7.61363636363636;7.32846153846154;;6.9859375;6.44575757575758;7.26428571428571;6.59;6.761;6.855;6.73222222222222;7.06214285714286;7.05;7.39454545454545
09.09.06;;7.16666666666667;7.59181818181818;7.27538461538462;;6.96625;6.45090909090909;7.24285714285714;6.57944444444444;6.754;6.85;6.7262962962963;7.04;7.04409090909091;7.40181818181818
10.09.06;;7.13333333333333;7.57;7.22230769230769;;6.9465625;6.45606060606061;7.22142857142857;6.56888888888889;6.747;6.845;6.72037037037037;7.03272727272727;7.03818181818182;7.40909090909091
11.09.06;;7.1;7.572;7.16923076923077;;6.926875;6.46121212121212;7.2;6.55833333333333;6.74;6.84;6.71444444444444;7.02545454545455;7.03227272727273;7.41636363636364
12.09.06;;7.08666666666667;7.574;7.11615384615385;;6.9071875;6.46636363636364;7.183;6.54777777777778;6.82333333333333;6.80857142857143;6.70851851851852;7.01818181818182;7.02636363636364;7.42363636363636
13.09.06;;7.07333333333333;7.576;7.06307692307692;;6.8875;6.47151515151515;7.166;6.53722222222222;6.90666666666667;6.77714285714286;6.70259259259259;7.01090909090909;7.02045454545455;7.43090909090909
14.09.06;;7.06;7.578;7.01;;6.8678125;6.47666666666667;7.149;6.52666666666667;6.99;6.74571428571429;6.69666666666667;7.00363636363636;7.01454545454546;7.43818181818182
15.09.06;;7.04;7.58;6.978;;6.848125;6.48181818181818;7.132;6.51611111111111;6.95;6.71428571428571;6.69074074074074;6.99636363636364;7.00863636363636;7.44545454545455
16.09.06;;7.02;7.55909090909091;6.946;;6.8284375;6.4869696969697;7.115;6.50555555555556;6.91;6.68285714285714;6.68481481481482;6.98909090909091;7.00272727272727;7.45272727272727
17.09.06;;7;7.53818181818182;6.914;;6.80875;6.49212121212121;7.098;6.495;6.87;6.65142857142857;6.67888888888889;6.98181818181818;6.99681818181818;7.46
18.09.06;;6.955;7.51727272727273;6.882;;6.7890625;6.49727272727273;7.081;6.48444444444445;6.83;6.62;6.67296296296296;6.97454545454546;6.99090909090909;7.44764705882353
19.09.06;;6.91;7.49636363636364;6.85;;6.769375;6.50242424242424;7.064;6.47388888888889;6.79;6.65666666666667;6.66703703703704;6.96727272727273;6.985;7.43529411764706
20.09.06;;6.865;7.47545454545455;6.856;;6.7496875;6.50757575757576;7.047;6.46333333333333;6.75;6.69333333333333;6.66111111111111;6.96;6.97909090909091;7.42294117647059
21.09.06;;6.82;7.45454545454546;6.862;;6.73;6.51272727272727;7.03;6.45277777777778;6.71;6.73;6.65518518518519;6.95272727272727;6.97318181818182;7.41058823529412
22.09.06;;6.82333333333333;7.43363636363636;6.868;;6.7103125;6.51787878787879;7.013;6.44222222222222;6.67;6.76666666666667;6.64925925925926;6.94545454545455;6.96727272727273;7.39823529411765
23.09.06;;6.82666666666667;7.41272727272727;6.874;;6.690625;6.5230303030303;6.996;6.43166666666667;6.63;6.80333333333333;6.64333333333333;6.93818181818182;6.96136363636364;7.38588235294118
24.09.06;;6.83;7.39181818181818;6.88;;6.6709375;6.52818181818182;6.979;6.42111111111111;6.59;6.84;6.63740740740741;6.93090909090909;6.95545454545455;7.37352941176471
25.09.06;;6.8675;7.37090909090909;6.884;;6.65125;6.53333333333333;6.962;6.41055555555556;6.55;6.87666666666667;6.63148148148148;6.92363636363636;6.94954545454545;7.36117647058824
26.09.06;;6.905;7.35;6.888;;6.6315625;6.53848484848485;6.945;6.4;6.51;6.91333333333333;6.62555555555556;6.91636363636364;6.94363636363636;7.34882352941176
27.09.06;;6.9425;7.348;6.892;;6.611875;6.54363636363636;6.928;6.4;6.47;6.95;6.61962962962963;6.90909090909091;6.93772727272727;7.33647058823529
28.09.06;;6.98;7.346;6.896;;6.5921875;6.54878787878788;6.911;6.4;6.47666666666667;6.93615384615385;6.6137037037037;6.90181818181818;6.93181818181818;7.32411764705882
29.09.06;;6.9625;7.344;6.9;;6.5725;6.55393939393939;6.894;6.4;6.48333333333333;6.92230769230769;6.60777777777778;6.89454545454545;6.92590909090909;7.31176470588235
30.09.06;;6.945;7.342;6.92;;6.5528125;6.55909090909091;6.877;6.4;6.49;6.90846153846154;6.60185185185185;6.88727272727273;6.92;7.29941176470588
01.10.06;7.75999999999999;6.9275;7.34;6.94;;6.533125;6.56424242424242;6.86;6.4;6.49666666666667;6.89461538461539;6.59592592592593;6.88;6.92476190476191;7.28705882352941
02.10.06;7.775;6.91;7.33833333333333;6.96;;6.5134375;6.56939393939394;6.8675;6.4;6.50333333333333;6.88076923076923;6.59;6.88714285714286;6.92952380952381;7.27470588235294
03.10.06;7.79;6.87333333333333;7.33666666666667;6.98;;6.49375;6.57454545454545;6.875;6.4;6.51;6.86692307692308;6.5975;6.89428571428571;6.93428571428571;7.26235294117647
04.10.06;7.85;6.83666666666667;7.335;6.87;;6.4740625;6.57969696969697;6.8825;6.4;6.51;6.85307692307692;6.605;6.90142857142857;6.93904761904762;7.25
05.10.06;7.91;6.8;7.33333333333333;6.76;;6.454375;6.58484848484849;6.89;6.41666666666667;6.51;6.83923076923077;6.6125;6.90857142857143;6.94380952380952;7.26714285714286
06.10.06;7.97;6.83;7.33166666666667;6.76266666666667;;6.4346875;6.59;6.8975;6.43333333333333;6.51;6.82538461538462;6.62;6.91571428571429;6.94857142857143;7.28428571428572
07.10.06;8.03;6.86;7.33;6.76533333333333;;6.415;6.495;6.905;6.45;6.51;6.81153846153846;6.6275;6.92285714285714;6.95333333333333;7.30142857142857
08.10.06;8.06333333333333;6.89;7.328;6.768;;6.3953125;6.4;6.9125;6.46666666666667;6.51;6.79769230769231;6.635;6.93;6.95809523809524;7.31857142857143
09.10.06;8.09666666666667;6.8375;7.326;6.77066666666667;;6.375625;6.41555555555556;6.92;6.48333333333333;6.51;6.78384615384615;6.6425;6.92428571428571;6.96285714285714;7.33571428571429
10.10.06;8.13;6.785;7.324;6.77333333333333;6.3;6.3559375;6.43111111111111;6.9275;6.5;6.51;6.77;6.65;6.91857142857143;6.96761904761905;7.35285714285714
11.10.06;7.91333333333333;6.7325;7.322;6.776;6.3375;6.33625;6.44666666666667;6.935;6.41333333333333;6.51;6.77;6.65714285714286;6.91285714285714;6.97238095238095;7.37
12.10.06;7.69666666666667;6.68;7.32;6.77866666666667;6.375;6.3165625;6.46222222222222;6.9425;6.32666666666667;6.51;6.77;6.66428571428572;6.90714285714286;6.97714285714286;7.365
13.10.06;7.48;6.68666666666667;7.314;6.78133333333333;6.4125;6.296875;6.47777777777778;6.95;6.24;6.51;6.77;6.67142857142857;6.90142857142857;6.98190476190476;7.36
14.10.06;7.45375;6.69333333333333;7.308;6.784;6.45;6.2771875;6.49333333333333;6.95;6.25;6.51;6.77;6.67857142857143;6.89571428571429;6.98666666666667;7.355
15.10.06;7.4275;6.7;7.302;6.78666666666667;6.4875;6.2575;6.50888888888889;6.95;6.26;6.51;6.77;6.68571428571429;6.89;6.99142857142857;7.35
16.10.06;7.40125;6.73;7.296;6.78933333333333;6.525;6.2378125;6.52444444444445;6.95;6.27;6.51;6.77;6.69285714285714;6.89571428571429;6.99619047619048;7.345
17.10.06;7.375;6.76;7.29;6.792;6.5625;6.218125;6.54;6.95;6.28;6.51;6.77;6.7;6.90142857142857;7.00095238095238;7.34
18.10.06;7.34875;6.79;7.284;6.79466666666667;6.6;6.1984375;6.4925;6.95;6.29;6.5;6.77;6.68857142857143;6.90714285714286;7.00571428571429;7.335
19.10.06;7.3225;6.82;7.278;6.79733333333333;6.57272727272727;6.17875;6.445;6.95;6.3;6.49;6.77428571428571;6.67714285714286;6.91285714285714;7.01047619047619;7.33
20.10.06;7.29625;6.785;7.272;6.8;6.54545454545455;6.1590625;6.3975;6.95;6.3;6.48;6.77857142857143;6.66571428571429;6.91857142857143;7.0152380952381;7.325
21.10.06;7.27;6.75;7.266;6.81923076923077;6.51818181818182;6.139375;6.35;6.95;6.3;6.47;6.78285714285714;6.65428571428572;6.92428571428571;7.02;7.32
22.10.06;7.26666666666667;6.715;7.26;6.83846153846154;6.49090909090909;6.1196875;6.35;6.95;6.3;6.46;6.78714285714286;6.64285714285714;6.93;7.02476190476191;7.315
23.10.06;7.26333333333333;6.68;7.25090909090909;6.85769230769231;6.46363636363636;6.1;6.35;6.95;6.3;6.45;6.79142857142857;6.63142857142857;6.91833333333333;7.02952380952381;7.31
24.10.06;7.26;6.68333333333333;7.24181818181818;6.87692307692308;6.43636363636364;6.14;6.35;6.95;6.3;6.44;6.79571428571429;6.62;6.90666666666667;7.03428571428572;7.305
25.10.06;7.27333333333333;6.68666666666667;7.23272727272727;6.89615384615385;6.40909090909091;6.18;6.35;6.95;6.3;6.45;6.8;6.63142857142857;6.895;7.03904761904762;7.3
26.10.06;7.28666666666667;6.69;7.22363636363636;6.91538461538462;6.38181818181818;6.22;6.35;6.95;6.3;6.46;6.79428571428571;6.64285714285714;6.88333333333333;7.04380952380952;7.30571428571429
27.10.06;7.3;6.6675;7.21454545454546;6.93461538461538;6.35454545454545;6.26;6.35;6.935;6.27428571428571;6.47;6.78857142857143;6.65428571428571;6.87166666666667;7.04857142857143;7.31142857142857
28.10.06;7.35333333333333;6.645;7.20545454545455;6.95384615384615;6.32727272727273;6.3;6.35;6.92;6.24857142857143;6.48;6.78285714285714;6.66571428571429;6.86;7.05333333333333;7.31714285714286
29.10.06;7.40666666666667;6.6225;7.19636363636364;6.97307692307692;6.3;6.3;6.35;6.905;6.22285714285714;6.49;6.77714285714286;6.67714285714286;6.8675;7.05809523809524;7.32285714285714
30.10.06;7.46;6.6;7.18727272727273;6.99230769230769;6.36;6.3;6.35;6.89;6.19714285714286;6.5;6.77142857142857;6.68857142857143;6.875;7.06285714285714;7.32857142857143
31.10.06;7.425;6.63333333333333;7.17818181818182;7.01153846153846;6.42;6.3;6.35;6.875;6.17142857142857;6.51;6.76571428571429;6.7;6.8825;7.06761904761905;7.33428571428571
01.11.06;7.39;6.66666666666667;7.16909090909091;7.03076923076923;6.48;6.34285714285714;6.37833333333333;6.86;6.14571428571429;6.52;6.76;6.71571428571429;6.89;7.07238095238095;7.34
02.11.06;7.364;6.7;7.16;7.05;6.50571428571429;6.38571428571429;6.40666666666667;6.845;6.12;6.49;6.75428571428571;6.73142857142857;6.8975;7.07714285714286;7.3175
03.11.06;7.338;6.73333333333333;7.17538461538462;7.05;6.53142857142857;6.42857142857143;6.435;6.83;6.12;6.46;6.74857142857143;6.74714285714286;6.905;7.08190476190476;7.295
04.11.06;7.312;6.76666666666667;7.19076923076923;7.05;6.55714285714286;6.47142857142857;6.46333333333333;6.815;6.12;6.43;6.74285714285714;6.76285714285714;6.9125;7.08666666666667;7.2725
05.11.06;7.286;6.8;7.20615384615385;7.05;6.58285714285714;6.51428571428571;6.49166666666667;6.8;6.12;6.4;6.73714285714286;6.77857142857143;6.92;7.09142857142857;7.25
06.11.06;7.26;6.76;7.22153846153846;7.05;6.60857142857143;6.55714285714286;6.52;6.81428571428571;6.12;6.37;6.73142857142857;6.79428571428571;6.89428571428571;7.09619047619048;7.2275
07.11.06;7.26;6.72;7.23692307692308;7.05;6.63428571428571;6.6;6.476;6.82857142857143;6.12;6.34;6.72571428571429;6.81;6.86857142857143;7.10095238095238;7.205
08.11.06;7.26;6.68;7.25230769230769;7.05;6.66;6.6;6.432;6.84285714285714;6.12;6.31;6.72;6.784;6.84285714285714;7.10571428571429;7.1825
09.11.06;7.26;6.64;7.26769230769231;7.05;6.62;6.6;6.388;6.85714285714286;6.12;6.29;6.7;6.758;6.81714285714286;7.11047619047619;7.16
10.11.06;7.26;6.57666666666667;7.28307692307692;7.05;6.58;6.6;6.344;6.87142857142857;6.13857142857143;6.27;6.68;6.732;6.79142857142857;7.1152380952381;7.17142857142857
11.11.06;7.26333333333333;6.51333333333333;7.29846153846154;7.05;6.54;6.6;6.3;6.88571428571429;6.15714285714286;6.25;6.66;6.706;6.76571428571429;7.12;7.18285714285714
12.11.06;7.26666666666667;6.45;7.31384615384615;7.05;6.5;6.6;6.31142857142857;6.9;6.17571428571429;6.23;6.64;6.68;6.74;7.046;7.19428571428571
13.11.06;7.27;6.4725;7.32923076923077;7.05;6.48571428571429;6.6;6.32285714285714;6.87857142857143;6.19428571428572;6.21;6.62;6.64428571428571;6.70714285714286;6.972;7.20571428571429
14.11.06;7.14;6.495;7.34461538461539;7.02666666666667;6.47142857142857;6.6;6.33428571428571;6.85714285714286;6.21285714285714;6.19;6.6;6.60857142857143;6.67428571428571;6.898;7.21714285714286
15.11.06;7.01;6.5175;7.36;7.00333333333333;6.45714285714286;6.55;6.34571428571429;6.83571428571429;6.23142857142857;6.17;6.58;6.57285714285714;6.64142857142857;6.824;7.22857142857143
16.11.06;6.88;6.54;7.36428571428572;6.98;6.44285714285714;6.5;6.35714285714286;6.81428571428571;6.25;6.19714285714286;6.58909090909091;6.53714285714286;6.60857142857143;6.75;7.24
17.11.06;6.75;6.52857142857143;7.36857142857143;6.95666666666667;6.42857142857143;6.45;6.36857142857143;6.79285714285714;6.22857142857143;6.22428571428571;6.59818181818182;6.50142857142857;6.57571428571429;6.76875;7.20625
18.11.06;6.7425;6.51714285714286;7.37285714285714;6.93333333333333;6.41428571428572;6.4;6.38;6.77142857142857;6.20714285714286;6.25142857142857;6.60727272727273;6.46571428571429;6.54285714285714;6.7875;7.1725
19.11.06;6.735;6.50571428571429;7.37714285714286;6.91;6.4;6.35;6.3525;6.75;6.18571428571429;6.27857142857143;6.61636363636364;6.43;6.51;6.80625;7.13875
20.11.06;6.7275;6.49428571428572;7.38142857142857;6.88666666666667;6.4;6.3;6.325;6.72857142857143;6.16428571428571;6.30571428571429;6.62545454545455;6.41375;6.50428571428571;6.825;7.105
21.11.06;6.72;6.48285714285714;7.38571428571429;6.86333333333333;6.4;6.3;6.2975;6.70714285714286;6.14285714285714;6.33285714285714;6.63454545454546;6.3975;6.49857142857143;6.84375;7.07125
22.11.06;6.792;6.47142857142857;7.39;6.84;6.4;6.3;6.27;6.68571428571429;6.12142857142857;6.36;6.64363636363636;6.38125;6.49285714285714;6.8625;7.0375
23.11.06;6.804;6.46;7.3475;6.81666666666667;6.4;6.3;6.2425;6.66428571428571;6.1;6.34125;6.65272727272727;6.365;6.48714285714286;6.88125;7.00375
24.11.06;6.816;6.44857142857143;7.305;6.79333333333333;6.4;6.3;6.215;6.64285714285714;6.1;6.3225;6.66181818181818;6.34875;6.48142857142857;6.9;6.97
25.11.06;6.828;6.43714285714286;7.2625;6.77;6.4;6.3;6.1875;6.62142857142857;6.1;6.30375;6.67090909090909;6.3325;6.47571428571429;6.86666666666667;6.97
26.11.06;6.84;6.42571428571429;7.22;6.756;6.4;6.3;6.16;6.6;6.1;6.285;6.68;6.31625;6.47;6.83333333333333;6.97
27.11.06;6.852;6.41428571428572;7.19;6.742;6.4;6.3;6.17;6.6;6.1;6.26625;6.68;6.3;6.47;6.8;6.97
28.11.06;6.864;6.40285714285714;7.16;6.728;6.4;6.3;6.18;6.6;6.1;6.2475;6.68;6.26666666666667;6.47;6.76666666666667;6.97
29.11.06;6.876;6.39142857142857;7.13;6.714;6.4;6.3;6.19;6.6;6.1;6.22875;6.68;6.23333333333333;6.47;6.73333333333333;6.97
30.11.06;6.888;6.38;7.1;6.7;6.4;6.3;6.2;6.6;6.1;6.21;6.68;6.2;6.47;6.7;6.97