01.12.05;74;;;96;80;43;45;120;56;70;51;100;96;96;96
02.12.05;72;;;95.8571428571429;79.3809523809524;46;47.25;123.333333333333;55.6363636363636;71;50.3333333333333;100.166666666667;96.25;97;94.875
03.12.05;70;47;53;95.7142857142857;78.7619047619048;49;49.5;126.666666666667;55.2727272727273;71.9;49.6666666666667;100.333333333333;96.5;100.857142857143;93.75
04.12.05;68;47.1666666666667;56.3333333333333;95.5714285714286;78.1428571428571;52;51.75;130;54.9090909090909;72.8;49;100.5;96.75;104.714285714286;92.625
05.12.05;67.8333333333333;47.3333333333333;59.6666666666667;95.4285714285714;77.5238095238095;55;54;131.333333333333;54.5454545454546;73.7;48.3333333333333;100.666666666667;97;108.571428571429;91.5
06.12.05;67.6666666666667;47.5;63;95.2857142857143;76.9047619047619;55.375;54.2857142857143;132.666666666667;54.1818181818182;74.6;47.6666666666667;100.833333333333;92.8571428571429;112.428571428571;90.375
07.12.05;67.5;47.6666666666667;66.3333333333333;95.1428571428571;76.2857142857143;55.75;54.5714285714286;134;53.8181818181818;75.5;47;101;88.7142857142857;116.285714285714;89.25
08.12.05;67.3333333333333;47.8333333333333;69.6666666666667;95;75.6666666666667;56.125;54.8571428571429;135.333333333333;53.4545454545455;76.4;47.4285714285714;101.166666666667;84.5714285714286;120.142857142857;88.125
09.12.05;67.1666666666667;48;73;;75.0476190476191;56.5;55.1428571428571;136.666666666667;53.0909090909091;77.3;47.8571428571429;101.333333333333;80.4285714285714;124;87
10.12.05;67;48.1666666666667;75;;74.4285714285714;56.875;55.4285714285714;138;52.7272727272727;78.2;48.2857142857143;101.5;76.2857142857143;124.5;88.4
11.12.05;67.4285714285714;48.3333333333333;77;;73.8095238095238;57.25;55.7142857142857;136.857142857143;52.3636363636364;79.1;48.7142857142857;101.666666666667;72.1428571428572;125;89.8
12.12.05;67.8571428571429;48.5;79;;73.1904761904762;57.625;56;135.714285714286;52;80;49.1428571428571;101.833333333333;68;125.5;91.2
13.12.05;68.2857142857143;48.6666666666667;81;;72.5714285714286;58;56.3571428571429;134.571428571429;52.96875;78.6666666666667;49.5714285714286;102;68;126;92.6
14.12.05;68.7142857142857;48.8333333333333;83;;71.952380952381;61.375;56.7142857142857;133.428571428571;53.9375;77.3333333333333;50;101;68;126.5;94
15.12.05;69.1428571428571;49;86.3571428571429;;71.3333333333333;64.75;57.0714285714286;132.285714285714;54.90625;76;50;100;68;127;93.4285714285714
16.12.05;69.5714285714286;52.9;89.7142857142857;;70.7142857142857;68.125;57.4285714285714;131.142857142857;55.875;74.6666666666667;50;99;68;127.692307692308;92.8571428571429
17.12.05;70;56.8;93.0714285714286;;70.0952380952381;71.5;57.7857142857143;130;56.84375;73.3333333333333;50;98;68;128.384615384615;92.2857142857143
18.12.05;70.5714285714286;60.7;96.4285714285714;;69.4761904761905;74.875;58.1428571428571;125.625;57.8125;72;50;97;68;129.076923076923;91.7142857142857
19.12.05;71.1428571428571;64.6;99.7857142857143;;68.8571428571429;78.25;58.5;121.25;58.78125;70.6666666666667;50;96;68;129.769230769231;91.1428571428571
20.12.05;71.7142857142857;68.5;103.142857142857;;68.2380952380952;81.625;58.8571428571429;116.875;59.75;69.3333333333334;50;95;68;130.461538461538;90.5714285714286
21.12.05;72.2857142857143;72.4;106.5;;67.6190476190476;85;59.2142857142857;112.5;60.71875;68;50;94;68;131.153846153846;90
22.12.05;72.8571428571429;76.3;109.857142857143;;67;88.375;59.5714285714286;108.125;61.6875;67.4761904761905;50;93;68;131.846153846154;89.4285714285714
23.12.05;73.4285714285714;80.2;113.214285714286;;66.9230769230769;91.75;59.9285714285714;103.75;62.65625;66.952380952381;49;92;68;132.538461538462;88.8571428571429
24.12.05;74;84.1;116.571428571429;;66.8461538461538;95.125;60.2857142857143;99.375;63.625;66.4285714285715;48;91;68;133.230769230769;88.2857142857143
25.12.05;74.8;88;119.928571428571;;66.7692307692308;98.5;60.6428571428571;95;64.59375;65.9047619047619;47;90;68;133.923076923077;87.7142857142857
26.12.05;75.6;94.2;123.285714285714;;66.6923076923077;101.875;61;96;65.5625;65.3809523809524;46;89;69.1428571428571;134.615384615385;87.1428571428572
27.12.05;76.4;100.4;126.642857142857;;66.6153846153846;105.25;61.3571428571429;97;66.53125;64.8571428571429;45;88;70.2857142857143;135.307692307692;86.5714285714286
28.12.05;77.2;106.6;130;;66.5384615384615;108.625;61.7142857142857;98;67.5;64.3333333333334;44.8461538461539;88.7692307692308;71.4285714285714;136;86
29.12.05;78;112.8;129.588235294118;;66.4615384615385;112;62.0714285714286;99;68.46875;63.8095238095238;44.6923076923077;89.5384615384615;72.5714285714286;132.764705882353;85.2666666666667
30.12.05;79.5384615384616;119;129.176470588235;;66.3846153846154;110.692307692308;62.4285714285714;100;69.4375;63.2857142857143;44.5384615384615;90.3076923076923;73.7142857142857;129.529411764706;84.5333333333333
31.12.05;81.0769230769231;121.583333333333;128.764705882353;;66.3076923076923;109.384615384615;62.7857142857143;100.142857142857;70.40625;62.7619047619048;44.3846153846154;91.0769230769231;74.8571428571428;126.294117647059;83.8
01.01.06;82.6153846153846;124.166666666667;128.352941176471;;66.2307692307692;108.076923076923;63.1428571428571;100.285714285714;71.375;62.2380952380953;44.2307692307692;91.8461538461538;76;123.058823529412;83.0666666666667
02.01.06;84.1538461538462;126.75;127.941176470588;;66.1538461538462;106.769230769231;63.5;100.428571428571;72.34375;61.7142857142857;44.0769230769231;92.6153846153846;77.1428571428571;119.823529411765;82.3333333333333
03.01.06;85.6923076923077;129.333333333333;127.529411764706;;66.0769230769231;105.461538461538;63.8571428571429;100.571428571429;73.3125;61.1904761904762;43.9230769230769;93.3846153846154;78.2857142857143;116.588235294118;81.6
04.01.06;87.2307692307692;131.916666666667;127.117647058824;;66;104.153846153846;64.2142857142857;100.714285714286;74.28125;60.6666666666667;43.7692307692308;94.1538461538462;79.4285714285714;113.352941176471;80.8666666666667
05.01.06;88.7692307692308;134.5;126.705882352941;;65.9230769230769;102.846153846154;64.5714285714286;100.857142857143;75.25;60.1428571428572;43.6153846153846;94.9230769230769;80.5714285714285;110.117647058824;80.1333333333333
06.01.06;90.3076923076923;137.083333333333;126.294117647059;;65.8461538461538;101.538461538462;64.9285714285714;101;76.21875;59.6190476190476;43.4615384615385;95.6923076923077;81.7142857142857;106.882352941176;79.4
07.01.06;91.8461538461539;139.666666666667;125.882352941176;;65.7692307692308;100.230769230769;65.2857142857143;101.142857142857;77.1875;59.0952380952381;43.3076923076923;96.4615384615385;82.8571428571428;103.647058823529;78.6666666666667
08.01.06;93.3846153846154;142.25;125.470588235294;;65.6923076923077;98.9230769230769;65.6428571428571;101.285714285714;78.15625;58.5714285714286;43.1538461538462;97.2307692307692;84;100.411764705882;77.9333333333333
09.01.06;94.9230769230769;144.833333333333;125.058823529412;;65.6153846153846;97.6153846153846;66;101.428571428571;79.125;58.0476190476191;43;98;85.1428571428571;97.1764705882353;77.2
10.01.06;96.4615384615385;147.416666666667;124.647058823529;;65.5384615384615;96.3076923076923;60;101.571428571429;80.09375;57.5238095238095;43.5;96.0714285714286;86.2857142857142;93.9411764705882;76.4666666666667
11.01.06;98;150;124.235294117647;;65.4615384615385;95;54;101.714285714286;81.0625;57;44;94.1428571428571;87.4285714285714;90.7058823529412;75.7333333333333
12.01.06;98;149;123.823529411765;;65.3846153846154;92.3513513513514;48;101.857142857143;82.03125;58.4615384615385;44.5;92.2142857142857;88.5714285714285;87.4705882352941;75
13.01.06;98;148;123.411764705882;;65.3076923076923;92.1621621621622;42;102;83;59.9230769230769;45;90.2857142857143;89.7142857142857;84.235294117647;77.0833333333333
14.01.06;98;147;123;;65.2307692307692;91.972972972973;43.2;102.444444444444;84.375;61.3846153846154;45.5;88.3571428571429;90.8571428571428;81;79.1666666666667
15.01.06;98;146;122.884615384615;;65.1538461538462;91.7837837837838;44.4;102.888888888889;85.75;62.8461538461539;46;86.4285714285714;91.9999999999999;84;81.25
16.01.06;98;145;122.769230769231;;65.0769230769231;91.5945945945946;45.6;103.333333333333;87.125;64.3076923076923;46.5;84.5;90.5714285714285;87;83.3333333333333
17.01.06;98;144.571428571429;122.653846153846;;65;91.4054054054054;46.8;103.777777777778;88.5;65.7692307692308;47;82.5714285714286;89.1428571428571;90;85.4166666666667
18.01.06;98;144.142857142857;122.538461538462;;65.6896551724138;91.2162162162162;48;104.222222222222;89.875;67.2307692307692;47.5;80.6428571428571;87.7142857142857;93;87.5
19.01.06;98;143.714285714286;122.423076923077;;66.3793103448276;91.027027027027;49.2;104.666666666667;91.25;68.6923076923077;48;78.7142857142857;86.2857142857143;96;89.5833333333333
20.01.06;98;143.285714285714;122.307692307692;;67.0689655172414;90.8378378378378;50.4;105.111111111111;92.625;70.1538461538462;48.5;76.7857142857143;84.8571428571429;99;91.6666666666666
21.01.06;98;142.857142857143;122.192307692308;;67.7586206896552;90.6486486486487;51.6;105.555555555556;94;71.6153846153846;49;74.8571428571428;83.4285714285714;102;93.75
22.01.06;97.5;142.428571428571;122.076923076923;;68.448275862069;90.4594594594595;52.8;106;94;73.0769230769231;49.5;72.9285714285714;82;105;95.8333333333333
23.01.06;97;142;121.961538461538;;69.1379310344828;90.2702702702703;54;108.846153846154;94;74.5384615384615;50;71;83.5;108;97.9166666666666
24.01.06;96.5;140.6;121.846153846154;;69.8275862068966;90.0810810810811;56.9090909090909;111.692307692308;94;76;50.5;72.5384615384615;85;111;100
25.01.06;96;139.2;121.730769230769;;70.5172413793104;89.8918918918919;59.8181818181818;114.538461538462;94;76.2;51;74.0769230769231;86.5;114;97.5555555555555
26.01.06;94.6;137.8;121.615384615385;;71.2068965517241;89.7027027027027;62.7272727272727;117.384615384615;94;76.4;51.7142857142857;75.6153846153846;88;117;95.1111111111111
27.01.06;93.2;136.4;121.5;;71.8965517241379;89.5135135135135;65.6363636363636;120.230769230769;94;76.6;52.4285714285714;77.1538461538462;89.5;116.375;92.6666666666666
28.01.06;91.8;135;121.384615384615;;72.5862068965517;89.3243243243243;68.5454545454546;123.076923076923;94;76.8;53.1428571428571;78.6923076923077;91;115.75;90.2222222222222
29.01.06;90.4;134.2;121.269230769231;;73.2758620689655;89.1351351351351;71.4545454545455;125.923076923077;94;77;53.8571428571429;80.2307692307692;92.5;115.125;87.7777777777778
30.01.06;89;133.4;121.153846153846;;73.9655172413793;88.945945945946;74.3636363636364;128.769230769231;94;77.2;54.5714285714286;81.7692307692308;94;114.5;85.3333333333333
31.01.06;87;132.6;121.038461538462;;74.6551724137931;88.7567567567568;77.2727272727273;131.615384615385;94;77.4;55.2857142857143;83.3076923076923;94;113.875;82.8888888888889
01.02.06;85;131.8;120.923076923077;;75.3448275862069;88.5675675675676;80.1818181818182;134.461538461539;94;77.6;56;84.8461538461538;94;113.25;80.4444444444444
02.02.06;83;131;120.807692307692;;76.0344827586207;88.3783783783784;83.0909090909091;137.307692307692;94;77.8;55.8333333333333;86.3846153846154;94;112.625;78
03.02.06;81;130.857142857143;120.692307692308;;76.7241379310345;88.1891891891892;86;140.153846153846;94;78;55.6666666666667;87.9230769230769;94;112;76.9230769230769
04.02.06;79;130.714285714286;120.576923076923;;77.4137931034483;88;87.1;143;92.9090909090909;78.2;55.5;89.4615384615385;94;110.625;75.8461538461538
05.02.06;78.6666666666667;130.571428571429;120.461538461538;;78.1034482758621;87.75;88.2;142.222222222222;91.8181818181818;78.4;55.3333333333333;91;94;109.25;74.7692307692308
06.02.06;78.3333333333333;130.428571428571;120.346153846154;;78.7931034482759;87.5;89.3;141.444444444444;90.7272727272727;78.6;55.1666666666667;91.25;94;107.875;73.6923076923077
07.02.06;78;130.285714285714;120.230769230769;;79.4827586206897;87.25;90.4;140.666666666667;89.6363636363636;78.8;55;91.5;94;106.5;72.6153846153846
08.02.06;77.6666666666667;130.142857142857;120.115384615385;;80.1724137931034;87;91.5;139.888888888889;88.5454545454546;79;54.8333333333333;91.75;94;105.125;71.5384615384615
09.02.06;77.3333333333333;130;120;;80.8620689655172;86.75;92.6;139.111111111111;87.4545454545455;79.6666666666667;54.6666666666667;92;94;103.75;70.4615384615384
10.02.06;77;128.2;120.970588235294;;81.551724137931;86.5;93.7;138.333333333333;86.3636363636364;80.3333333333333;54.5;92.25;94;102.375;69.3846153846154
11.02.06;76.6666666666667;126.4;121.941176470588;;82.2413793103448;86.25;94.8;137.555555555556;85.2727272727273;81;54.3333333333333;92.5;94;101;68.3076923076923
12.02.06;76.3333333333333;124.6;122.911764705882;;82.9310344827586;86;95.9;136.777777777778;84.1818181818182;81.6666666666667;54.1666666666667;92.75;94;102.714285714286;67.2307692307692
13.02.06;76;122.8;123.882352941176;;83.6206896551724;85.4285714285714;97;136;83.0909090909091;82.3333333333333;54;93;92.8571428571429;104.428571428571;66.1538461538461
14.02.06;75.6666666666667;121;124.852941176471;;84.3103448275862;84.8571428571429;96;132.833333333333;82;83;53.8333333333333;91.9230769230769;91.7142857142857;106.142857142857;65.076923076923
15.02.06;75.3333333333333;117.6;125.823529411765;;85;84.2857142857143;95;129.666666666667;80.9090909090909;84;53.6666666666667;90.8461538461538;90.5714285714286;107.857142857143;64
16.02.06;75;114.2;126.794117647059;;85.5185185185185;83.7142857142857;94;126.5;79.8181818181818;85;53.5;89.7692307692308;89.4285714285714;109.571428571429;64.4444444444444
17.02.06;74.3333333333333;110.8;127.764705882353;;86.037037037037;83.1428571428571;93;123.333333333333;78.7272727272728;86;53.3333333333333;88.6923076923077;88.2857142857143;111.285714285714;64.8888888888889
18.02.06;73.6666666666667;107.4;128.735294117647;;86.5555555555556;82.5714285714286;92.7777777777778;120.166666666667;77.6363636363637;87;53.1666666666667;87.6153846153846;87.1428571428572;113;65.3333333333333
19.02.06;73;104;129.705882352941;;87.0740740740741;82;92.5555555555556;117;76.5454545454546;88;53;86.5384615384615;86;114.714285714286;65.7777777777778
20.02.06;72.3333333333333;109.2;130.676470588235;;87.5925925925926;82;92.3333333333333;117.142857142857;75.4545454545455;89;53.7142857142857;85.4615384615384;86.875;116.428571428571;66.2222222222222
21.02.06;71.6666666666667;114.4;131.647058823529;;88.1111111111111;82;92.1111111111111;117.285714285714;74.3636363636364;90;54.4285714285714;84.3846153846154;87.75;118.142857142857;66.6666666666667
22.02.06;71;119.6;132.617647058824;;88.6296296296296;82;91.8888888888889;117.428571428571;73.2727272727273;90;55.1428571428571;83.3076923076923;88.625;119.857142857143;67.1111111111111
23.02.06;71.8333333333333;124.8;133.588235294118;;89.1481481481481;82;91.6666666666667;117.571428571429;72.1818181818182;90;55.8571428571429;82.2307692307692;89.5;121.571428571429;67.5555555555555
24.02.06;72.6666666666667;130;134.558823529412;91;89.6666666666667;82;91.4444444444444;117.714285714286;71.0909090909091;90;56.5714285714286;81.1538461538461;90.375;123.285714285714;68
25.02.06;73.5;129.285714285714;135.529411764706;90.7647058823529;90.1851851851852;82;91.2222222222222;117.857142857143;70;90;57.2857142857143;80.076923076923;91.25;125;66.8333333333333
26.02.06;74.3333333333333;128.571428571429;136.5;90.5294117647059;90.7037037037037;82;91;118;69.5;90;58;79;92.125;126.8;65.6666666666667
27.02.06;75.1666666666667;127.857142857143;137.470588235294;90.2941176470588;91.2222222222222;82;93.875;118;69;90;58.7142857142857;78.6153846153846;93;128.6;64.5
28.02.06;76;127.142857142857;138.441176470588;90.0588235294118;91.7407407407407;82;96.75;118;68.5;90;59.4285714285714;78.2307692307692;92.6666666666667;130.4;63.3333333333333
01.03.06;73.5;126.428571428571;139.411764705882;89.8235294117647;92.2592592592593;82;99.625;118;68;90;60.1428571428571;77.8461538461538;92.3333333333333;132.2;62.1666666666667
02.03.06;72.25;125.714285714286;140.382352941176;89.5882352941177;92.7777777777778;82;102.5;118;67.5;86.5;60.8571428571429;77.4615384615384;92;134;61
03.03.06;71;125;141.352941176471;89.3529411764706;93.2962962962963;82;105.375;118;67;83;61.5714285714286;77.0769230769231;91.6666666666667;134;60.75
04.03.06;70.3333333333333;124.8;142.323529411765;89.1176470588235;93.8148148148148;82;108.25;118;66.5;79.5;62.2857142857143;76.6923076923077;91.3333333333333;134;60.5
05.03.06;69.6666666666667;124.6;143.294117647059;88.8823529411765;94.3333333333333;82;111.125;118;66;76;63;76.3076923076923;91;134;60.25
06.03.06;69;124.4;144.264705882353;88.6470588235294;94.8518518518519;82;114;117.25;65.5;72.5;64.3529411764706;75.9230769230769;89.8333333333333;134;60
07.03.06;68.3333333333333;124.2;145.235294117647;88.4117647058824;95.3703703703704;82;112.047619047619;116.5;65;69;65.7058823529412;75.5384615384615;88.6666666666667;134;59.75
08.03.06;67.6666666666667;124;146.205882352941;88.1764705882353;95.8888888888889;82;110.095238095238;115.75;64.5;65.5;67.0588235294118;75.1538461538462;87.5;134;59.5
09.03.06;67;123.75;147.176470588235;87.9411764705882;96.4074074074074;82;108.142857142857;115;64;62;68.4117647058824;74.7692307692308;86.3333333333333;134;59.25
10.03.06;65.75;123.5;148.147058823529;87.7058823529412;96.9259259259259;82;106.190476190476;114.25;63.5;60.3333333333333;69.764705882353;74.3846153846154;85.1666666666667;134;59
11.03.06;64.5;123.25;149.117647058824;87.4705882352941;97.4444444444444;82;104.238095238095;113.5;63;58.6666666666667;71.1176470588235;74;84;134;59.6666666666667
12.03.06;63.25;123;150.088235294118;87.2352941176471;97.962962962963;82;102.285714285714;112.75;63.6315789473684;57;72.4705882352941;73.5;77.5;135.166666666667;60.3333333333333
13.03.06;62;122.5;151.058823529412;87;98.4814814814815;82.2222222222222;100.333333333333;112;64.2631578947368;55.3333333333333;73.8235294117647;73;71;136.333333333333;61
14.03.06;68;122;152.029411764706;86.7647058823529;99;82.4444444444444;98.3809523809524;111.25;64.8947368421053;53.6666666666667;75.1764705882353;72.5;64.5;137.5;61.6666666666667
15.03.06;65.3333333333333;121.5;153;86.5294117647059;97.952380952381;82.6666666666667;96.4285714285714;110.5;65.5263157894737;52;76.5294117647059;72;58;138.666666666667;62.3333333333333
16.03.06;62.6666666666667;121;151.611111111111;86.2941176470588;96.9047619047619;82.8888888888889;94.4761904761905;109.75;66.1578947368421;51.6666666666667;77.8823529411765;71.5;51.5;139.833333333333;63
17.03.06;60;120.5;150.222222222222;86.0588235294118;95.8571428571429;83.1111111111111;92.5238095238096;109;66.7894736842105;51.3333333333333;79.2352941176471;71;45;141;63.6666666666667
18.03.06;59.2;120;148.833333333333;85.8235294117647;94.8095238095238;83.3333333333333;90.5714285714286;105.111111111111;67.421052631579;51;80.5882352941177;70.5;38.5;137.222222222222;64.3333333333333
19.03.06;58.4;119.5;147.444444444444;85.5882352941176;93.7619047619047;83.5555555555556;88.6190476190477;101.222222222222;68.0526315789474;50.6666666666667;81.9411764705883;70;32;133.444444444444;65
20.03.06;57.6;119;146.055555555556;85.3529411764706;92.7142857142857;83.7777777777778;86.6666666666667;97.3333333333333;68.6842105263158;50.3333333333333;83.2941176470589;69.5;31;129.666666666667;65.6666666666667
21.03.06;56.8;;144.666666666667;85.1176470588235;91.6666666666667;84;84.7142857142858;93.4444444444444;69.3157894736842;50;84.6470588235295;69;30;125.888888888889;66.3333333333333
22.03.06;56;;143.277777777778;84.8823529411765;90.6190476190476;82;82.7619047619048;89.5555555555555;69.9473684210526;49.6666666666667;86;68.1666666666667;29;122.111111111111;67
23.03.06;53.8;;141.888888888889;84.6470588235294;89.5714285714286;80;80.8095238095239;85.6666666666667;70.5789473684211;49.3333333333333;86.6666666666667;67.3333333333333;28;118.333333333333;66.2857142857143
24.03.06;51.6;;140.5;84.4117647058824;88.5238095238095;78;78.8571428571429;81.7777777777778;71.2105263157895;49;87.3333333333334;66.5;27;114.555555555556;65.5714285714286
25.03.06;49.4;;139.111111111111;84.1764705882353;87.4761904761905;76;76.904761904762;77.8888888888889;71.8421052631579;48.6666666666667;88;65.6666666666667;26;110.777777777778;64.8571428571429
26.03.06;47.2;;137.722222222222;83.9411764705882;86.4285714285714;74;74.952380952381;74;72.4736842105263;48.3333333333333;88.6666666666667;64.8333333333333;25;107;64.1428571428571
27.03.06;45;;136.333333333333;83.7058823529412;85.3809523809524;72;73.0000000000001;76.2;73.1052631578947;48;89.3333333333333;64;24;113.4;63.4285714285714
28.03.06;42.75;;134.944444444444;83.4705882352941;84.3333333333333;70.7777777777778;71.0476190476191;78.4;73.7368421052632;46;90;62.75;23;119.8;62.7142857142857
29.03.06;40.5;;133.555555555556;83.2352941176471;83.2857142857143;69.5555555555556;69.0952380952381;80.6;74.3684210526316;47.2222222222222;89.1428571428571;61.5;22;126.2;62
30.03.06;38.25;;132.166666666667;83;82.2380952380952;68.3333333333333;67.1428571428572;82.8;75;48.4444444444444;88.2857142857143;60.25;21;132.6;61
31.03.06;36;;130.777777777778;81.125;81.1904761904762;67.1111111111111;65.1904761904763;85;69.25;49.6666666666667;87.4285714285714;59;21.5555555555556;139;60
01.04.06;36;;129.388888888889;79.25;80.1428571428571;65.8888888888889;63.2380952380953;82.2857142857143;63.5;50.8888888888889;86.5714285714286;57.75;22.1111111111111;130.625;59
02.04.06;35.5;;128;77.375;79.0952380952381;64.6666666666667;61.2857142857144;79.5714285714286;57.75;52.1111111111111;85.7142857142857;56.5;22.6666666666667;122.25;58
03.04.06;35;;114.166666666667;75.5;78.047619047619;63.4444444444445;59.3333333333334;76.8571428571429;52;53.3333333333333;84.8571428571429;55.25;23.2222222222222;113.875;57
04.04.06;33;;100.333333333333;73.625;77;62.2222222222222;57.3809523809524;74.1428571428572;46.25;54.5555555555555;84;54;23.7777777777778;105.5;56
05.04.06;32.6666666666667;;86.5000000000001;71.75;75.8333333333333;61;55.4285714285715;71.4285714285714;40.5;55.7777777777778;76;51.5;24.3333333333333;97.125;55
06.04.06;32.3333333333333;;72.6666666666668;69.875;74.6666666666667;59.3333333333333;53.4761904761905;68.7142857142857;34.75;57;68;49;24.8888888888889;88.75;54
07.04.06;32;;58.8333333333335;68;73.5;57.6666666666667;51.5238095238096;66;29;54;60;46.5;25.4444444444444;80.375;51.8333333333333
08.04.06;28;;45.0000000000002;66.125;72.3333333333333;56;49.5714285714286;63.2857142857143;27.75;51;52;44;26;72;49.6666666666667
09.04.06;30;;43.7500000000002;64.25;71.1666666666667;54.3333333333333;47.6190476190477;60.5714285714286;26.5;48;44;41.5;26;65.3333333333333;47.5
10.04.06;32;;42.5000000000001;62.375;70;52.6666666666667;45.6666666666667;57.8571428571429;25.25;45;36;39;26;58.6666666666667;45.3333333333333
11.04.06;33;;41.25;60.5;68.6666666666667;51;43.7142857142858;55.1428571428572;24;42;30;38.4285714285714;26;52;43.1666666666667
12.04.06;34;;40;58.625;67.3333333333333;47.75;41.7619047619048;52.4285714285715;24;39;28.7142857142857;37.8571428571429;26;45.3333333333333;41
13.04.06;35;;39;56.75;66;44.5;39.8095238095239;49.7142857142858;24;36;27.4285714285714;37.2857142857143;26;38.6666666666667;38
14.04.06;36;;38;54.875;61;41.25;37.857142857143;47.0000000000001;24;34.75;26.1428571428571;36.7142857142857;26;32;35
15.04.06;37;;37;53;56;38;35.904761904762;44.2857142857144;24.4761904761905;33.5;24.8571428571428;36.1428571428571;26;26;32
16.04.06;37.1666666666667;;36;51.6;51;34.5;33.9523809523811;41.5714285714286;24.952380952381;32.25;23.5714285714285;35.5714285714286;25.375;23;32
17.04.06;37.3333333333333;;37.2;50.2;46;31;32.0000000000001;38.8571428571429;25.4285714285714;31;22.2857142857143;35;24.75;23.5;32
18.04.06;37.5;;38.4;48.8;40;29.5;33.3750000000001;36.1428571428572;25.9047619047619;30.8;21;36;24.125;24;32
19.04.06;37.6666666666667;;39.6;47.4;34;28;34.7500000000001;33.4285714285715;26.3809523809524;30.6;21.6;37;23.5;24.5;32
20.04.06;37.8333333333333;;40.8;46;33.75;26.6666666666667;36.1250000000001;30.7142857142858;26.8571428571429;30.4;22.2;38;22.875;25;32
21.04.06;38;;42;45.3333333333333;33.5;25.3333333333333;37.5000000000001;28.0000000000001;27.3333333333333;30.2;22.8;39;22.25;25.5;32
22.04.06;40;;43.2;44.6666666666667;33.25;24;38.8750000000001;56;27.8095238095238;30;23.4;40;21.625;26;32
23.04.06;42;;44.4;44;33;26.75;40.25;56.125;28.2857142857143;29.8;24;41;21;26.4285714285714;34.6
24.04.06;44;;45.6;43.3333333333333;34.75;29.5;41.625;56.25;28.7619047619048;29.6;24.6;41.7333333333333;21.1666666666667;26.8571428571429;37.2
25.04.06;42.3333333333333;;46.8;42.6666666666667;36.5;32.25;43;56.375;29.2380952380952;29.4;25.2;42.4666666666667;21.3333333333333;27.2857142857143;39.8
26.04.06;40.6666666666667;;48;42;38.25;35;43;56.5;29.7142857142857;29.2;25.8;43.2;21.5;27.7142857142857;42.4
27.04.06;39;;48;42.7333333333333;40;35.7;43;56.625;30.1904761904762;29;26.4;43.9333333333333;21.6666666666667;28.1428571428571;45
28.04.06;38.3333333333333;;48;43.4666666666667;41.6666666666667;36.4;43;56.75;30.6666666666667;31;27;44.6666666666667;21.8333333333333;28.5714285714286;44.625
29.04.06;37.6666666666667;;48;44.2;43.3333333333333;37.1;45;56.875;31.1428571428571;33;27.6;45.4;22;29;44.25
30.04.06;37;;48;44.9333333333333;45;37.8;47;57;31.6190476190476;35;28.2;46.1333333333333;23.625;29.4285714285714;43.875
01.05.06;38;;49.5454545454546;45.6666666666667;46.6666666666667;38.5;49;54.4;32.0952380952381;37;28.8;46.8666666666667;25.25;29.8571428571429;43.5
02.05.06;39;;51.0909090909091;46.4;48.3333333333334;39.2;51;51.8;32.5714285714286;39;29.4;47.6;26.875;30.2857142857143;43.125
03.05.06;40;;52.6363636363637;47.1333333333333;50;39.9;53;49.2;33.047619047619;41;30;48.3333333333333;28.5;30.7142857142857;42.75
04.05.06;48;;54.1818181818182;47.8666666666667;51.6666666666667;40.6;55;46.6;33.5238095238095;43;32;49.0666666666667;30.125;31.1428571428571;42.375
05.05.06;56;;55.7272727272728;48.6;53.3333333333334;41.3;57;44;34;45;34;49.8;31.75;31.5714285714286;42
06.05.06;64;;57.2727272727273;49.3333333333333;55;42;59;45.7777777777778;36.1428571428571;43.5714285714286;36;50.5333333333333;33.375;32;42.5714285714286
07.05.06;65;;58.8181818181819;50.0666666666667;56.6666666666667;44.4;61;47.5555555555556;38.2857142857143;42.1428571428571;38;51.2666666666667;35;32.4285714285714;43.1428571428571
08.05.06;66;;60.3636363636364;50.8;58.3333333333334;46.8;63;49.3333333333333;40.4285714285714;40.7142857142857;40;52;35.8333333333333;32.8571428571429;43.7142857142857
09.05.06;67;;61.909090909091;51.5333333333333;60;49.2;65.5;51.1111111111111;42.5714285714286;39.2857142857143;42;59.5714285714286;36.6666666666667;33.2857142857143;44.2857142857143
10.05.06;68;;63.4545454545455;52.2666666666667;61.6666666666667;51.6;68;52.8888888888889;44.7142857142857;37.8571428571429;44;67.1428571428571;37.5;33.7142857142857;44.8571428571429
11.05.06;70;;65.0000000000001;53;63.3333333333334;54;70.5;54.6666666666667;46.8571428571428;36.4285714285714;46.6153846153846;74.7142857142857;38.3333333333333;34.1428571428572;45.4285714285714
12.05.06;72;;69.6666666666667;54.3333333333333;65.0000000000001;56.4;73;56.4444444444445;49;35;49.2307692307692;82.2857142857143;39.1666666666667;34.5714285714286;46
13.05.06;74;;74.3333333333334;55.6666666666667;68.0000000000001;58.8;76;58.2222222222222;51.1428571428571;35.8;51.8461538461539;89.8571428571429;40;35;45.8333333333333
14.05.06;74;;79;57;71.0000000000001;61.2;79;60;53.2857142857143;36.6;54.4615384615385;97.4285714285714;40.1666666666667;36.6666666666667;45.6666666666667
15.05.06;74;;80.3333333333333;58.3333333333333;74.0000000000001;63.6;82;61.4;55.4285714285714;37.4;57.0769230769231;105;40.3333333333333;38.3333333333334;45.5
16.05.06;74;;81.6666666666667;59.6666666666667;77.0000000000001;66;85;62.8;57.5714285714285;38.2;59.6923076923077;103.25;40.5;40;45.3333333333333
17.05.06;74.3333333333333;;83;61;80.0000000000001;68.8571428571429;88;64.2;59.7142857142857;39;62.3076923076923;101.5;40.6666666666667;41.6666666666667;45.1666666666667
18.05.06;74.6666666666667;69;84.3333333333333;62.3333333333333;83.0000000000001;71.7142857142857;91;65.6;61.8571428571428;40.6153846153846;64.923076923077;99.75;40.8333333333333;43.3333333333334;45
19.05.06;75;65;85.6666666666667;63.6666666666666;86.0000000000001;74.5714285714286;94;67;64;42.2307692307692;67.5384615384616;98;41;45;44.1428571428571
20.05.06;75.6666666666667;63.5;87;65;89.0000000000001;77.4285714285714;105.333333333333;65;64.8333333333333;43.8461538461539;70.1538461538462;96.25;40.25;46.6666666666667;43.2857142857143
21.05.06;76.3333333333333;62;88.5;66.3333333333333;92.0000000000001;80.2857142857143;116.666666666667;63;65.6666666666667;45.4615384615385;72.7692307692308;94.5;39.5;48.3333333333334;42.4285714285714
22.05.06;77;60.5;90;67.6666666666666;95.0000000000001;83.1428571428572;128;66;66.5;47.0769230769231;75.3846153846154;92.75;38.75;50;41.5714285714286
23.05.06;73.5;59;91.5;69;98.0000000000001;86;129.714285714286;69;67.3333333333333;48.6923076923077;78.0000000000001;91;38;51.6666666666667;40.7142857142857
24.05.06;70;57.5;93;70.1;101;87.125;131.428571428571;72;68.1666666666667;50.3076923076923;77.5714285714286;92.5714285714286;37.25;53.3333333333334;39.8571428571429
25.05.06;66.5;56;94.5;71.2;104;88.25;133.142857142857;75;69;51.923076923077;77.1428571428572;94.1428571428571;36.5;55.0000000000001;39
26.05.06;63;50.5;96;72.3;107;89.375;134.857142857143;78;72.875;53.5384615384616;76.7142857142858;95.7142857142857;35.75;56.6666666666667;39.75
27.05.06;56.6666666666667;45;97.5;73.4;110;90.5;136.571428571429;81;76.75;55.1538461538462;76.2857142857143;97.2857142857143;35;58.3333333333334;40.5
28.05.06;50.3333333333333;48.2;99;74.5;113;91.625;138.285714285714;84;80.625;56.7692307692308;75.8571428571429;98.8571428571428;36.1428571428571;60.0000000000001;41.25
29.05.06;44;51.4;100.5;75.6;113.333333333333;92.75;140;87;84.5;58.3846153846154;75.4285714285715;100.428571428571;37.2857142857143;61.6666666666667;42
30.05.06;45.75;54.6;102;76.7;113.666666666667;93.875;141.714285714286;90;88.375;60.0000000000001;75;102;38.4285714285714;63.3333333333334;42.75
31.05.06;47.5;57.8;103.5;77.8;114;95;143.428571428571;93;92.25;55.5;74.5714285714286;103.571428571429;39.5714285714286;65.0000000000001;43.5
01.06.06;49.25;61;105;78.9;114.333333333333;99.5714285714286;145.142857142857;96;96.125;51;74.1428571428572;105.142857142857;40.7142857142857;66.6666666666667;44.25
02.06.06;51;66;106.5;80;114.666666666667;104.142857142857;146.857142857143;99;100;50.75;73.7142857142857;106.714285714286;41.8571428571428;68.3333333333334;45
03.06.06;53.5;71;108;81.4285714285714;115;108.714285714286;148.571428571429;104.571428571429;100;50.5;73.2857142857143;108.285714285714;43;70.0000000000001;48.4
04.06.06;56;76;110.307692307692;82.8571428571429;115.333333333333;113.285714285714;150.285714285714;110.142857142857;100;50.25;72.8571428571429;109.857142857143;44.2857142857143;70.8333333333334;51.8
05.06.06;58.3333333333333;72.5;112.615384615385;84.2857142857143;115.666666666667;117.857142857143;152;115.714285714286;100;50;72.4285714285714;111.428571428571;45.5714285714286;71.6666666666667;55.2
06.06.06;60.6666666666667;69;114.923076923077;85.7142857142857;116;122.428571428571;150.6;121.285714285714;100;50.9090909090909;72;113;46.8571428571429;72.5;58.6
07.06.06;63;65.5;117.230769230769;87.1428571428572;116.333333333333;127;149.2;126.857142857143;100;51.8181818181818;71;113.428571428571;48.1428571428571;73.3333333333334;62
08.06.06;69;62;119.538461538462;88.5714285714286;116.666666666667;124;147.8;132.428571428571;96;52.7272727272727;70;113.857142857143;49.4285714285714;74.1666666666667;67
09.06.06;75;61.3333333333333;121.846153846154;90;117;121;146.4;138;92;53.6363636363636;69;114.285714285714;50.7142857142857;75;72
10.06.06;74;60.6666666666667;124.153846153846;89.5;117.333333333333;118;145;131.5;88;54.5454545454546;68;114.714285714286;52;78.25;77
11.06.06;73;60;126.461538461538;89;117.666666666667;115;143.6;125;90.0833333333333;55.4545454545455;67;115.142857142857;54.5;81.5;82
12.06.06;74;65.5;128.769230769231;88.5;118;117.1;142.2;118.5;92.1666666666667;56.3636363636364;66;115.571428571429;57;84.75;87
13.06.06;75;71;131.076923076923;88;118.333333333333;119.2;140.8;112;94.25;57.2727272727273;65;116;59.5;88;92
14.06.06;76;76.5;133.384615384615;87.5;118.666666666667;121.3;139.4;105.5;96.3333333333333;58.1818181818182;64;118;62;91.25;97
15.06.06;77;82;135.692307692308;87;119;123.4;138;99;98.4166666666667;59.0909090909091;63;120;64.5;94.5;102
16.06.06;78;87.5;138;86.5;121.4;125.5;136.6;102.4;100.5;60;68;122;67;97.75;107
17.06.06;79;93;136.333333333333;86;123.8;127.6;135.2;105.8;102.583333333333;58.3333333333333;73;124;69.5;101;107.857142857143
18.06.06;80;92.5;134.666666666667;88.6470588235294;126.2;129.7;133.8;109.2;104.666666666667;56.6666666666667;78;126;72;103.714285714286;108.714285714286
19.06.06;84.5;92;133;91.2941176470588;128.6;131.8;132.4;112.6;106.75;55;83;128;74;106.428571428571;109.571428571429
20.06.06;;94.6666666666667;131.333333333333;93.9411764705882;131;133.9;131;116;108.833333333333;55.75;88;129.142857142857;76;109.142857142857;110.428571428571
21.06.06;;97.3333333333333;129.666666666667;96.5882352941176;133.4;136;126.333333333333;119.4;110.916666666667;56.5;93;130.285714285714;78;111.857142857143;111.285714285714
22.06.06;;100;128;99.235294117647;135.8;130.142857142857;121.666666666667;122.8;113;57.25;98;131.428571428571;80;114.571428571429;112.142857142857
23.06.06;;101;126.333333333333;101.882352941176;138.2;124.285714285714;117;126.2;113;58;104;132.571428571429;82;117.285714285714;113
24.06.06;;102;124.666666666667;104.529411764706;140.6;118.428571428571;114.428571428571;129.6;112;60;110;133.714285714286;84;120;114
25.06.06;;104;123;107.176470588235;143;112.571428571429;111.857142857143;133;112;62;116;134.857142857143;86;122.714285714286;115
26.06.06;;106;121.333333333333;109.823529411765;143.636363636364;106.714285714286;109.285714285714;131.714285714286;112;64;122;136;88;125.428571428571;116
27.06.06;;107.333333333333;119.666666666667;112.470588235294;144.272727272727;100.857142857143;106.714285714286;130.428571428571;112;66;128;135.375;93.75;128.142857142857;117
28.06.06;;108.666666666667;118;115.117647058824;144.909090909091;95;104.142857142857;129.142857142857;112;68;128.428571428571;134.75;99.5;130.857142857143;118
29.06.06;;110;120.125;117.764705882353;145.545454545455;101.142857142857;101.571428571429;127.857142857143;112;70;128.857142857143;134.125;105.25;133.571428571429;119
30.06.06;;111.666666666667;122.25;120.411764705882;146.181818181818;107.285714285714;99;126.571428571429;112;72;129.285714285714;133.5;111;136.285714285714;120
01.07.06;;113.333333333333;124.375;123.058823529412;146.818181818182;113.428571428571;101.285714285714;125.285714285714;113.05;68.1428571428571;129.714285714286;132.875;109.5;139;122.2
02.07.06;;115;126.5;125.705882352941;147.454545454545;119.571428571429;103.571428571429;124;114.1;64.2857142857143;130.142857142857;132.25;108;138.666666666667;124.4
03.07.06;;120.75;128.625;128.352941176471;148.090909090909;125.714285714286;105.857142857143;118.733333333333;115.15;60.4285714285714;130.571428571429;131.625;106.5;138.333333333333;126.6
04.07.06;;126.5;130.75;131;148.727272727273;131.857142857143;108.142857142857;113.466666666667;116.2;56.5714285714286;131;131;105;138;128.8
05.07.06;;132.25;132.875;133.5;149.363636363636;138;110.428571428571;108.2;117.25;52.7142857142857;131.214285714286;130.285714285714;103.5;137.666666666667;131
06.07.06;;138;135;136;150;139.666666666667;112.714285714286;102.933333333333;118.3;48.8571428571428;131.428571428571;129.571428571429;102;137.333333333333;132.5
07.07.06;;137.25;137.125;136.933333333333;148.666666666667;141.333333333333;115;97.6666666666667;119.35;45;131.642857142857;128.857142857143;100.5;137;134
08.07.06;;136.5;139.25;137.866666666667;147.333333333333;143;117.285714285714;92.4;120.4;44;131.857142857143;128.142857142857;99;137.875;135.5
09.07.06;;135.75;141.375;138.8;146;144.666666666667;119.571428571429;87.1333333333333;121.45;43;132.071428571429;127.428571428571;99;138.75;137
10.07.06;;135;143.5;139.733333333333;146;146.333333333333;121.857142857143;81.8666666666667;122.5;42;132.285714285714;126.714285714286;99;139.625;138.5
11.07.06;;135.666666666667;145.625;140.666666666667;146;148;124.142857142857;76.6;123.55;41;132.5;126;99;140.5;140
12.07.06;;136.333333333333;147.75;141.6;146;148;126.428571428571;71.3333333333333;124.6;45.2;132.714285714286;127.285714285714;99;141.375;141.5
13.07.06;;137;149.875;142.533333333333;146;148;128.714285714286;66.0666666666666;125.65;49.4;132.928571428571;128.571428571429;99;142.25;143
14.07.06;;137.666666666667;152;143.466666666667;146;148;131;60.8;126.7;53.6;133.142857142857;129.857142857143;99;143.125;143.384615384615
15.07.06;;138.333333333333;152.571428571429;144.4;146;148;132.444444444444;55.5333333333333;127.75;57.8;133.357142857143;131.142857142857;99;144;143.769230769231
16.07.06;;139;153.142857142857;145.333333333333;146;148;133.888888888889;50.2666666666666;128.8;62;133.571428571429;132.428571428571;99;143.25;144.153846153846
17.07.06;;143.25;153.714285714286;146.266666666667;146;148;135.333333333333;44.9999999999999;129.85;66.2;133.785714285714;133.714285714286;99;142.5;144.538461538462
18.07.06;;147.5;154.285714285714;147.2;146;148;136.777777777778;47.1428571428571;130.9;70.4;134;135;95.9166666666667;141.75;144.923076923077
19.07.06;;151.75;154.857142857143;148.133333333333;146;149.166666666667;138.222222222222;49.2857142857142;131.95;74.6;134.136363636364;134;92.8333333333333;141;145.307692307692
20.07.06;;156;155.428571428571;149.066666666667;146;150.333333333333;139.666666666667;51.4285714285714;133;78.8;134.272727272727;133;89.75;140.25;145.692307692308
21.07.06;;155;156;150;146;151.5;141.111111111111;53.5714285714285;131.5;83;134.409090909091;132;86.6666666666667;139.5;146.076923076923
22.07.06;;154;156.571428571429;152.142857142857;146;152.666666666667;142.555555555556;55.7142857142856;130;80.2857142857143;134.545454545455;131;83.5833333333333;138.75;146.461538461538
23.07.06;;153;157.142857142857;154.285714285714;146;153.833333333333;144;57.8571428571428;132.25;77.5714285714286;134.681818181818;130;80.5;138;146.846153846154
24.07.06;;152;157.714285714286;156.428571428571;146;155;145.444444444444;59.9999999999999;134.5;74.8571428571429;134.818181818182;129;77.4166666666667;137.25;147.230769230769
25.07.06;;152.8;158.285714285714;158.571428571429;146;155.416666666667;146.888888888889;62.1428571428571;136.75;72.1428571428572;134.954545454545;127.714285714286;74.3333333333334;136.5;147.615384615385
26.07.06;;153.6;158.857142857143;160.714285714286;147.375;155.833333333333;148.333333333333;64.2857142857142;139;69.4285714285714;135.090909090909;126.428571428571;71.25;135.75;148
27.07.06;;154.4;159.428571428571;162.857142857143;148.75;156.25;149.777777777778;66.4285714285714;132;66.7142857142857;135.227272727273;125.142857142857;68.1666666666667;135;146.555555555556
28.07.06;;155.2;160;165;150.125;156.666666666667;151.222222222222;68.5714285714285;132.857142857143;64;135.363636363636;123.857142857143;65.0833333333334;135.222222222222;145.111111111111
29.07.06;;156;158.851851851852;165;151.5;157.083333333333;152.666666666667;70.7142857142856;133.714285714286;70.6;135.5;122.571428571429;62;135.444444444444;143.666666666667
30.07.06;;156;157.703703703704;165;152.875;157.5;154.111111111111;72.8571428571428;134.571428571429;77.2;135.636363636364;121.285714285714;61.75;135.666666666667;142.222222222222
31.07.06;;156;156.555555555556;165;154.25;157.916666666667;155.555555555556;74.9999999999999;135.428571428571;83.8;135.772727272727;120;61.5;135.888888888889;140.777777777778
01.08.06;;156;155.407407407407;165;155.625;158.333333333333;157;77.1428571428571;136.285714285714;90.4;135.909090909091;120.777777777778;61.25;136.111111111111;139.333333333333
02.08.06;;156;154.259259259259;165;157;158.75;157.357142857143;79.2857142857142;137.142857142857;97;136.045454545455;121.555555555556;61;136.333333333333;137.888888888889
03.08.06;;156;153.111111111111;164.857142857143;157.875;159.166666666667;157.714285714286;81.4285714285713;138;98.3333333333333;136.181818181818;122.333333333333;60.75;136.555555555556;136.444444444444
04.08.06;;147;151.962962962963;164.714285714286;158.75;159.583333333333;158.071428571429;83.5714285714285;137.428571428571;99.6666666666667;136.318181818182;123.111111111111;60.5;136.777777777778;135
05.08.06;;138;150.814814814815;164.571428571429;159.625;160;158.428571428571;85.7142857142856;136.857142857143;101;136.454545454545;123.888888888889;60.25;137;135.285714285714
06.08.06;;147;149.666666666667;164.428571428571;160.5;160;158.785714285714;87.8571428571428;136.285714285714;102.333333333333;136.590909090909;124.666666666667;60;137;135.571428571429
07.08.06;117.5;156;148.518518518519;164.285714285714;161.375;160;159.142857142857;89.9999999999999;135.714285714286;103.666666666667;136.727272727273;125.444444444444;63;137;135.857142857143
08.08.06;94;156;147.37037037037;164.142857142857;162.25;160;159.5;92.142857142857;135.142857142857;105;136.863636363636;126.222222222222;66;137;136.142857142857
09.08.06;93.3333333333333;156;146.222222222222;164;163.125;160;159.857142857143;94.2857142857142;134.571428571429;106.333333333333;137;127;69;137;136.428571428571
10.08.06;92.6666666666667;156;145.074074074074;163.857142857143;164;160;160.214285714286;96.4285714285713;134;107.666666666667;135;127.6;72;137;136.714285714286
11.08.06;92;148.666666666667;143.925925925926;163.714285714286;158.666666666667;160;160.571428571429;98.5714285714284;140.5;109;133;128.2;75;137.571428571429;137
12.08.06;82;141.333333333333;142.777777777778;163.571428571429;153.333333333333;160;160.928571428571;100.714285714286;147;110.263157894737;131;128.8;78;138.142857142857;135.833333333333
13.08.06;72;134;141.62962962963;163.428571428571;148;160;161.285714285714;102.857142857143;145.95;111.526315789474;129;129.4;75.4;138.714285714286;134.666666666667
14.08.06;81.5;134;140.481481481481;163.285714285714;140.727272727273;160;161.642857142857;105;144.9;112.78947368421;129.375;130;72.8;139.285714285714;133.5
15.08.06;91;134;139.333333333333;163.142857142857;133.454545454545;160;162;107.142857142857;143.85;114.052631578947;129.75;130.6;70.2;139.857142857143;132.333333333333
16.08.06;93.6666666666667;134;138.185185185185;163;126.181818181818;160;161.2;109.285714285714;142.8;115.315789473684;130.125;131.2;67.6;140.428571428571;131.166666666667
17.08.06;96.3333333333333;134;137.037037037037;162.625;118.909090909091;159.2;160.4;111.428571428571;141.75;116.578947368421;130.5;131.8;65;141;130
18.08.06;99;134;135.888888888889;162.25;111.636363636364;158.4;159.6;113.571428571428;140.7;117.842105263158;130.875;132.4;66.2222222222222;139.444444444444;123.285714285714
19.08.06;108;134;134.740740740741;161.875;104.363636363636;157.6;158.8;115.714285714286;139.65;119.105263157895;131.25;133;67.4444444444444;137.888888888889;116.571428571429
20.08.06;117;136.5;133.592592592593;161.5;97.0909090909091;156.8;158;117.857142857143;138.6;120.368421052632;131.625;113.333333333333;68.6666666666667;136.333333333333;109.857142857143
21.08.06;121;139;132.444444444444;161.125;89.8181818181818;156;157.2;120;137.55;121.631578947368;132;93.6666666666666;69.8888888888889;134.777777777778;103.142857142857
22.08.06;125;135;131.296296296296;160.75;82.5454545454546;155.2;156.4;120.583333333333;136.5;122.894736842105;132.375;73.9999999999999;71.1111111111111;133.222222222222;96.4285714285714
23.08.06;126.166666666667;131;130.148148148148;160.375;75.2727272727273;154.4;155.6;121.166666666667;135.45;124.157894736842;132.75;75.7499999999999;72.3333333333333;131.666666666667;89.7142857142857
24.08.06;127.333333333333;127;129;160;68;153.6;154.8;121.75;134.4;125.421052631579;133.125;77.4999999999999;73.5555555555555;130.111111111111;83
25.08.06;128.5;141;126.625;159.625;68.5384615384615;152.8;154;122.333333333333;133.35;126.684210526316;133.5;79.2499999999999;74.7777777777778;128.555555555556;91.8333333333333
26.08.06;129.666666666667;146.333333333333;124.25;159.25;69.0769230769231;152;153;122.916666666667;132.3;127.947368421053;133.875;80.9999999999999;76;127;100.666666666667
27.08.06;130.833333333333;151.666666666667;121.875;158.875;69.6153846153846;153;152;123.5;131.25;129.210526315789;134.25;82.7499999999999;77.2142857142857;125.8;109.5
28.08.06;132;157;119.5;158.5;70.1538461538462;154;151;124.083333333333;130.2;130.473684210526;134.625;84.5;78.4285714285714;124.6;118.333333333333
29.08.06;131;157;117.125;158.125;70.6923076923077;155;150;124.666666666667;129.15;131.736842105263;135;86.25;79.6428571428571;123.4;127.166666666667
30.08.06;130;157;114.75;157.75;71.2307692307692;155;150.2;125.25;128.1;133;134.15;88;80.8571428571429;122.2;136
31.08.06;129;157;112.375;157.375;71.7692307692308;155;150.4;125.833333333333;127.05;133;133.3;88.6666666666667;82.0714285714286;121;128.25
01.09.06;128;157;110;157;72.3076923076923;155;150.6;126.416666666667;126;133;132.45;89.3333333333333;83.2857142857143;120.25;120.5
02.09.06;128.6;157;111.111111111111;157.769230769231;72.8461538461538;155;150.8;127;126;130.8;131.6;90;84.5;119.5;112.75
03.09.06;128.7;157;112.222222222222;158.538461538462;73.3846153846154;155;151;128;126;128.6;130.75;90.6666666666667;85.7142857142858;118.75;105
04.09.06;128.8;157;113.333333333333;159.307692307692;73.9230769230769;155;151;128;126;126.4;129.9;91.3333333333333;86.9285714285715;118;97.25
05.09.06;133;157.25;114.444444444444;160.076923076923;74.4615384615385;136.8;151;128;126;124.2;129.05;92;88.1428571428572;117.25;89.5
06.09.06;133.666666666667;157.5;115.555555555556;160.846153846154;75;118.6;151;128;126;122;128.2;90.9259259259259;89.3571428571429;116.5;81.75
07.09.06;134.333333333333;157.75;116.666666666667;161.615384615385;75.2307692307692;100.4;151;128;126;119.8;127.35;89.8518518518519;90.5714285714286;115.75;74
08.09.06;135;158;117.777777777778;162.384615384615;75.4615384615385;82.2;151;128;126;117.6;126.5;88.7777777777778;91.7857142857144;115;76.6
09.09.06;106;156.333333333333;118.888888888889;163.153846153846;75.6923076923077;64;150.727272727273;128;125.222222222222;115.4;125.65;87.7037037037037;93.0000000000001;115.590909090909;79.2
10.09.06;77;154.666666666667;120;163.923076923077;75.9230769230769;66.4;150.454545454545;128;124.444444444444;113.2;124.8;86.6296296296297;93.0000000000001;116.181818181818;81.8
11.09.06;78;153;121.8;164.692307692308;76.1538461538462;68.8;150.181818181818;128;123.666666666667;111;123.95;85.5555555555556;93;116.772727272727;84.4
12.09.06;79;156;123.6;165.461538461538;76.3846153846154;71.2;149.909090909091;128;122.888888888889;109.0625;123.1;84.4814814814815;93;117.363636363636;87
13.09.06;80;159;125.4;166.230769230769;76.6153846153846;73.6;149.636363636364;128;122.111111111111;107.125;122.25;83.4074074074075;93;117.954545454545;89.6
14.09.06;81;162;127.2;167;76.8461538461539;76;149.363636363636;128;121.333333333333;105.1875;121.4;82.3333333333334;93;118.545454545455;92.2
15.09.06;82;161.333333333333;129;167.947368421053;77.0769230769231;78.4;149.090909090909;128;120.555555555556;103.25;120.55;81.2592592592593;93;119.136363636364;94.8
16.09.06;82;160.666666666667;130.333333333333;168.894736842105;77.3076923076923;80.8;148.818181818182;127;119.777777777778;101.3125;119.7;80.1851851851852;93;119.727272727273;97.4
17.09.06;82;160;131.666666666667;169.842105263158;77.5384615384616;83.2;148.545454545455;124.333333333333;119;99.375;118.85;79.1111111111112;93;120.318181818182;100
18.09.06;81.5;158.5;133;170.789473684211;77.7692307692308;85.6;148.272727272727;121.666666666667;118.222222222222;97.4375;118;78.0370370370371;93;120.909090909091;102.117647058824
19.09.06;81;157;134.333333333333;171.736842105263;78;88;148;119;117.444444444444;95.5;118.909090909091;76.962962962963;93;121.5;104.235294117647
20.09.06;81;155.5;135.666666666667;172.684210526316;80.625;86.6818181818182;148.588235294118;116.333333333333;116.666666666667;93.5625;119.818181818182;75.8888888888889;93;122.090909090909;106.352941176471
21.09.06;81;154;137;173.631578947368;83.25;85.3636363636364;149.176470588235;113.666666666667;115.888888888889;91.625;120.727272727273;74.8148148148149;93;122.681818181818;108.470588235294
22.09.06;81;153.666666666667;136.190476190476;174.578947368421;85.875;84.0454545454546;149.764705882353;111;115.111111111111;89.6875;121.636363636364;73.7407407407408;93.6;123.272727272727;110.588235294118
23.09.06;81;153.333333333333;135.380952380952;175.526315789474;88.5;82.7272727272727;150.352941176471;108.333333333333;114.333333333333;87.75;122.545454545455;72.6666666666667;94.2;123.863636363636;112.705882352941
24.09.06;81;153;134.571428571429;176.473684210526;91.125;81.4090909090909;150.941176470588;105.666666666667;113.555555555556;85.8125;123.454545454545;71.5925925925927;94.8;124.454545454545;114.823529411765
25.09.06;81.75;149.75;133.761904761905;177.421052631579;93.75;80.0909090909091;151.529411764706;103;112.777777777778;83.875;124.363636363636;70.5185185185186;95.4;125.045454545455;116.941176470588
26.09.06;82;146.5;132.952380952381;178.368421052632;96.375;78.7727272727273;152.117647058824;105.3;112;81.9375;125.272727272727;69.4444444444445;96;125.636363636364;119.058823529412
27.09.06;79.6;143.25;132.142857142857;179.315789473684;99;77.4545454545454;152.705882352941;107.6;110;80;126.181818181818;68.3703703703705;96.6;126.227272727273;121.176470588235
28.09.06;77.2;140;131.333333333333;180.263157894737;96.1333333333333;76.1363636363636;153.294117647059;109.9;108;80;127.090909090909;67.2962962962964;97.2;126.818181818182;123.294117647059
29.09.06;74.8;143.25;130.52380952381;181.210526315789;93.2666666666667;74.8181818181818;153.882352941176;112.2;106;80;128;66.2222222222223;97.8;127.409090909091;125.411764705882
30.09.06;72.4;146.5;129.714285714286;182.157894736842;90.4;73.5;154.470588235294;114.5;104;80;128.909090909091;65.1481481481483;98.4;128;127.529411764706
01.10.06;70;149.75;128.904761904762;183.105263157895;87.5333333333333;72.1818181818182;155.058823529412;116.8;102;80;129.818181818182;64.0740740740742;99;125.857142857143;129.647058823529
02.10.06;69.5;153;128.095238095238;184.052631578947;84.6666666666667;70.8636363636364;155.647058823529;119.1;100;80;130.727272727273;63.0000000000001;99;123.714285714286;131.764705882353
03.10.06;69;154.333333333333;127.285714285714;185;81.8;69.5454545454545;156.235294117647;121.4;98;80;131.636363636364;60.8750000000001;99;121.571428571429;133.882352941176
04.10.06;68.75;155.666666666667;126.47619047619;177.5;78.9333333333333;68.2272727272727;156.823529411765;123.7;96;80;132.545454545455;58.7500000000001;99;119.428571428571;136
05.10.06;68.5;157;125.666666666667;170;76.0666666666666;66.9090909090909;157.411764705882;126;94;76.6666666666667;133.454545454545;56.6250000000001;99;117.285714285714;135.714285714286
06.10.06;68.25;157.333333333333;124.857142857143;168.466666666667;73.2;65.5909090909091;158;126;92;73.3333333333333;134.363636363636;54.5000000000001;99;115.142857142857;135.428571428571
07.10.06;68;157.666666666667;124.047619047619;166.933333333333;70.3333333333333;64.2727272727272;154.32;126;90;70;135.272727272727;52.3750000000001;99;113;135.142857142857
08.10.06;67.3333333333333;158;123.238095238095;165.4;67.4666666666666;62.9545454545454;150.64;126;88;66.6666666666667;136.181818181818;50.2500000000001;99;112.4;134.857142857143
09.10.06;66.6666666666667;158.5;122.428571428571;163.866666666667;64.6;61.6363636363636;146.96;126;86;63.3333333333334;137.090909090909;48.125;98.1428571428571;111.8;134.571428571429
10.10.06;66;159;121.619047619048;162.333333333333;61.7333333333333;60.3181818181818;143.28;120.363636363636;84;60;138;46;97.2857142857143;111.2;134.285714285714
11.10.06;66;159.5;120.809523809524;160.8;58.8666666666666;59;139.6;114.727272727273;82;59.1428571428572;136.625;46.1428571428572;96.4285714285714;110.6;134
12.10.06;66;160;120;159.266666666667;56;58.3333333333333;135.92;109.090909090909;80;58.2857142857143;135.25;46.2857142857143;95.5714285714286;110;131.071428571429
13.10.06;66;157.666666666667;120.190476190476;157.733333333333;56;57.6666666666667;132.24;103.454545454545;78;57.4285714285714;133.875;46.4285714285714;94.7142857142857;109.4;128.142857142857
14.10.06;65.6666666666667;155.333333333333;120.380952380952;156.2;56;57;128.56;97.8181818181818;76.3846153846154;56.5714285714286;132.5;46.5714285714286;93.8571428571429;108.8;125.214285714286
15.10.06;65.3333333333333;153;120.571428571429;154.666666666667;56;56.3333333333333;124.88;92.1818181818182;74.7692307692308;55.7142857142857;131.125;46.7142857142857;93;108.2;122.285714285714
16.10.06;65;151.75;120.761904761905;153.133333333333;56;55.6666666666667;121.2;86.5454545454545;73.1538461538462;54.8571428571429;129.75;46.8571428571429;88.8333333333333;107.6;119.357142857143
17.10.06;63;150.5;120.952380952381;151.6;56;55;117.52;80.9090909090909;71.5384615384615;54;128.375;47;84.6666666666667;107;116.428571428571
18.10.06;61;149.25;121.142857142857;150.066666666667;56;54.3333333333333;113.84;75.2727272727272;69.9230769230769;53.7333333333333;127;47.2857142857143;80.5;106.4;113.5
19.10.06;59;148;121.333333333333;148.533333333333;56;53.6666666666667;110.16;69.6363636363636;68.3076923076923;53.4666666666667;129.857142857143;47.5714285714286;76.3333333333333;105.8;110.571428571429
20.10.06;57;132;121.52380952381;147;56;53;106.48;64;66.6923076923077;53.2;132.714285714286;47.8571428571429;72.1666666666667;105.2;107.642857142857
21.10.06;55;116;121.714285714286;145.230769230769;56;52.3333333333333;102.8;64;65.076923076923;52.9333333333333;135.571428571429;48.1428571428571;68;104.6;104.714285714286
22.10.06;54.8333333333333;100;121.904761904762;143.461538461538;56;51.6666666666667;99.12;64;63.4615384615384;52.6666666666667;138.428571428571;48.4285714285714;64.7142857142857;104;101.785714285714
23.10.06;54.6666666666667;84;122.095238095238;141.692307692308;56;51;95.44;64;61.8461538461538;52.4;141.285714285714;48.7142857142857;61.4285714285714;103.4;98.8571428571428
24.10.06;54.5;81;122.285714285714;139.923076923077;56;50.2;91.76;64;60.2307692307692;52.1333333333333;144.142857142857;49;58.1428571428571;102.8;95.9285714285714
25.10.06;54.3333333333333;78;122.47619047619;138.153846153846;56;49.4;88.08;64;58.6153846153846;51.8666666666667;147;49.5;54.8571428571429;102.2;93
26.10.06;54.1666666666667;75;122.666666666667;136.384615384615;56;48.6;84.4;64;56.9999999999999;51.6;145.714285714286;50;51.5714285714286;101.6;89.8571428571428
27.10.06;54;73.25;122.857142857143;134.615384615385;56;47.8;80.72;62.8;57.2857142857142;51.3333333333333;144.428571428571;50.5;48.2857142857143;101;86.7142857142857
28.10.06;54.6666666666667;71.5;123.047619047619;132.846153846154;56;47;77.04;61.6;57.5714285714285;51.0666666666667;143.142857142857;51;45;103.642857142857;83.5714285714286
29.10.06;55.3333333333333;69.75;123.238095238095;131.076923076923;56;47.625;73.36;60.4;57.8571428571428;50.8;141.857142857143;51.5;45.25;106.285714285714;80.4285714285714
30.10.06;56;68;123.428571428571;129.307692307692;56;48.25;69.68;59.2;58.1428571428571;50.5333333333333;140.571428571429;52;45.5;108.928571428571;77.2857142857143
31.10.06;55.5;64.3333333333333;123.619047619048;127.538461538462;56;48.875;66;58;58.4285714285714;50.2666666666667;139.285714285714;51.25;45.75;111.571428571429;74.1428571428571
01.11.06;55;60.6666666666667;123.809523809524;125.769230769231;56;49.5;65.2307692307692;56.8;58.7142857142857;50;138;50.5;46;114.214285714286;71
02.11.06;54.6;57;124;124;55.551724137931;50.125;64.4615384615385;55.6;59;50.1428571428571;131.714285714286;49.75;46.25;116.857142857143;69.1428571428571
03.11.06;54.2;57;123.076923076923;118.4;55.1034482758621;50.75;63.6923076923077;54.4;59.2857142857143;50.2857142857143;125.428571428571;49;46.5;119.5;67.2857142857143
04.11.06;53.8;57;122.153846153846;112.8;54.6551724137931;51.375;62.9230769230769;53.2;59.5714285714286;50.4285714285714;119.142857142857;48.25;46.75;122.142857142857;65.4285714285714
05.11.06;53.4;57;121.230769230769;107.2;54.2068965517241;52;62.1538461538462;52;59.8571428571428;50.5714285714286;112.857142857143;47.5;47;124.785714285714;63.5714285714286
06.11.06;53;60;120.307692307692;101.6;53.7586206896552;50.5;61.3846153846154;53;60.1428571428571;50.7142857142857;106.571428571429;46.75;47;127.428571428571;61.7142857142857
07.11.06;53.25;63;119.384615384615;96;53.3103448275862;49;60.6153846153846;54;60.4285714285714;50.8571428571429;100.285714285714;46;47;130.071428571429;59.8571428571428
08.11.06;53.5;66;118.461538461538;101.666666666667;52.8620689655172;47.5;59.8461538461539;55;60.7142857142857;51;94;45;47;132.714285714286;58
09.11.06;53.75;69;117.538461538462;107.333333333333;52.4137931034483;46;59.0769230769231;56;61;51.1428571428571;96;44;47;135.357142857143;58
10.11.06;54;69;116.615384615385;113;51.9655172413793;44.5;58.3076923076923;57;60;51.2857142857143;98;43;47;138;58
11.11.06;54.3333333333333;69;115.692307692308;118.666666666667;51.5172413793103;43;57.5384615384615;58;59;51.4285714285714;100;42;47;139.6;58
12.11.06;54.6666666666667;69;114.769230769231;124.333333333333;51.0689655172414;44.375;56.7692307692308;59;58;51.5714285714286;102;41;49.5;141.2;58
13.11.06;55;68.5;113.846153846154;130;50.6206896551724;45.75;56;60;57;51.7142857142857;104;41.2857142857143;52;142.8;58
14.11.06;55.75;68;112.923076923077;126.25;50.1724137931034;47.125;59;61;56;51.8571428571429;106;41.5714285714286;54.5;144.4;58
15.11.06;56.5;67.5;112;122.5;49.7241379310345;48.5;62;62;55;52;108;41.8571428571429;57;146;58
16.11.06;57.25;67;110.142857142857;118.75;49.2758620689655;49.875;65;63;54;51.2857142857143;106.727272727273;42.1428571428571;59.5;144.25;56.4
17.11.06;58;65.25;108.285714285714;115;48.8275862068965;51.25;68;64;55.1428571428571;50.5714285714286;105.454545454545;42.4285714285714;62;142.5;54.8
18.11.06;57.25;63.5;106.428571428571;111.25;48.3793103448276;52.625;71;65;56.2857142857143;49.8571428571429;104.181818181818;42.7142857142857;64.5;140.75;53.2
19.11.06;56.5;61.75;104.571428571429;107.5;47.9310344827586;54;74;64.25;57.4285714285714;49.1428571428571;102.909090909091;43;67;139;51.6
20.11.06;55.75;60;102.714285714286;103.75;47.4827586206896;52.5;78.1818181818182;63.5;58.5714285714286;48.4285714285714;101.636363636364;49.625;69.8571428571429;137.25;50
21.11.06;55;59.3333333333333;100.857142857143;100;47.0344827586207;51;82.3636363636364;62.75;59.7142857142857;47.7142857142857;100.363636363636;56.25;72.7142857142857;135.5;48.4
22.11.06;51;58.6666666666667;99;96.25;46.5862068965517;49.5;86.5454545454545;62;60.8571428571428;47;99.0909090909091;62.875;75.5714285714286;133.75;46.8
23.11.06;50.6;58;98.625;92.5;46.1379310344828;48;90.7272727272727;61.25;62;47.5;97.8181818181818;69.5;78.4285714285714;132;45.2
24.11.06;50.2;57.6666666666667;98.25;88.75;45.6896551724138;46.5;94.9090909090909;60.5;63.1428571428571;48;96.5454545454546;76.125;81.2857142857143;127;43.6
25.11.06;49.8;57.3333333333333;97.875;85;45.2413793103448;45;99.0909090909091;59.75;64.2857142857143;48.5;95.2727272727273;82.75;84.1428571428572;122;42
26.11.06;49.4;57;97.5;84;44.7931034482759;45;103.272727272727;59;65.4285714285714;49;94;89.375;87;117;44.6
27.11.06;49;56.5;97.125;83;44.3448275862069;45;107.454545454545;58.25;66.5714285714285;49.5;95.5;96;89.25;112;47.2
28.11.06;48.6;56;96.75;82;43.8965517241379;45;111.636363636364;57.5;67.7142857142857;50;97;96;91.5;107;49.8
29.11.06;48.2;55.5;96.375;81;43.448275862069;45;115.818181818182;56.75;68.8571428571428;50.5;98.5;96;93.75;102;52.4
30.11.06;47.8;55;96;80;43;45;120;56;70;51;100;96;96;97;55
