01.12.05;0.657142857142857;;;0;0.3;0.1;0;0.1;0;0.1;0.1;0.1;0.1;0.3;0.5
02.12.05;0.671428571428571;;;0;0.3;0.1;0;0.1;0;0.1;0.1;0.1;0.125;0.3;0.4625
03.12.05;0.685714285714286;0.2;;0;0.3;0.1;0;0.1;0;0.1;0.1;0.1;0.15;0.285714285714286;0.425
04.12.05;0.7;0.733333333333333;;0;0.3;0.1;0;0.1;0;0.1;0.1;0.1;0.175;0.271428571428571;0.3875
05.12.05;0.666666666666667;1.26666666666667;;0;0.3;0.1;0;0.1;0;0.1;0.1;0.1;0.2;0.257142857142857;0.35
06.12.05;0.633333333333333;1.8;;0;0.3;0.0875;0;0.1;0;0.1;0.1;0.1;0.185714285714286;0.242857142857143;0.3125
07.12.05;0.6;2.33333333333333;;0;0.3;0.075;0;0.1;0;0.1;0.1;0.1;0.171428571428571;0.228571428571428;0.275
08.12.05;0.566666666666667;2.86666666666667;;0;0.3;0.0625;0;0.1;0;0.1;0.1;0.1;0.157142857142857;0.214285714285714;0.2375
09.12.05;0.533333333333333;3.4;;0;0.3;0.05;0;0.1;0;0.1;0.1;0.1;0.142857142857143;0.2;0.2
10.12.05;0.5;2.83333333333333;;0;0.3;0.0375;0;0.1;0;0.1;0.1;0.1;0.128571428571429;0.2;0.2
11.12.05;0.485714285714286;2.26666666666667;;0;0.3;0.025;0;0.114285714285714;0;0.1;0.1;0.1;0.114285714285714;0.2;0.2
12.12.05;0.471428571428571;1.7;;0;0.3;0.0125;0;0.128571428571429;0;0.1;0.1;0.1;0.0999999999999999;0.2;0.2
13.12.05;0.457142857142857;1.13333333333333;;0;0.3;0;0;0.142857142857143;0;0.1;0.1;0.1;0.0999999999999999;0.2;0.2
14.12.05;0.442857142857143;0.566666666666665;0;0;0.3;0.05;0;0.157142857142857;0;0.1;0.1;0.1;0.1;0.2;0.2
15.12.05;0.428571428571429;0;0;0;0.3;0.1;0;0.171428571428571;0;0.1;0.1;0.1;0.1;0.2;0.2
16.12.05;0.414285714285714;0;0;0;0.3;0.0962962962962963;0;0.185714285714286;0;0.1;0.1;0.1;0.1;0.2;0.2
17.12.05;0.4;0;0;0;0.3;0.0925925925925926;0;0.2;0;0.1;0.1;0.1;0.1;0.2;0.2
18.12.05;0.385714285714286;0;0;0;0.3;0.0888888888888889;0;0.175;0;0.1;0.1;0.1;0.1;0.2;0.2
19.12.05;0.371428571428571;0;0;0;0.3;0.0851851851851852;0;0.15;0;0.1;0.1;0.1;0.128571428571429;0.2;0.2
20.12.05;0.357142857142857;0;0;0;0.3;0.0814814814814815;0;0.125;0;0.1;0.1;0.1;0.157142857142857;0.2;0.2
21.12.05;0.342857142857143;0;0;0;0.3;0.0777777777777778;0;0.1;0;0.1;0.1;0.1;0.185714285714286;0.2;0.2
22.12.05;0.328571428571429;0;0;0;0.3;0.0740740740740741;0;0.075;0;0.1;0.1;0.1;0.214285714285714;0.2;0.2
23.12.05;0.314285714285714;0;0;0;0.288461538461539;0.0703703703703704;0;0.05;0;0.1;0.1;0.1;0.242857142857143;0.2;0.2
24.12.05;0.3;0;0;0;0.276923076923077;0.0666666666666667;0;0.025;0;0.1;0.1;0.1;0.271428571428572;0.2;0.2
25.12.05;0.24;0;0;0;0.265384615384616;0.062962962962963;0;0;0;0.1;0.1;0.1;0.3;0.2;0.2
26.12.05;0.18;0;0;0;0.253846153846154;0.0592592592592593;0;0;0;0.1;0.1;0.1;0.293333333333334;0.2;0.2
27.12.05;0.12;0;0;0;0.242307692307693;0.0555555555555556;0;0;0;0.1;0.1;0.1;0.286666666666667;0.2;0.2
28.12.05;0.06;0;0;0;0.230769230769231;0.0518518518518519;0;0;0;0.1;0.1;0.1;0.28;0.2;0.2
29.12.05;5.55111512312578E-17;0;0;0;0.21923076923077;0.0481481481481482;0;0;0;0.1;0.1;0.1;0.273333333333333;0.2;0.2
30.12.05;5.12410626750072E-17;0;0;0;0.207692307692308;0.0444444444444445;0;0;0;0.1;0.1;0.1;0.266666666666667;0.2;0.2
31.12.05;4.69709741187566E-17;0;0;0;0.196153846153847;0.0407407407407408;0;0;0;0.1;0.1;0.1;0.26;0.2;0.2
01.01.06;4.2700885562506E-17;0;0;0;0.184615384615385;0.0370370370370371;0;0;0;0.1;0.1;0.1;0.253333333333333;0.2;0.2
02.01.06;3.84307970062554E-17;0;0;0;0.173076923076924;0.0333333333333334;0;0;0;0.1;0.1;0.1;0.246666666666667;0.2;0.2
03.01.06;3.41607084500048E-17;0;0;0;0.161538461538462;0.0296296296296297;0;0;0;0.1;0.1;0.1;0.24;0.2;0.2
04.01.06;2.98906198937542E-17;0;0;0;0.15;0.025925925925926;0;0;0;0.1;0.1;0.1;0.233333333333333;0.2;0.2
05.01.06;2.56205313375036E-17;0;0;0;0.138461538461539;0.0222222222222223;0;0;0;0.1;0.1;0.1;0.226666666666667;0.2;0.2
06.01.06;2.1350442781253E-17;0;0;0;0.126923076923078;0.0185185185185186;0;0;0;0.1;0.1;0.1;0.22;0.2;0.2
07.01.06;1.70803542250024E-17;0;0;0;0.115384615384616;0.0148148148148149;0;0;0;0.1;0.1;0.1;0.213333333333333;0.2;0.2
08.01.06;1.28102656687518E-17;0;0;0;0.103846153846155;0.0111111111111112;0;0;0;0.1;0.1;0.1;0.206666666666667;0.2;0.2
09.01.06;8.54017711250121E-18;0;0;0;0.092307692307693;0.0074074074074075;0;0;0;0.1;0.1;0.1;0.2;0.2;0.2
10.01.06;4.27008855625061E-18;0;0;0;0.0807692307692315;0.00370370370370381;0;0;0;0.1;0.1;0.1;0.183333333333333;0.2;0.2
11.01.06;2.77555756156289E-17;0;0;0;0.06923076923077;0;0;0;0;0.1;0.1;0.1;0.166666666666667;0.2;0.2
12.01.06;0.1;0;0;0;0.0576923076923085;0;0;0;0;0.1;0.1;0.1;0.15;0.2;0.2
13.01.06;0.2;0;0;0;0.046153846153847;0;0;0;0;0.1;0.1;0.1;0.133333333333333;0.2;0.2
14.01.06;0.3;0;0;0;0.0346153846153855;0;0;0;0;0.1;0.1;0.1;0.116666666666666;0.2;0.2
15.01.06;0.257142857142857;0;0;0;0.023076923076924;0;0;0;0;0.1;0.1;0.1;0.0999999999999998;0.2;0.2
16.01.06;0.214285714285714;0;0;0;0.0115384615384625;0;0;0;0;0.1;0.1;0.1;0.0999999999999998;0.2;0.2
17.01.06;0.171428571428571;0;0;0;0;0;0;0;0;0.1;0.1;0.1;0.0999999999999998;0.2;0.2
18.01.06;0.128571428571429;0;0;0;0;0;0;0;0;0.1;0.1;0.1;0.0999999999999998;0.2;0.2
19.01.06;0.0857142857142857;0;0;0;0;0;0;0;0;0.1;0.1;0.1;0.0999999999999998;0.2;0.2
20.01.06;0.0428571428571428;0;0;0;0;0;0;0;0;0.1;0.1;0.1;0.0999999999999998;0.2;0.2
21.01.06;-5.55111512312578E-17;0;0;0;0;0;0;0;0;0.1;0.1;0.1;0.0999999999999999;0.2;0.2
22.01.06;-4.16333634234434E-17;0;0;0;0;0;0;0;0;0.1;0.1;0.1;0.0999999999999999;0.2;0.2
23.01.06;-2.77555756156289E-17;0;0;0;0;0;0;0;0;0.1;0.1;0.1;0.0999999999999999;0.2;0.2
24.01.06;-1.38777878078145E-17;0;0;0;0;0;0;0;0;0.1;0.1;0.1;0.0999999999999999;0.2;0.2
25.01.06;-1.23259516440783E-32;0;0;0;0;0;0;0;0;0.1;0.1;0.1;0.0999999999999999;0.2;0.2
26.01.06;-9.86076131526265E-33;0;0;0;0;0;0;0;0;0.1;0.1;0.1;0.0999999999999999;0.2;0.2
27.01.06;-7.39557098644699E-33;0;0;0;0;0;0;0;0;0.1;0.1;0.1;0.1;0.2;0.2
28.01.06;-4.93038065763132E-33;0;0;0;0;0;0;0;0;0.1;0.1;0.1;0.1;0.2;0.2
29.01.06;-2.46519032881566E-33;0;0;0;0;0;0;0;0;0.1;0.1;0.1;0.1;0.2;0.2
30.01.06;0;0;0;0;0;0;0;0;0;0.1;0.1;0.1;0.1;0.2;0.2
31.01.06;0;0;0;0;0;0;0;0;0;0.1;0.1;0.1;0.1;0.2;0.2
01.02.06;0;0;0;0;0;0;0;0;0;0.1;0.1;0.1;0.1;0.2;0.2
02.02.06;0;0;0;0;0;0;0;0;0;0.1;0.1;0.1;0.1;0.2;0.2
03.02.06;0;0;0;0;0;0;0;0;0;0.1;0.1;0.1;0.1;0.2;0.2
04.02.06;-1.38777878078145E-17;0;0;0;0;0;0;0;0;0.1;0.1;0.1;0.1;0.2;0.2
05.02.06;0.0333333333333333;0;0;0;0;0;0;0;0;0.1;0.1;0.1;0.1;0.2;0.2
06.02.06;0.0666666666666667;0;0;0;0;0;0;0;0;0.1;0.1;0.1;0.114285714285714;0.2;0.2
07.02.06;0.1;0;0;0;0;0;0;0;0;0.1;0.1;0.1;0.128571428571429;0.2;0.2
08.02.06;0.133333333333333;0;0;0;0;0;0;0;0;0.1;0.1;0.1;0.142857142857143;0.2;0.2
09.02.06;0.166666666666667;0;0;0;0;0;0;0;0;0.1;0.1;0.1;0.157142857142857;0.2;0.2
10.02.06;0.2;0;0;0;0;0;0;0;0;0.1;0.1;0.1;0.171428571428571;0.2;0.2
11.02.06;0.2;0;0;0;0;0;0;0;0;0.1;0.1;0.1;0.185714285714286;0.2;0.2
12.02.06;0.2;0;0;0;0;0;0;0;0;0.1;0.1;0.1;0.2;0.2;0.2
13.02.06;0.2;0;0;0;0;0;0;0;0;0.1;0.1;0.1;0.2;0.2;0.2
14.02.06;0.2;0;0;0;0;0;0;0;0;0.1;0.1;0.1;0.2;0.2;0.2
15.02.06;0.2;0;0;0;0;0;0;0;0;0.1;0.1;0.1;0.2;0.2;0.2
16.02.06;0.2;0;0;0;0;0;0;0;0;0.1;0.1;0.1;0.2;0.2;0.2
17.02.06;0.2;0;0;0;0;0;0;0;0;0.1;0.1;0.1;0.2;0.2;0.2
18.02.06;0.2;0;0;0;0;0;0;0;0;0.1;0.1;0.1;0.2;0.2;0.2
19.02.06;0.2;0;0;0;0;0;0;0;0;0.1;0.1;0.1;0.2;0.2;0.2
20.02.06;0.2;0;0;0;0;0;0;0;0;0.1;0.1;0.1;0.1875;0.2;0.2
21.02.06;0.2;0;0;0;0;0;0;0;0;0.1;0.1;0.1;0.175;0.2;0.2
22.02.06;0.2;0;0;0;0;0;0;0;0;0.1;0.1;0.1;0.1625;0.2;0.2
23.02.06;0.216666666666667;0;0;0;0;0;0;0;0;0.1;0.1;0.1;0.15;0.2;0.2
24.02.06;0.233333333333333;0;0;0;0;0;0;0;0;0.1;0.1;0.1;0.1375;0.2;0.2
25.02.06;0.25;0;0;0;0;0;0;0;0;0.1;0.1;0.1;0.125;0.2;0.2
26.02.06;0.266666666666667;0;0;0;0;0;0;0;0;0.1;0.1;0.1;0.1125;0.2;0.2
27.02.06;0.283333333333333;0;0;0;0;0;0;0;0;0.1;0.1;0.1;0.1;0.2;0.2
28.02.06;0.3;0;0;0;0;0;0;0;0;0.1;0.1;0.1;0.1;0.2;0.2
01.03.06;0.25;0;0;0;0;0;0;0;0;0.1;0.1;0.1;0.1;0.2;0.2
02.03.06;0.225;0;0;0;0;0;0;0;0;0.1;0.1;0.1;0.1;0.2;0.2
03.03.06;0.2;0;0;0;0;0;0;0;0;0.1;0.1;0.1;0.1;0.2;0.2
04.03.06;0.166666666666667;0;0;0;0;0;0;0;0;0.1;0.1;0.1;0.1;0.2;0.2
05.03.06;0.133333333333333;0;0;0;0;0;0;0;0;0.1;0.1;0.1;0.1;0.2;0.2
06.03.06;0.1;0;0;0;0;0;0;0;0;0.1;0.1;0.1;0.15;0.2;0.2
07.03.06;0.0666666666666667;0;0;0;0;0;0;0;0;0.1;0.1;0.1;0.2;0.2;0.2
08.03.06;0.0333333333333333;0;0;0;0;0;0;0;0;0.1;0.1;0.1;0.25;0.2;0.2
09.03.06;-2.77555756156289E-17;0;0;0;0;0;0;0;0;0.1;0.1;0.1;0.3;0.2;0.2
10.03.06;-2.08166817117217E-17;0;0;0;0;0;0;0;0;0.1;0.1;0.1;0.35;0.2;0.2
11.03.06;-1.38777878078145E-17;0;0;0;0;0;0;0;0;0.1;0.1;0.1;0.4;0.2;0.2
12.03.06;-6.93889390390723E-18;0;0;0;0;0;0;0;0;0.1;0.1;0.1;0.4125;0.2;0.2
13.03.06;-6.16297582203916E-33;0;0;0;0;0;0;0;0;0.1;0.1;0.1;0.425;0.2;0.2
14.03.06;2.77555756156289E-17;0;0;0;0;0;0;0;0;0.1;0.1;0.1;0.4375;0.2;0.2
15.03.06;0.1;0;0;0;0;0;0;0;0;0.1;0.1;0.1;0.45;0.2;0.2
16.03.06;0.2;0;0;0;0;0;0;0;0;0.1;0.1;0.1;0.4625;0.2;0.2
17.03.06;0.3;0;0;0;0;0;0;0;0;0.1;0.1;0.1;0.475;0.2;0.2
18.03.06;0.24;0;0;0;0;0;0;0;0;0.1;0.1;0.1;0.4875;0.2;0.2
19.03.06;0.18;0;0;0;0;0;0;0;0;0.1;0.1;0.1;0.5;0.2;0.2
20.03.06;0.12;0;0;0;0;0;0;0;0;0.1;0.1;0.1;0.890909090909091;0.2;0.2
21.03.06;0.06;0;0;0;0;0;0;0;0;0.1;0.1;0.1;1.28181818181818;0.2;0.2
22.03.06;5.55111512312578E-17;0;0;0;0;0;0;0;0;0.2;0.1;0.166666666666667;1.67272727272727;0.2;0.2
23.03.06;4.44089209850063E-17;0;0;0;0;0;0;0;0;0.18;0.121052631578947;0.233333333333333;2.06363636363636;0.2;0.2
24.03.06;3.33066907387547E-17;0;0;0;0;0;0;0;0;0.16;0.142105263157895;0.3;2.45454545454546;0.2;0.2
25.03.06;2.22044604925031E-17;0;0;0;0;0;0;0;0;0.14;0.163157894736842;0.366666666666667;2.84545454545455;0.2;0.2
26.03.06;1.11022302462516E-17;0;0;0;0;0;0;0;0;0.12;0.18421052631579;0.433333333333333;3.23636363636364;0.2;0.2
27.03.06;3.46944695195361E-18;0;0;0;0;0;0;0;0;0.1;0.205263157894737;0.5;3.62727272727273;0.2;0.2
28.03.06;0.025;0;0;0;0;0;0;0;0;0.1;0.226315789473684;0.546153846153846;4.01818181818182;0.2;0.2
29.03.06;0.05;0;0;0;0;0;0;0;0;0.1;0.247368421052632;0.592307692307692;4.40909090909091;0.2;0.2
30.03.06;0.075;0;0;0;0;0;0;0;0;0.1;0.268421052631579;0.638461538461538;4.8;0.2;0.2
31.03.06;0.1;0;0;0;0;0;0;0;0;0.1;0.289473684210527;0.684615384615385;4.57777777777778;0.2;0.2
01.04.06;0.2;0;0;0;0;0;0.1;0;0;0.1;0.310526315789474;0.730769230769231;4.35555555555556;0.25;0.2
02.04.06;0.4;0;0.02;0;0;0;0.1;0;0;0.1;0.331578947368421;0.776923076923077;4.13333333333334;0.3;0.2
03.04.06;0.6;0;0.04;0;0;0.0333333333333333;0.1;0;0;0.1;0.352631578947369;0.823076923076923;3.91111111111111;0.35;0.2
04.04.06;0.6;0;0.06;0;0;0.0666666666666666;0.128571428571429;0;0;0.133333333333333;0.373684210526316;0.869230769230769;3.68888888888889;0.4;0.2
05.04.06;1.66666666666667;0;0.08;0;0;0.0999999999999999;0.157142857142857;0;0;0.166666666666667;0.394736842105264;0.915384615384615;3.46666666666667;0.45;0.2
06.04.06;2.73333333333333;0;0.1;0;0;0.0999999999999999;0.185714285714286;0;0;0.2;0.415789473684211;0.961538461538461;3.24444444444445;0.5;0.2
07.04.06;3.8;0;0.2;0;0;0.0999999999999999;0.214285714285714;0;0;0.285714285714286;0.436842105263158;1.00769230769231;3.02222222222223;0.55;0.24
08.04.06;7.8;0;0.2;0;0;0.1;0.242857142857143;0;0.15;0.371428571428571;0.457894736842106;1.05384615384615;2.8;0.6;0.28
09.04.06;8.75;0;0.175;0;0;0.1;0.271428571428572;0;0.3;0.457142857142857;0.478947368421053;1.1;3.36666666666667;0.75;0.32
10.04.06;9.7;0;0.15;0;0;0.1;0.3;0.05;0.45;0.542857142857143;0.500000000000001;1.2125;3.93333333333334;0.9;0.36
11.04.06;8.68;0;0.125;0;0;0.1;1.2;0.1;0.6;0.628571428571429;0.1;1.325;4.5;1.05;0.4
12.04.06;7.66;0;0.1;0;0;0.15;2.1;0.15;0.75;0.714285714285714;0.571428571428571;1.4375;5.06666666666667;1.2;0.8
13.04.06;6.64;0;0.575;0;0;0.2;3;0.2;0.9;0.8;1.04285714285714;1.55;5.63333333333333;1.35;1.56666666666667
14.04.06;5.62;0;1.05;0;0;0.25;3.9;0.233333333333333;2.22;1.15;1.51428571428571;1.6625;6.2;1.5;2.33333333333333
15.04.06;4.6;0;1.525;0;0;0.3;4.8;0.266666666666667;3.54;1.5;1.98571428571428;1.775;5.84444444444444;2.9;3.1
16.04.06;5.23333333333333;0;2;0;0;0.65;5.7;0.3;4.86;1.85;2.45714285714286;1.8875;5.48888888888889;2.825;2.95
17.04.06;5.86666666666667;0;2.625;0.1;0.3;1;6.6;0.4;6.18;2.2;2.92857142857143;2;5.13333333333334;2.75;2.8
18.04.06;6.5;0.0666666666666667;3.25;0.1;1.1;1.35;7.55;0.5;7.5;1.725;3.4;3.01666666666667;4.77777777777778;2.675;2.65
19.04.06;7.13333333333333;0.133333333333333;3.875;0.4;1.9;1.7;8.5;0.6;7.75;1.25;4.1;4.03333333333334;4.42222222222222;2.6;2.5
20.04.06;7.76666666666667;0.2;4.5;0.7;2.49230769230769;2.2;9.45;0.7;8;0.775;4.8;5.05000000000001;4.06666666666667;3.33333333333333;3.8875
21.04.06;8.4;0.25;4.4625;1;3.08461538461538;3.05;10.4;0.8;8.31666666666667;0.3;4.1;6.06666666666668;3.71111111111111;4.06666666666667;5.275
22.04.06;8.36666666666667;0.3;4.425;1.3;3.67692307692308;3.9;9.05;0.65;8.63333333333334;1.65;3.4;7.08333333333335;3.35555555555556;4.8;6.6625
23.04.06;8.33333333333333;1.2;4.3875;1.6;4.26923076923077;4.5;7.7;0.5;8.95;3;2.7;8.10000000000002;3;4.96666666666667;8.05
24.04.06;8.3;1.95;4.35;1.9;4.86153846153846;5.26666666666667;6.35;1.56;9.26666666666667;4.35;2.7;8.58000000000002;3.55;5.13333333333333;9.4375
25.04.06;8.56666666666667;2.7;4.3125;2.2;5.45384615384615;6.03333333333333;5;2.62;9.58333333333334;5.7;4.36666666666667;9.06000000000002;4.1;5.3;10.825
26.04.06;8.83333333333333;3.45;4.275;3.8;6.04615384615384;6.8;5.7;3.68;9.9;7.05;6.03333333333334;9.54000000000002;4.65;5.46666666666667;12.2125
27.04.06;9.1;4.2;4.2375;5.9;6.63846153846154;7.43333333333333;6.4;4.74;11.7;8.4;7.70000000000001;10.02;5.2;5.63333333333333;13.6
28.04.06;9.4;6.3;4.2;6.65;7.23076923076923;8.06666666666667;7.1;5.8;11.75;8.3;7.7;10.5;5.75;5.8;12.95
29.04.06;9.7;8.8;5.1;7.4;7.82307692307692;8.7;7.52857142857143;8.55;11.8;9.775;8.42;10.98;6.3;6.05;12.3
30.04.06;10;10.7;6;8.15;8.41538461538461;8.98571428571429;7.95714285714286;11.3;11.85;11.25;9.14;11.46;7.44285714285714;6.3;11.65
01.05.06;10.2333333333333;10.6;7.875;8.9;9.0076923076923;9.27142857142857;8.38571428571429;11.7;11.9;12.725;9.86;11.94;8.58571428571428;6.83;11
02.05.06;10.4666666666667;10.5;9.75;9.65;9.6;9.55714285714286;8.81428571428572;12.1;11.95;14.2;10.58;12.42;9.72857142857142;7.36;10.35
03.05.06;10.7;10.4;11.625;10.4;10.18;9.84285714285714;9.24285714285714;12.5;12;14.4;11.3;12.9;10.8714285714286;7.89;9.7
04.05.06;10.9666666666667;11.6;13.5;11.15;10.76;10.1285714285714;9.67142857142857;12.9;12.05;12;11.725;13.38;12.0142857142857;8.42;9.05
05.05.06;11.2333333333333;11.3;13.8857142857143;11.9;11.34;10.4142857142857;10.1;13.3;12.1;9.6;12.15;13.86;13.1571428571428;8.95;8.4
06.05.06;11.5;12.5;14.2714285714286;12;11.92;10.7;9.53333333333333;12.3666666666667;12.54;8.88;12.575;14.34;14.3;9.48;8.57142857142857
07.05.06;11.75;12.6;14.6571428571429;12.1;12.5;11.4;8.96666666666667;11.4333333333333;12.98;8.16;13;14.82;14.4428571428571;10.01;8.74285714285714
08.05.06;12;12.88;15.0428571428571;12.2;13.08;12.1;8.4;10.5;13.42;7.44;12.3333333333333;15.3;14.5857142857143;10.54;8.91428571428572
09.05.06;12.25;13.16;15.4285714285714;12.3;13.66;12.8;10.05;11.2;13.86;6.72;11.6666666666667;16.16;14.7285714285714;11.07;9.08571428571429
10.05.06;12.5;13.44;15.8142857142857;12.4;14.24;13.5;11.7;11.9;14.3;6;11;17.02;14.8714285714286;11.6;9.25714285714286
11.05.06;12.7666666666667;13.72;16.2;13.8;14.82;14.2;13.35;12.6;14.3;6.2;11.5;17.88;15.0142857142857;12.9;9.42857142857143
12.05.06;13.0333333333333;14;15.7666666666667;12.65;15.4;14.9;15;13.3;14.3;6.4;12.62;18.74;15.1571428571429;14.2;9.6
13.05.06;13.3;13.7666666666667;15.3333333333333;11.5;15.4333333333333;15.6;15.85;14;13.84;7.24;13.74;19.6;15.3;15.5;10.08
14.05.06;11.9666666666667;13.5333333333333;14.9;10.9666666666667;15.4666666666667;16.6;16.7;13.45;13.38;8.08;14.86;19.5;14.6166666666667;16.8;10.56
15.05.06;10.6333333333333;13.3;14.7666666666667;10.4333333333333;15.5;17.6;16.18;12.9;12.92;8.92;15.98;19.4;13.9333333333333;17.2666666666667;11.04
16.05.06;9.3;12.0333333333333;14.6333333333333;9.9;15.5333333333333;18.6;15.66;12.35;12.46;9.76;17.1;18.4875;13.25;17.7333333333333;11.52
17.05.06;9.9;10.7666666666667;14.5;11.45;15.5666666666667;17.7285714285714;15.14;11.8;12;10.6;16.6833333333333;17.575;12.5666666666667;18.2;12
18.05.06;10.5;9.49999999999999;14.3666666666667;13;15.6;16.8571428571429;14.62;11.25;12.35;10.84;16.2666666666667;16.6625;11.8833333333333;19.9;11.4333333333333
19.05.06;11.1;9.7;14.2333333333333;13.5;15.21;15.9857142857143;14.1;10.7;12.7;11.08;15.85;15.75;11.2;19.50625;10.8666666666667
20.05.06;12.4666666666667;9.9;14.1;14;14.82;15.1142857142857;14.8333333333333;12.2;13.025;11.32;15.4333333333333;14.8375;11.2625;19.1125;10.3
21.05.06;13.8333333333333;10.1;14.0428571428571;14.5;14.43;14.2428571428571;15.5666666666667;13.7;13.35;11.56;15.0166666666667;13.925;11.325;18.71875;9.73333333333333
22.05.06;15.2;10.3;13.9857142857143;15;14.04;13.3714285714286;16.3;14.2;13.675;11.8;14.6;13.0125;11.3875;18.325;9.16666666666666
23.05.06;14.325;10.8333333333333;13.9285714285714;15.5;13.65;12.5;16.2285714285714;14.7;14;12.7;14.4466666666667;12.1;11.45;17.93125;8.6
24.05.06;13.45;11.3666666666667;13.8714285714286;15.6;13.26;12.95;16.1571428571429;15.2;13.85;13.6;14.2933333333333;12.3583333333333;11.5125;17.5375;8.6
25.05.06;12.575;11.9;13.8142857142857;15.7;12.87;13.4;16.0857142857143;15.7;13.7;14.5;14.14;12.6166666666667;11.575;17.14375;8.6
26.05.06;11.7;11.35;13.7571428571429;15.8;12.48;13.85;16.0142857142857;16.2;14.5;15.4;13.9866666666667;12.875;11.6375;16.75;9.6875
27.05.06;11.5;10.8;13.7;15.9;12.09;14.3;15.9428571428571;17.35;15.3;13.9;13.8333333333333;13.1333333333333;11.7;16.35625;10.775
28.05.06;11.3;12;14.575;16;11.7;15.1;15.8714285714286;18.5;16.1;12.4;13.68;13.3916666666667;11.8857142857143;15.9625;11.8625
29.05.06;11.1;13.2;15.45;16.1;11.7875;15.9;15.8;18.9;16.9;10.9;13.5266666666667;13.65;12.0714285714286;15.56875;12.95
30.05.06;12.1;14.5666666666667;16.325;16.2;11.875;16.7;16.4428571428571;19.3;17.7;9.4;13.3733333333333;13.9083333333333;12.2571428571429;15.175;14.0375
31.05.06;13.1;15.9333333333333;17.2;16.3;11.9625;17.5;17.0857142857143;19.7;16.3;10.65;13.22;14.1666666666667;12.4428571428571;14.78125;15.125
01.06.06;14.1;17.3;17.3;16.4;12.05;17.1;17.7285714285714;20.1;14.9;11.9;13.0666666666667;14.425;12.6285714285714;14.3875;16.2125
02.06.06;15.1;17.5333333333333;17.4;16.5;12.1375;16.7;18.3714285714286;20.5;13.5;11.45;12.9133333333333;14.6833333333333;12.8142857142857;13.99375;17.3
03.06.06;13.65;17.7666666666667;17.5;16.6;12.225;16.3;19.0142857142857;19.7166666666667;13.42;11;12.76;14.9416666666667;13;13.6;17.05
04.06.06;12.2;18;17.1666666666667;16.2333333333333;12.3125;15.9;19.6571428571429;18.9333333333333;13.34;10.55;12.6066666666667;15.2;13.6714285714286;13.9;16.8
05.06.06;11.8333333333333;16.925;16.8333333333333;15.8666666666667;12.4;15.5;20.3;18.15;13.26;10.1;12.4533333333333;15.4;14.3428571428571;14.2;16.55
06.06.06;11.4666666666667;15.85;16.5;15.5;12.92;15.1;19.8181818181818;17.3666666666667;13.18;10.45;12.3;15.6;15.0142857142857;14.5;16.3
07.06.06;11.1;14.775;16.1666666666667;15.1333333333333;13.44;14.7;19.3363636363636;16.5833333333333;13.1;10.8;12.3;16.14;15.6857142857143;14.8;16.3125
08.06.06;10.15;13.7;15.8333333333333;14.7666666666667;13.96;14.975;18.8545454545455;15.8;12.7666666666667;11.6;12.3;16.68;16.3571428571429;15.1;16.325
09.06.06;9.2;14.4666666666667;15.5;14.4;14.48;15.25;18.3727272727273;14.9666666666667;12.4333333333333;12.4;12.3;17.22;17.0285714285714;15.4;16.3375
10.06.06;9.9;15.2333333333333;15.7428571428571;14.3375;15;15.525;17.8909090909091;14.1333333333333;12.1;13.2;12.3;17.76;17.7;15.6;16.35
11.06.06;10.6;16;15.9857142857143;14.275;15.52;15.8;17.4090909090909;13.3;12.7142857142857;14;12.3;18.3;17.6125;15.8;16.3625
12.06.06;12.35;17.3;16.2285714285714;14.2125;16.04;16.225;16.9272727272727;14.1;13.3285714285714;14.8;12.3;16.4;17.525;16;16.375
13.06.06;14.1;18.6;16.4714285714286;14.15;16.56;16.65;16.4454545454545;14.9;13.9428571428571;15.6;12.3;14.5;17.4375;16.2;16.3875
14.06.06;15.3;19.9;16.7142857142857;14.0875;17.08;17.075;15.9636363636364;15.7;14.5571428571429;15.1;12.3;14.6666666666667;17.35;16.4;16.4
15.06.06;16.5;21.2;16.9571428571429;14.025;17.6;17.5;15.4818181818182;16.5;15.1714285714286;14.9;12.3;14.8333333333333;17.2625;16.6;16.3555555555556
16.06.06;17.7;20.45;17.2;13.9625;17.29;17.32;15;16.2333333333333;15.7857142857143;14.7;13.2;15;17.175;17.0444444444444;16.3111111111111
17.06.06;18.15;19.7;17.2142857142857;13.9;16.98;17.14;14.6;15.9666666666667;16.4;15.0333333333333;14.1;15.1666666666667;17.0875;17.4888888888889;16.2666666666667
18.06.06;18.6;17.7;17.2285714285714;14.3285714285714;16.67;16.96;14.2;15.7;16.9;15.3666666666667;15;15.3333333333333;17;17.9333333333333;16.2222222222222
19.06.06;18.95;15.7;17.2428571428571;14.7571428571429;16.36;16.78;13.8;16.25;17.4;15.7;15.9;15.5;16.6875;18.3777777777778;16.1777777777778
20.06.06;19.3;16;17.2571428571429;15.1857142857143;16.05;16.6;14.375;16.8;17.9;15.125;16.0333333333333;15.75;16.375;18.8222222222222;16.1333333333333
21.06.06;18.9333333333333;16.3;17.2714285714286;15.6142857142857;15.74;14.6;14.95;17.35;18.4;14.55;16.1666666666667;16;16.0625;19.2666666666667;16.0888888888889
22.06.06;18.5666666666667;16.6;17.2857142857143;16.0428571428571;15.43;16.2;15.525;17.9;18.9;13.975;16.3;16.25;15.75;19.7111111111111;16.0444444444444
23.06.06;18.2;16.55;17.3;16.4714285714286;15.12;17.8;16.1;19.2666666666667;18.65;13.4;16.46;16.5;15.4375;20.1555555555556;16
24.06.06;17.95;16.5;17.8333333333333;16.9;14.81;19.4;15.7666666666667;20.6333333333333;18.4;13.8333333333333;16.62;16;15.125;20.6;15.9846153846154
25.06.06;17.7;16.45;18.3666666666667;17.575;14.5;21;15.4333333333333;22;17.8833333333333;14.2666666666667;16.78;15.5;14.8125;20.6;15.9692307692308
26.06.06;16.35;16.4;18.9;18.25;14.575;20.6666666666667;15.1;20.96;17.3666666666667;14.7;16.94;15;14.5;20.6;15.9538461538462
27.06.06;15;16.8;19.4333333333333;18.925;14.65;20.3333333333333;14.45;19.92;16.85;14.95;17.1;14.5;14.6;20.6;15.9384615384615
28.06.06;15.4666666666667;17.2;19.9666666666667;19.6;14.725;20;13.8;18.88;16.3333333333333;15.2;17.3428571428571;14.5857142857143;14.7;20.6;15.9230769230769
29.06.06;15.9333333333333;17.6;20.5;19.5833333333333;14.8;19.6666666666667;13.15;17.84;15.8166666666667;15.45;17.5857142857143;14.6714285714286;14.8;20.6;15.9076923076923
30.06.06;16.4;16.8;20.8909090909091;19.5666666666667;14.9;19.3333333333333;12.5;16.8;15.3;15.7;17.8285714285714;14.7571428571429;14.9;19.1;15.8923076923077
01.07.06;16.4;16;21.2818181818182;19.55;15;19;13.1;16.9;15.3833333333333;15.8;18.0714285714286;14.8428571428571;15;17.6;15.8769230769231
02.07.06;16.4;15.2;21.6727272727273;19.5333333333333;16.44;18.75;13.7;17;15.4666666666667;15.9;18.3142857142857;14.9285714285714;15.1;17.25;15.8615384615385
03.07.06;16.45;14.675;22.0636363636364;19.5166666666667;17.88;18.5;14.3;16.54;15.55;16;18.5571428571429;15.0142857142857;15.2;16.9;15.8461538461538
04.07.06;16.5;14.15;22.4545454545455;19.5;19.32;18.25;14.9;16.08;15.6333333333333;15.675;18.8;15.1;16.08;16.55;15.8307692307692
05.07.06;16.5666666666667;13.625;22.8454545454545;19.35;20.76;18;15.5;15.62;15.7166666666667;15.35;18.5428571428571;14.9142857142857;16.96;16.2;15.8153846153846
06.07.06;16.6333333333333;13.1;23.2363636363636;19.2;22.2;18;16.1;15.16;15.8;15.025;18.2857142857143;14.7285714285714;17.84;16.25;15.8
07.07.06;16.7;14.575;23.6272727272727;19.2;21.45;18;16.7;14.7;15.45;14.7;18.0285714285714;14.5428571428571;18.72;16.3;16.1428571428571
08.07.06;17.1;16.05;24.0181818181818;19.2;20.7;18;17.2571428571429;14.5666666666667;15.1;14.1666666666667;17.7714285714286;14.3571428571429;19.6;16.56;16.4857142857143
09.07.06;17.5;17.525;24.4090909090909;19.2;19.95;17.4666666666667;17.8142857142857;14.4333333333333;15.2833333333333;13.6333333333333;17.5142857142857;14.1714285714286;19.3222222222222;16.82;16.8285714285714
10.07.06;17.9;19;24.8;19.2;19.2;16.9333333333333;18.3714285714286;14.3;15.4666666666667;13.1;17.2571428571429;13.9857142857143;19.0444444444444;17.08;17.1714285714286
11.07.06;18.3;19.1;24.6727272727273;19.2;18.3125;16.4;18.9285714285714;14.2;15.65;13.2;17;13.8;18.7666666666667;17.34;17.5142857142857
12.07.06;18.4666666666667;19.2;24.5454545454545;19.2;17.425;16.3214285714286;19.4857142857143;14.1;15.8333333333333;14.0333333333333;17.3666666666667;14.1428571428571;18.4888888888889;17.6;17.8571428571429
13.07.06;18.6333333333333;19.3;24.4181818181818;19.2;16.5375;16.2428571428571;20.0428571428571;14;16.0166666666667;14.8666666666667;17.7333333333333;14.4857142857143;18.2111111111111;18.1333333333333;18.2
14.07.06;18.8;19.3;24.2909090909091;19.14;15.65;16.1642857142857;20.6;13.9;16.2;15.7;18.1;14.8285714285714;17.9333333333333;18.6666666666667;18.1461538461538
15.07.06;19.15;19.3;24.1636363636364;19.08;14.7625;16.0857142857143;19.6;13.8;16.8666666666667;16.02;18.4666666666667;15.1714285714286;17.6555555555556;19.2;18.0923076923077
16.07.06;19.5;19.3;24.0363636363636;19.02;13.875;16.0071428571429;18.6;13.7;17.5333333333333;16.34;18.8333333333333;15.5142857142857;17.3777777777778;19.22;18.0384615384615
17.07.06;20.35;18.95;23.9090909090909;18.96;12.9875;15.9285714285714;17.6;13.6;18.2;16.66;19.2;15.8571428571429;17.1;19.24;17.9846153846154
18.07.06;21.2;18.6;23.7818181818182;18.9;12.1;15.85;16.6;13.9666666666667;18.8666666666667;16.98;17.9;16.2;17.1166666666667;19.26;17.9307692307692
19.07.06;21.4;18.25;23.6545454545455;18.8666666666667;13.55;15.7714285714286;16.2285714285714;14.3333333333333;19.5333333333333;17.3;17.65;16.1333333333333;17.1333333333333;19.28;17.8769230769231
20.07.06;21.6;17.9;23.5272727272727;18.8333333333333;15;15.6928571428571;15.8571428571429;14.7;20.2;17.05;17.4;16.0666666666667;17.15;19.3;17.8230769230769
21.07.06;21.8;17.7;23.4;18.8;15.71;15.6142857142857;15.4857142857143;14.9;18.45;16.8;17.15;16;17.1666666666667;18;17.7692307692308
22.07.06;21.15;17.5;23.2;18.9;16.42;15.5357142857143;15.1142857142857;15.1;16.7;16.0666666666667;16.9;15.9333333333333;17.1833333333333;16.7;17.7153846153846
23.07.06;20.5;17;23;19;17.13;15.4571428571429;14.7428571428571;15.32;17.3;15.3333333333333;16.65;15.8666666666667;17.2;16.5;17.6615384615385
24.07.06;20.25;16.5;22.8;19.1;17.84;15.3785714285714;14.3714285714286;15.54;17.9;14.6;16.4;15.8;17.05;16.3;17.6076923076923
25.07.06;20;17.3333333333333;22.6;19.25;18.55;15.3;14;15.76;18.5;15.4333333333333;16.6545454545455;15.3;16.9;16.1;17.5538461538462
26.07.06;19.4666666666667;18.1666666666667;22.4;19.4;19.26;15.4;14.2333333333333;15.98;19.1;16.2666666666667;16.9090909090909;14.8;16.75;15.9;17.5
27.07.06;18.9333333333333;19;22.2;19.55;19.68;15.5;14.4666666666667;16.2;20.4;17.1;17.1636363636364;14.3;16.6;15.7;17.4111111111111
28.07.06;18.4;19.5;22;19.7;20.1;15.6;14.7;16.7333333333333;20.2571428571429;17.2;17.4181818181818;13.8;16.45;15.8;17.3222222222222
29.07.06;17;20;22.0846153846154;19.12;20.52;15.7;15.55;17.2666666666667;20.1142857142857;17.52;17.6727272727273;13.3;16.3;15.9;17.2333333333333
30.07.06;15.6;19.52;22.1692307692308;18.54;20.94;15.8;16.4;17.8;19.9714285714286;17.84;17.9272727272727;12.8;16.25;16;17.1444444444444
31.07.06;17.2;19.04;22.2538461538462;17.96;21.36;15.9;17.25;17.4;19.8285714285714;18.16;18.1818181818182;12.3;16.2;16.1;17.0555555555556
01.08.06;18.8;18.56;22.3384615384615;17.38;21.78;16;18.1;17;19.6857142857143;18.48;18.4363636363636;12.4666666666667;16.15;16.2;16.9666666666667
02.08.06;17.2666666666667;18.08;22.4230769230769;16.8;22.2;16.225;17.8666666666667;16.6;19.5428571428571;18.8;18.6909090909091;12.6333333333333;16.1;16.3;16.8777777777778
03.08.06;15.7333333333333;17.6;22.5076923076923;16.7;21.64;16.45;17.6333333333333;16.2;19.4;18.3333333333333;18.9454545454546;12.8;16.05;16.4;16.7888888888889
04.08.06;14.2;17.5;22.5923076923077;16.6;21.08;16.675;17.4;15.8;18.8714285714286;17.8666666666667;19.2;12.9666666666667;16;16.5;16.7
05.08.06;13;17.4;22.6769230769231;16.5;20.52;16.9;17.5;15.75;18.3428571428571;17.4;18.48;13.1333333333333;15.95;16.6;16.6571428571429
06.08.06;12.2;16.62;22.7615384615385;16.4;19.96;16.775;17.6;15.7;17.8142857142857;16.9333333333333;17.76;13.3;15.9;16.94;16.6142857142857
07.08.06;13.05;15.84;22.8461538461538;16.3;19.4;16.65;17.7;16.025;17.2857142857143;16.4666666666667;17.04;13.4666666666667;15.7;17.28;16.5714285714286
08.08.06;13.9;15.06;22.9307692307692;16.2;18.84;16.525;17.8;16.35;16.7571428571429;16;16.32;13.6333333333333;15.5;17.62;16.5285714285714
09.08.06;14.4;14.28;23.0153846153846;16.4111111111111;18.28;16.4;17.54;16.675;16.2285714285714;15.6666666666667;15.6;13.8;15.3;17.96;16.4857142857143
10.08.06;14.9;13.5;23.1;16.6222222222222;17.72;16.675;17.28;17;15.7;15.3333333333333;15.5;14;15.1;18.3;16.4428571428571
11.08.06;15.4;14.9666666666667;22.4666666666667;16.8333333333333;17.22;16.95;17.02;16.6;16.05;15;15.4;14.2;14.9;18.0571428571429;16.4
12.08.06;16.8;16.4333333333333;21.8333333333333;17.0444444444444;16.72;17.225;16.76;16.2;16.4;15.1;15.3;14.4;14.7;17.8142857142857;16.25
13.08.06;17.7;17.9;21.2;17.2555555555556;16.22;17.5;16.5;15.8;16.28;15.2;15.2;14.6;14.04;17.5714285714286;16.1
14.08.06;18.8;16.875;20.5666666666667;17.4666666666667;15.98;17.3;16.9;15.4;16.16;15.3;15.1;14.8;13.38;17.3285714285714;15.95
15.08.06;19.9;15.85;19.9333333333333;17.6777777777778;15.74;17.1;17.3;14.84;16.04;15;15;15;12.72;17.0857142857143;15.8
16.08.06;20.0666666666667;14.825;19.3;17.8888888888889;15.5;16.9;16.8;14.28;15.92;14.7;14.9;15.2;12.06;16.8428571428571;15.65
17.08.06;20.2333333333333;13.8;18.65;18.1;15.26;16.4;16.3;13.72;15.8;14.4;14.8;15.4;11.4;16.6;15.5
18.08.06;20.4;15.9;18;17.8;15.02;15.9;15.8;13.16;16.0857142857143;14.2;14.5666666666667;15.6;11.7;16.1666666666667;15.4285714285714
19.08.06;20.45;18;17.64;17.5;14.78;15.4;15.5142857142857;12.6;16.3714285714286;14.5;14.3333333333333;15.8;12;15.7333333333333;15.3571428571429
20.08.06;20.5;17.35;17.28;17.22;14.54;14.9;15.2285714285714;14.1;16.6571428571429;14.8;14.1;16.1333333333333;12.3;15.3;15.2857142857143
21.08.06;20.4;16.7;16.92;16.94;14.3;15;14.9428571428571;15.6;16.9428571428571;15.1;13.8666666666667;16.4666666666667;12.6;14.8666666666667;15.2142857142857
22.08.06;20.3;16.7333333333333;16.56;16.66;14.06;15.1;14.6571428571429;15.3;17.2285714285714;15.4;13.6333333333333;16.8;12.9;14.4333333333333;15.1428571428571
23.08.06;19;16.7666666666667;16.2;16.38;13.82;14.675;14.3714285714286;15;17.5142857142857;15.7;13.4;16.0375;13.2;14;15.0714285714286
24.08.06;17.7;16.8;16.1142857142857;16.1;13.5;14.25;14.0857142857143;14.7;17.8;15.15;13.5857142857143;15.275;13.5;13.5666666666667;15
25.08.06;16.4;16.825;16.0285714285714;15.82;13.393;13.825;13.8;14.4;17.125;14.6;13.7714285714286;14.5125;13.8;13.1333333333333;15.4333333333333
26.08.06;15.1;16.85;15.9428571428571;15.54;13.286;13.4;13.375;14.1;16.45;14.1;13.9571428571429;13.75;14.1;12.7;15.8666666666667
27.08.06;13.8;16.875;15.8571428571429;15.26;13.179;12.8666666666667;12.95;13.8;15.775;13.6;14.1428571428571;12.9875;13.9642857142857;12.5;16.3
28.08.06;12.5;16.9;15.7714285714286;14.98;13.072;12.3333333333333;12.525;13.5;15.1;13.1;14.3285714285714;12.225;13.8285714285714;12.3;16.7333333333333
29.08.06;12.4;16.4666666666667;15.6857142857143;14.7;12.965;11.8;12.1;13.36;14.425;12.6;14.5142857142857;11.4625;13.6928571428571;12.1;17.1666666666667
30.08.06;12.3;16.0333333333333;15.6;14.9;12.858;11.9333333333333;12.28;13.22;13.75;12.1;14.7;10.7;13.5571428571429;11.9;17.6
31.08.06;12.2;15.6;13.45;15.1;12.751;12.0666666666667;12.46;13.08;13.075;11.8;14.4636363636364;10.85;13.4214285714286;11.7;16.75
01.09.06;12.5;15.7;11.3;15.3;12.644;12.2;12.64;12.94;12.4;11.5;14.2272727272727;11;13.2857142857143;11.5;15.9
02.09.06;12;15.8;11.1888888888889;14.82;12.537;12.3333333333333;12.82;12.8;12.4571428571429;11.48;13.9909090909091;11.15;13.15;11.3;15.05
03.09.06;11.9;15.9;11.0777777777778;14.34;12.43;12.4666666666667;13;12.8;12.5142857142857;11.46;13.7545454545455;11.3;13.0142857142857;11.1;14.2
04.09.06;11.25;16;10.9666666666667;13.86;12.323;12.6;12.5;12.8;12.5714285714286;11.44;13.5181818181818;11.65;12.8785714285714;10.9;13.35
05.09.06;10.6;16.225;10.8555555555556;13.38;12.216;12.6;12;12.8;12.6285714285714;11.42;13.2818181818182;12;12.7428571428571;10.7;12.5
06.09.06;11.0666666666667;16.45;10.7444444444444;12.9;12.109;12.6;12.0333333333333;12.8;12.6857142857143;11.4;13.0454545454545;11.9083333333333;12.6071428571429;10.5;11.65
07.09.06;11.5333333333333;16.675;10.6333333333333;12.6;12.1;12.6;12.0666666666667;12.8;12.7428571428571;11.38;12.8090909090909;11.8166666666667;12.4714285714286;10.3;10.8
08.09.06;12;16.9;10.5222222222222;12.3;12.1;12.6;12.1;12.5444444444444;12.8;11.36;12.5727272727273;11.725;12.3357142857143;10.1;10.87
09.09.06;11.8;17.1333333333333;10.4111111111111;12;12.1;12.6;11.7090909090909;12.2888888888889;12.6555555555556;11.34;12.3363636363636;11.6333333333333;12.2;9.95;10.94
10.09.06;11.6;17.3666666666667;10.3;11.7;12.1;12.15;11.3181818181818;12.0333333333333;12.5111111111111;11.32;12.1;11.5416666666667;11.9538461538461;9.8;11.01
11.09.06;11.4;17.6;10.5;11.4;12.1;11.7;10.9272727272727;11.7777777777778;12.3666666666667;11.3;11.825;11.45;11.7076923076923;9.65;11.08
12.09.06;11.2;15.9666666666667;10.7;11.1;12.1;11.25;10.5363636363636;11.5222222222222;12.2222222222222;12.1666666666667;11.55;11.3583333333333;11.4615384615385;9.5;11.15
13.09.06;11;14.3333333333333;10.9;10.8;12.1;10.8;10.1454545454545;11.2666666666667;12.0777777777778;13.0333333333333;11.275;11.2666666666667;11.2153846153846;9.35;11.22
14.09.06;10.8;12.7;11.1;10.5;12.1;11.0833333333333;9.75454545454545;11.0111111111111;11.9333333333333;13.9;11;11.175;10.9692307692308;9.2;11.29
15.09.06;10.6;12.3;11.3;10.3789473684211;11.92;11.3666666666667;9.36363636363636;10.7555555555556;11.7888888888889;13.4538461538462;10.725;11.0833333333333;10.7230769230769;9.05;11.36
16.09.06;10.1;11.9;11.4666666666667;10.2578947368421;11.74;11.65;8.97272727272727;10.5;11.6444444444444;13.0076923076923;10.45;10.9916666666667;10.4769230769231;8.9;11.43
17.09.06;10;11.5;11.6333333333333;10.1368421052632;11.56;11.9333333333333;8.58181818181818;10.7777777777778;11.5;12.5615384615385;10.175;10.9;10.2307692307692;8.75;11.5
18.09.06;10;10.775;11.8;10.0157894736842;11.38;12.2166666666667;8.19090909090909;11.0555555555556;11.3555555555556;12.1153846153846;9.9;10.7266666666667;9.98461538461538;8.6;11.5235294117647
19.09.06;10;10.05;11.9666666666667;9.89473684210527;11.2;12.5;7.8;11.3333333333333;11.2111111111111;11.6692307692308;9.71111111111111;10.5533333333333;9.73846153846153;8.45;11.5470588235294
20.09.06;10;9.325;12.1333333333333;9.77368421052632;11.0125;11.9714285714286;7.98;11.6111111111111;11.0666666666667;11.2230769230769;9.52222222222222;10.38;9.49230769230769;8.3;11.5705882352941
21.09.06;10;8.6;12.3;9.65263157894737;10.825;11.4428571428571;8.16;11.8888888888889;10.9222222222222;10.7769230769231;9.33333333333334;10.2066666666667;9.24615384615384;8.15;11.5941176470588
22.09.06;10;9.43333333333333;11.76;9.53157894736842;10.6375;10.9142857142857;8.34;12.1666666666667;10.7777777777778;10.3307692307692;9.14444444444445;10.0333333333333;9;8;11.6176470588235
23.09.06;9;10.2666666666667;11.22;9.41052631578948;10.45;10.3857142857143;8.52;12.4444444444444;10.6333333333333;9.88461538461539;8.95555555555556;9.86;9.06666666666666;7.85;11.6411764705882
24.09.06;8.6;11.1;10.68;9.28947368421053;10.2625;9.85714285714286;8.7;12.7222222222222;10.4888888888889;9.43846153846154;8.76666666666667;9.68666666666667;9.13333333333333;7.7;11.6647058823529
25.09.06;8;10.775;10.14;9.16842105263158;10.075;9.32857142857143;8.88;13;10.3444444444444;8.9923076923077;8.57777777777778;9.51333333333334;9.2;7.55;11.6882352941176
26.09.06;8.4;10.45;9.6;9.04736842105264;9.8875;8.8;9.06;12.45;10.2;8.54615384615385;8.38888888888889;9.34;9.26666666666666;7.4;11.7117647058824
27.09.06;8.3;10.125;9.06;8.92631578947369;9.7;8.1;9.24;11.9;10.15;8.10000000000001;8.2;9.16666666666667;9.33333333333333;7.25;11.7352941176471
28.09.06;8.2;9.8;8.52;8.80526315789474;9.55333333333333;7.4;9.42;11.35;10.1;7.91428571428572;8;8.99333333333334;9.4;7.1;11.7588235294118
29.09.06;8.1;9.325;7.98;8.6842105263158;9.40666666666667;6.7;9.6;10.8;10.05;7.72857142857143;7.8;8.82;9.46666666666667;6.95;11.7823529411765
30.09.06;8;8.85;7.44;8.56315789473685;9.26;6;9.13333333333333;10.25;10;7.54285714285715;7.6;8.64666666666667;9.53333333333333;6.8;11.8058823529412
01.10.06;7.9;8.375;6.9;8.4421052631579;9.11333333333333;5.3;8.66666666666667;9.7;9.95;7.35714285714286;7.4;8.47333333333334;9.6;6.44285714285714;11.8294117647059
02.10.06;9.3;7.9;6.71818181818182;8.32105263157895;8.96666666666667;4.6;8.2;9.55;9.9;7.17142857142858;7.2;8.3;9.38571428571429;6.08571428571428;11.8529411764706
03.10.06;10.7;7.36666666666667;6.53636363636364;8.20000000000001;8.82;4.75;7.73333333333333;9.4;9.85;6.98571428571429;7;7.88;9.17142857142857;5.72857142857143;11.8764705882353
04.10.06;10.65;6.83333333333333;6.35454545454545;7.925;8.67333333333333;4.9;7.26666666666667;9.25;9.8;6.8;6.8;7.46;8.95714285714286;5.37142857142857;11.9
05.10.06;10.6;6.3;6.17272727272727;7.65;8.52666666666666;5.05;6.8;9.1;9.26666666666667;6.86666666666667;6.6;7.04;8.74285714285714;5.01428571428571;11.3571428571429
06.10.06;10.55;5.66666666666667;5.99090909090909;7.375;8.38;5.2;6.33333333333333;7.675;8.73333333333333;6.93333333333334;6.4;6.62;8.52857142857143;4.65714285714286;10.8142857142857
07.10.06;10.5;5.03333333333333;5.80909090909091;7.1;8.23333333333333;5.35;5.86666666666666;6.25;8.2;7;6.2;6.2;8.31428571428572;4.3;10.2714285714286
08.10.06;10.3333333333333;4.4;5.62727272727273;6.97692307692308;8.08666666666666;5.5;5.4;4.825;7.66666666666666;7.06666666666667;6;5.5;8.1;4.55;9.72857142857143
09.10.06;10.1666666666667;3.95;5.44545454545454;6.85384615384615;7.94;6.46666666666667;4.45;3.4;7.13333333333333;7.13333333333333;5.8;4.8;8.32857142857143;4.8;9.18571428571429
10.10.06;10;3.5;5.26363636363636;6.73076923076923;7.79333333333333;7.43333333333333;3.5;3.225;6.6;7.2;5.6;4.6;8.55714285714286;5.05;8.64285714285714
11.10.06;9;3.05;5.08181818181818;6.60769230769231;7.64666666666666;8.4;3.31176470588235;3.05;6.36666666666667;7.21428571428571;5.8125;4.77142857142857;8.78571428571429;5.3;8.1
12.10.06;8;2.6;4.9;6.48461538461539;7.5;7.73333333333333;3.12352941176471;2.875;6.13333333333333;7.22857142857143;6.025;4.94285714285714;9.01428571428571;5.55;7.77857142857143
13.10.06;7;2.86666666666667;4.88333333333333;6.36153846153846;7.59;7.06666666666667;2.93529411764706;2.7;5.9;7.24285714285714;6.2375;5.11428571428571;9.24285714285714;5.8;7.45714285714286
14.10.06;7.06666666666667;3.13333333333333;4.86666666666667;6.23846153846154;7.68;6.4;2.74705882352941;2.92857142857143;5.53636363636364;7.25714285714286;6.45;5.28571428571428;9.47142857142857;5.67142857142857;7.13571428571429
15.10.06;7.13333333333333;3.4;4.85;6.11538461538462;7.77;5.73333333333333;2.55882352941177;3.15714285714286;5.17272727272727;7.27142857142857;6.6625;5.45714285714286;9.7;5.54285714285714;6.81428571428572
16.10.06;7.2;4.175;4.83333333333333;5.99230769230769;7.86;5.06666666666667;2.37058823529412;3.38571428571429;4.80909090909091;7.28571428571429;6.875;5.62857142857143;8.85;5.41428571428571;6.49285714285715
17.10.06;7.12;4.95;4.81666666666667;5.86923076923077;7.95;4.4;2.18235294117647;3.61428571428572;4.44545454545454;7.3;7.0875;5.8;8;5.28571428571429;6.17142857142857
18.10.06;7.04;5.725;4.8;5.74615384615385;8.04;3.73333333333333;1.99411764705882;3.84285714285715;4.08181818181818;6.54285714285714;7.3;5.95714285714286;7.15;5.15714285714286;5.85
19.10.06;6.96;6.5;4.65;5.62307692307692;8.13;3.06666666666666;1.80588235294118;4.07142857142858;3.71818181818182;5.78571428571429;7.11428571428572;6.11428571428571;6.3;5.02857142857143;5.52857142857143
20.10.06;6.88;6;4.5;5.5;8.22;2.4;1.61764705882353;4.3;3.35454545454545;5.02857142857143;6.92857142857143;6.27142857142857;5.45;4.9;5.20714285714286
21.10.06;6.8;5.5;4.35;5.44615384615385;8.31;1.73333333333333;1.42941176470588;3.7;2.99090909090909;4.27142857142857;6.74285714285714;6.42857142857143;4.6;4.77142857142857;4.88571428571429
22.10.06;6.65;5;4.2;5.39230769230769;8.4;1.06666666666666;1.24117647058824;3.1;2.62727272727272;3.51428571428571;6.55714285714286;6.58571428571429;4.28571428571428;4.64285714285715;4.56428571428572
23.10.06;6.5;4.5;4.15454545454545;5.33846153846154;7.83;0.399999999999997;1.05294117647059;2.5;2.26363636363636;2.75714285714286;6.37142857142857;6.74285714285715;3.97142857142857;4.51428571428572;4.24285714285715
24.10.06;6.35;3.56666666666667;4.10909090909091;5.28461538461538;7.26;1.32;0.864705882352942;1.9;1.9;2;6.18571428571429;6.9;3.65714285714286;4.38571428571429;3.92142857142858
25.10.06;6.2;2.63333333333333;4.06363636363636;5.23076923076923;6.69;2.24;0.676470588235295;1.3;1.1;2.12857142857143;6;6.21666666666667;3.34285714285714;4.25714285714286;3.60000000000001
26.10.06;6.05;1.7;4.01818181818182;5.17692307692308;6.12;3.16;0.488235294117648;0.7;0.3;2.25714285714286;5.3;5.53333333333334;3.02857142857143;4.12857142857143;3.62857142857143
27.10.06;5.9;1.875;3.97272727272727;5.12307692307692;5.55;4.08;0.300000000000001;0.92;0.3;2.38571428571429;4.6;4.85;2.71428571428571;4.00000000000001;3.65714285714286
28.10.06;5.63333333333333;2.05;3.92727272727273;5.06923076923077;4.98;5;0.275000000000001;1.14;0.3;2.51428571428571;3.9;4.16666666666667;2.4;3.95714285714286;3.68571428571429
29.10.06;5.36666666666667;2.225;3.88181818181818;5.01538461538462;4.41;5.36666666666667;0.250000000000001;1.36;0.3;2.64285714285714;3.2;3.48333333333333;2.7125;3.91428571428572;3.71428571428572
30.10.06;5.1;2.4;3.83636363636364;4.96153846153846;3.84;5.73333333333333;0.225;1.58;0.3;2.77142857142857;2.5;2.8;3.025;3.87142857142858;3.74285714285714
31.10.06;4.95;1.7;3.79090909090909;4.90769230769231;3.27;6.1;0.2;1.8;0.3;2.9;2;3.0875;3.3375;3.82857142857143;3.77142857142857
01.11.06;4.8;1;3.74545454545455;4.85384615384615;2.7;6.04;0.2;2.02;0.3;2.93333333333333;1.5;3.375;3.65;3.78571428571429;3.8
02.11.06;4.38;0.3;3.7;4.8;3;5.98;0.2;2.24;0.3;2.96666666666667;1.81666666666667;3.6625;3.9625;3.74285714285715;3.54285714285714
03.11.06;3.96;0.266666666666667;3.82307692307692;3.88;3.3;5.92;0.2;2.46;0.285714285714286;3;2.13333333333333;3.95;4.275;3.7;3.28571428571429
04.11.06;3.54;0.233333333333333;3.94615384615385;2.96;3.6;5.86;0.2;2.68;0.271428571428571;2.58;2.45;4.2375;4.5875;3.65714285714286;3.02857142857143
05.11.06;3.12;0.2;4.06923076923077;2.04;3.9;5.8;0.2;2.9;0.257142857142857;2.16;2.76666666666667;4.525;4.9;3.61428571428572;2.77142857142857
06.11.06;2.7;0.2;4.19230769230769;1.12;4.2;6;0.2;2.55714285714286;0.242857142857143;1.74;3.08333333333334;4.8125;4.4;3.57142857142857;2.51428571428571
07.11.06;2.525;0.2;4.31538461538462;0.199999999999999;3.53333333333333;6.2;0.26;2.21428571428571;0.228571428571428;1.32;3.4;5.1;3.9;3.52857142857143;2.25714285714286
08.11.06;2.35;0.2;4.43846153846154;0.166666666666666;2.86666666666667;6.05;0.32;1.87142857142857;0.214285714285714;0.9;3.0125;4.8;3.4;3.48571428571429;2
09.11.06;2.175;0.2;4.56153846153846;0.133333333333333;2.2;5.9;0.38;1.52857142857143;0.2;0.928571428571429;2.625;4.5;2.9;3.44285714285714;2.04285714285714
10.11.06;2;0.166666666666667;4.68461538461538;0.0999999999999997;1.53333333333333;5.75;0.44;1.18571428571428;0.192857142857143;0.957142857142857;2.2375;4.2;2.4;3.4;2.08571428571429
11.11.06;1.73333333333333;0.133333333333333;4.80769230769231;0.0666666666666665;0.866666666666665;5.6;0.5;0.842857142857142;0.185714285714286;0.985714285714286;1.85;3.9;1.9;2.93333333333333;2.12857142857143
12.11.06;1.46666666666667;0.1;4.93076923076923;0.0333333333333333;0.199999999999998;5.05;0.9;0.499999999999999;0.178571428571429;1.01428571428571;1.4625;3.6;1.7125;2.46666666666667;2.17142857142857
13.11.06;1.2;0.075;5.05384615384615;0;0.266666666666666;4.5;1.3;0.416666666666666;0.171428571428571;1.04285714285714;1.075;3.51428571428571;1.525;2;2.21428571428571
14.11.06;1.175;0.05;5.17692307692308;0;0.333333333333333;3.95;1.20769230769231;0.333333333333333;0.164285714285714;1.07142857142857;0.687500000000002;3.42857142857143;1.3375;1.53333333333333;2.25714285714286
15.11.06;1.15;0.025;5.3;0;0.4;3.4;1.11538461538462;0.249999999999999;0.157142857142857;1.1;0.300000000000002;3.34285714285714;1.15;1.06666666666667;2.3
16.11.06;1.125;0;4.6375;0;0.65;2.85;1.02307692307692;0.166666666666666;0.15;1.25714285714286;0.291666666666669;3.25714285714286;0.9625;0.599999999999998;1.3
17.11.06;1.1;0;3.975;0;0.9;2.3;0.930769230769231;0.0833333333333332;0.142857142857143;1.41428571428571;0.283333333333335;3.17142857142857;0.775;0.542857142857141;0.3
18.11.06;0.975;0;3.3125;0;1.15;1.75;0.838461538461539;0;0.135714285714286;1.57142857142857;0.275000000000002;3.08571428571429;0.5875;0.485714285714285;0.3
19.11.06;0.85;0;2.65;0;1.4;1.2;0.746153846153846;0;0.128571428571429;1.72857142857143;0.266666666666668;3;0.4;0.428571428571428;0.3
20.11.06;0.725;0;1.9875;0;1.16666666666667;0.65;0.653846153846154;0;0.121428571428571;1.88571428571429;0.258333333333335;1.55;0.4;0.371428571428571;0.3
21.11.06;0.6;0;1.325;0;0.933333333333334;0.0999999999999996;0.561538461538462;0;0.114285714285714;2.04285714285714;0.250000000000001;0.1;0.4;0.314285714285714;0.3
22.11.06;1.04083408558608E-17;0;0.6625;0;0.700000000000001;0.0999999999999997;0.469230769230769;0;0.107142857142857;2.2;0.241666666666668;0.1;0.4;0.257142857142857;0.3
23.11.06;0.02;0;0;0;0.620000000000001;0.0999999999999998;0.376923076923077;0;0.1;1.9375;0.233333333333334;0.1;0.4;0.2;0.3
24.11.06;0.04;0.2;0;0;0.54;0.0999999999999999;0.284615384615385;0;0.1;1.675;0.225000000000001;0.1;0.4;0.257142857142857;0.3
25.11.06;0.06;0.4;0;0;0.46;0.1;0.192307692307693;0;0.1;1.4125;0.216666666666667;0.1;0.4;0.314285714285714;0.3
26.11.06;0.08;0.6;0;0;0.38;0.08;0.1;0;0.1;1.15;0.208333333333334;0.1;0.4;0.371428571428571;0.3
27.11.06;0.1;0.65;0;0;0.3;0.06;0.1;0;0.1;0.887499999999999;0.2;0.1;0.375;0.428571428571428;0.3
28.11.06;0.12;0.7;0;0;0.266666666666667;0.04;0.1;0;0.1;0.624999999999999;0.166666666666667;0.1;0.35;0.485714285714286;0.3
29.11.06;0.14;0.75;0;0;0.233333333333333;0.02;0.1;0;0.1;0.362499999999999;0.133333333333333;0.1;0.325;0.542857142857143;0.3
30.11.06;0.16;0.8;0;0;0.2;0;0.1;0;0.1;0.0999999999999992;0.1;0.1;0.3;0.6;0.3
