01.12.05;6.49857142857143;;;6.5;6.4;6.4;6.6;6.4;7.05;6.1;6.5;6.6;6.7;6.93;6.9
02.12.05;6.45571428571429;;;6.48714285714286;6.3952380952381;6.375;6.55;6.43777777777778;7.02;6.0925;6.49333333333333;6.596;6.715;6.9;6.8625
03.12.05;6.41285714285714;6.68;6.47;6.47428571428571;6.39047619047619;6.35;6.5;6.47555555555556;7.00785714285714;6.085;6.48666666666667;6.592;6.73;6.88285714285714;6.825
04.12.05;6.37;6.67916666666667;6.435;6.46142857142857;6.38571428571429;6.325;6.45;6.51333333333333;6.99571428571429;6.0775;6.48;6.588;6.745;6.86571428571429;6.7875
05.12.05;6.375;6.67833333333333;6.4;6.44857142857143;6.38095238095238;6.3;6.4;6.55111111111111;6.98357142857143;6.07;6.47333333333333;6.584;6.76;6.84857142857143;6.75
06.12.05;6.38;6.6775;6.365;6.43571428571429;6.37619047619048;6.2975;6.41428571428572;6.58888888888889;6.97142857142857;6.0625;6.46666666666667;6.58;6.76571428571429;6.83142857142857;6.7125
07.12.05;6.385;6.67666666666667;6.33;6.42285714285714;6.37142857142857;6.295;6.42857142857143;6.62666666666667;6.95928571428571;6.055;6.46;6.59857142857143;6.77142857142857;6.81428571428571;6.675
08.12.05;6.39;6.67583333333333;6.295;6.41;6.36666666666667;6.2925;6.44285714285714;6.66444444444445;6.94714285714286;6.0475;6.46;6.61714285714286;6.77714285714286;6.79714285714286;6.6375
09.12.05;6.395;6.675;6.26;;6.36190476190476;6.29;6.45714285714286;6.70222222222222;6.935;6.04;6.46;6.63571428571429;6.78285714285714;6.78;6.6
10.12.05;6.4;6.67416666666667;6.308;;6.35714285714286;6.2875;6.47142857142857;6.74;6.92285714285714;6.0325;6.46;6.65428571428572;6.78857142857143;6.78833333333333;6.576
11.12.05;6.39857142857143;6.67333333333333;6.356;;6.35238095238095;6.285;6.48571428571429;6.74;6.91071428571429;6.025;6.46;6.67285714285714;6.79428571428571;6.79666666666667;6.552
12.12.05;6.39714285714286;6.6725;6.404;;6.34761904761905;6.2825;6.5;6.74;6.89857142857143;6.0175;6.46;6.69142857142857;6.8;6.805;6.528
13.12.05;6.39571428571429;6.67166666666667;6.452;;6.34285714285714;6.28;6.5;6.74;6.88642857142857;6.01;6.46;6.71;6.78;6.81333333333333;6.504
14.12.05;6.39428571428571;6.67083333333333;6.5;;6.33809523809524;6.278125;6.5;6.74;6.87428571428571;6.025;6.46;6.7;6.76;6.82166666666667;6.48
15.12.05;6.39285714285714;6.67;6.52857142857143;;6.33333333333333;6.27625;6.5;6.74;6.86214285714286;6.04;6.43;6.69;6.74;6.83;6.47857142857143
16.12.05;6.39142857142857;6.663;6.55714285714286;;6.32857142857143;6.274375;6.5;6.74;6.85;6.055;6.4;6.68;6.72;6.83769230769231;6.47714285714286
17.12.05;6.39;6.656;6.58571428571429;;6.32380952380952;6.2725;6.5;6.74;6.8341935483871;6.07;6.37;6.67;6.7;6.84538461538462;6.47571428571429
18.12.05;6.35142857142857;6.649;6.61428571428572;;6.31904761904762;6.270625;6.5;6.73;6.81838709677419;6.085;6.34;6.66;6.68;6.85307692307692;6.47428571428571
19.12.05;6.31285714285714;6.642;6.64285714285714;;6.31428571428571;6.26875;6.5;6.72;6.80258064516129;6.1;6.31;6.65;6.70857142857143;6.86076923076923;6.47285714285714
20.12.05;6.27428571428571;6.635;6.67142857142857;;6.30952380952381;6.266875;6.5;6.71;6.78677419354839;6.115;6.28;6.64;6.73714285714286;6.86846153846154;6.47142857142857
21.12.05;6.23571428571429;6.628;6.7;;6.30476190476191;6.265;6.5;6.7;6.77096774193548;6.13;6.25;6.63;6.76571428571429;6.87615384615385;6.47
22.12.05;6.19714285714286;6.621;6.72857142857143;;6.3;6.263125;6.5;6.69;6.75516129032258;6.11619047619048;6.22;6.62;6.79428571428571;6.88384615384615;6.46857142857143
23.12.05;6.15857142857143;6.614;6.75714285714286;;6.29423076923077;6.26125;6.5;6.68;6.73935483870968;6.10238095238095;6.22;6.61;6.82285714285714;6.89153846153846;6.46714285714286
24.12.05;6.12;6.607;6.78571428571429;;6.28846153846154;6.259375;6.5;6.67;6.72354838709677;6.08857142857143;6.22;6.6;6.85142857142857;6.89923076923077;6.46571428571429
25.12.05;6.196;6.6;6.81428571428572;;6.28269230769231;6.2575;6.5;6.66;6.70774193548387;6.07476190476191;6.22;6.59;6.88;6.90692307692308;6.46428571428571
26.12.05;6.272;6.652;6.84285714285714;;6.27692307692308;6.255625;6.5;6.618;6.69193548387097;6.06095238095238;6.22;6.58;6.86133333333333;6.91461538461538;6.46285714285714
27.12.05;6.348;6.704;6.87142857142857;;6.27115384615385;6.25375;6.48571428571429;6.576;6.67612903225806;6.04714285714286;6.22;6.57;6.84266666666667;6.92230769230769;6.46142857142857
28.12.05;6.424;6.756;6.9;;6.26538461538462;6.251875;6.47142857142857;6.534;6.66032258064516;6.03333333333333;6.22;6.57642857142857;6.824;6.93;6.46
29.12.05;6.5;6.808;6.88411764705882;;6.25961538461538;6.25;6.45714285714286;6.492;6.64451612903226;6.01952380952381;6.22;6.58285714285714;6.80533333333333;6.92176470588235;6.469375
30.12.05;6.51230769230769;6.86;6.86823529411765;;6.25384615384615;6.25;6.44285714285714;6.45;6.62870967741936;6.00571428571429;6.22;6.58928571428571;6.78666666666667;6.91352941176471;6.47875
31.12.05;6.52461538461539;6.86166666666667;6.85235294117647;;6.24807692307692;6.25;6.42857142857143;6.44571428571429;6.61290322580645;5.99190476190476;6.22;6.59571428571429;6.768;6.90529411764706;6.488125
01.01.06;6.53692307692308;6.86333333333333;6.83647058823529;;6.24230769230769;6.25;6.41428571428572;6.44142857142857;6.59709677419355;5.97809523809524;6.22;6.60214285714286;6.74933333333333;6.89705882352941;6.4975
02.01.06;6.54923076923077;6.865;6.82058823529412;;6.23653846153846;6.25;6.4;6.43714285714286;6.58129032258065;5.96428571428571;6.22;6.60857142857143;6.73066666666667;6.88882352941177;6.506875
03.01.06;6.56153846153846;6.86666666666667;6.80470588235294;;6.23076923076923;6.25;6.38571428571429;6.43285714285714;6.56548387096774;5.95047619047619;6.22;6.615;6.712;6.88058823529412;6.51625
04.01.06;6.57384615384615;6.86833333333333;6.78882352941177;;6.225;6.25;6.37142857142857;6.42857142857143;6.54967741935484;5.93666666666667;6.22;6.62142857142857;6.69333333333333;6.87235294117647;6.525625
05.01.06;6.58615384615385;6.87;6.77294117647059;;6.21923076923077;6.25;6.35714285714286;6.42428571428571;6.53387096774194;5.92285714285714;6.22;6.62785714285714;6.67466666666667;6.86411764705882;6.535
06.01.06;6.59846153846154;6.87166666666667;6.75705882352941;;6.21346153846154;6.25;6.34285714285714;6.42;6.51806451612903;5.90904761904762;6.22;6.63428571428571;6.656;6.85588235294118;6.544375
07.01.06;6.61076923076923;6.87333333333333;6.74117647058824;;6.20769230769231;6.25;6.32857142857143;6.41571428571429;6.50225806451613;5.8952380952381;6.22;6.64071428571429;6.63733333333333;6.84764705882353;6.55375
08.01.06;6.62307692307692;6.875;6.72529411764706;;6.20192307692308;6.25;6.31428571428571;6.41142857142857;6.48645161290323;5.88142857142857;6.22;6.64714285714286;6.61866666666667;6.83941176470588;6.563125
09.01.06;6.63538461538462;6.87666666666667;6.70941176470588;;6.19615384615385;6.25;6.3;6.40714285714286;6.47064516129032;5.86761904761905;6.22;6.65357142857143;6.6;6.83117647058824;6.5725
10.01.06;6.64769230769231;6.87833333333333;6.69352941176471;;6.19038461538462;6.25;6.3;6.40285714285714;6.45483870967742;5.85380952380952;6.24285714285714;6.66;6.6;6.82294117647059;6.581875
11.01.06;6.66;6.88;6.67764705882353;;6.18461538461539;6.25;6.3;6.39857142857143;6.43903225806452;5.84;6.26571428571429;6.66153846153846;6.6;6.81470588235294;6.59125
12.01.06;6.65666666666667;6.864;6.66176470588235;;6.17884615384615;6.24444444444444;6.3;6.39428571428571;6.42322580645161;5.886;6.28857142857143;6.66307692307692;6.6;6.80647058823529;6.600625
13.01.06;6.65333333333333;6.848;6.64588235294118;;6.17307692307692;6.23888888888889;6.3;6.39;6.40741935483871;5.932;6.31142857142857;6.66461538461538;6.6;6.79823529411765;6.61
14.01.06;6.65;6.832;6.63;;6.16730769230769;6.23333333333333;6.3;6.38444444444444;6.39161290322581;5.978;6.33428571428571;6.66615384615385;6.6;6.79;6.61727272727273
15.01.06;6.64714285714286;6.816;6.62307692307692;;6.16153846153846;6.22777777777778;6.3;6.37888888888889;6.3758064516129;6.024;6.35714285714286;6.66769230769231;6.6;6.79833333333333;6.62454545454546
16.01.06;6.64428571428572;6.8;6.61615384615385;;6.15576923076923;6.22222222222222;6.3;6.37333333333333;6.36;6.07;6.38;6.66923076923077;6.61714285714286;6.80666666666667;6.63181818181818
17.01.06;6.64142857142857;6.81;6.60923076923077;;6.15;6.21666666666667;6.3;6.36777777777778;6.3458064516129;6.116;6.36666666666667;6.67076923076923;6.63428571428571;6.815;6.63909090909091
18.01.06;6.63857142857143;6.82;6.60230769230769;;6.14758620689655;6.21111111111111;6.3;6.36222222222222;6.33161290322581;6.162;6.35333333333333;6.67230769230769;6.65142857142857;6.82333333333333;6.64636363636364
19.01.06;6.63571428571429;6.83;6.59538461538462;;6.1451724137931;6.20555555555556;6.3;6.35666666666667;6.31741935483871;6.208;6.34;6.67384615384615;6.66857142857143;6.83166666666667;6.65363636363636
20.01.06;6.63285714285714;6.84;6.58846153846154;;6.14275862068966;6.2;6.3;6.35111111111111;6.30322580645161;6.254;6.32666666666667;6.67538461538462;6.68571428571429;6.84;6.66090909090909
21.01.06;6.63;6.85;6.58153846153846;;6.14034482758621;6.19444444444445;6.3;6.34555555555556;6.28903225806452;6.3;6.31333333333333;6.67692307692308;6.70285714285714;6.84833333333333;6.66818181818182
22.01.06;6.6275;6.86;6.57461538461538;;6.13793103448276;6.18888888888889;6.3;6.34;6.27483870967742;6.28944444444444;6.3;6.67846153846154;6.72;6.85666666666667;6.67545454545455
23.01.06;6.625;6.87;6.56769230769231;;6.13551724137931;6.18333333333333;6.3;6.37923076923077;6.26064516129032;6.27888888888889;6.28666666666667;6.68;6.71;6.865;6.68272727272727
24.01.06;6.6225;6.842;6.56076923076923;;6.13310344827586;6.17777777777778;6.30714285714286;6.41846153846154;6.24645161290323;6.26833333333333;6.27333333333333;6.68153846153846;6.7;6.87333333333333;6.69
25.01.06;6.62;6.814;6.55384615384615;;6.13068965517241;6.17222222222222;6.31428571428571;6.45769230769231;6.23225806451613;6.25777777777778;6.26;6.68307692307692;6.69;6.88166666666667;6.68555555555556
26.01.06;6.618;6.786;6.54692307692308;;6.12827586206897;6.16666666666667;6.32142857142857;6.49692307692308;6.21806451612903;6.24722222222222;6.26785714285714;6.68461538461539;6.68;6.89;6.68111111111111
27.01.06;6.616;6.758;6.54;;6.12586206896552;6.16111111111111;6.32857142857143;6.53615384615385;6.20387096774194;6.23666666666667;6.27571428571429;6.68615384615385;6.67;6.88625;6.67666666666667
28.01.06;6.614;6.73;6.53307692307692;;6.12344827586207;6.15555555555556;6.33571428571429;6.57538461538462;6.18967741935484;6.22611111111111;6.28357142857143;6.68769230769231;6.66;6.8825;6.67222222222222
29.01.06;6.612;6.752;6.52615384615385;;6.12103448275862;6.15;6.34285714285714;6.61461538461539;6.17548387096774;6.21555555555556;6.29142857142857;6.68923076923077;6.65;6.87875;6.66777777777778
30.01.06;6.61;6.774;6.51923076923077;;6.11862068965517;6.14785714285714;6.35;6.65384615384615;6.16129032258065;6.205;6.29928571428571;6.69076923076923;6.64;6.875;6.66333333333333
31.01.06;6.61;6.796;6.51230769230769;;6.11620689655172;6.14571428571429;6.35714285714286;6.69307692307692;6.14709677419355;6.19444444444445;6.30714285714286;6.69230769230769;6.645;6.87125;6.65888888888889
01.02.06;6.61;6.818;6.50538461538462;;6.11379310344828;6.14357142857143;6.36428571428571;6.73230769230769;6.13290322580645;6.18388888888889;6.315;6.69384615384615;6.65;6.8675;6.65444444444445
02.02.06;6.61;6.84;6.49846153846154;;6.11137931034483;6.14142857142857;6.37142857142857;6.77153846153846;6.11870967741935;6.17333333333333;6.32285714285714;6.69538461538462;6.655;6.86375;6.65
03.02.06;6.61;6.83571428571429;6.49153846153846;;6.10896551724138;6.13928571428571;6.37857142857143;6.81076923076923;6.10451612903226;6.16277777777778;6.33071428571429;6.69692307692308;6.66;6.86;6.64461538461539
04.02.06;6.61;6.83142857142857;6.48461538461539;;6.10655172413793;6.13714285714286;6.38571428571429;6.85;6.09032258064516;6.15222222222222;6.33857142857143;6.69846153846154;6.665;6.86;6.63923076923077
05.02.06;6.60833333333333;6.82714285714286;6.47769230769231;;6.10413793103448;6.135;6.39285714285714;6.85;6.07612903225806;6.14166666666667;6.34642857142857;6.7;6.67;6.86;6.63384615384615
06.02.06;6.60666666666667;6.82285714285714;6.47076923076923;;6.10172413793103;6.13285714285714;6.4;6.85;6.06193548387097;6.13111111111111;6.35428571428571;6.7075;6.67;6.86;6.62846153846154
07.02.06;6.605;6.81857142857143;6.46384615384615;;6.09931034482759;6.13071428571429;6.40714285714286;6.85;6.04774193548387;6.12055555555556;6.36214285714286;6.715;6.67;6.86;6.62307692307692
08.02.06;6.60333333333333;6.81428571428571;6.45692307692308;;6.09689655172414;6.12857142857143;6.41428571428572;6.85;6.03354838709677;6.11;6.37;6.7225;6.67;6.86;6.61769230769231
09.02.06;6.60166666666667;6.81;6.45;;6.09448275862069;6.12642857142857;6.42142857142857;6.85;6.01935483870968;6.15833333333333;6.37;6.73;6.67;6.86;6.61230769230769
10.02.06;6.6;6.814;6.45411764705882;;6.09206896551724;6.12428571428571;6.42857142857143;6.85;6.00516129032258;6.20666666666667;6.37;6.7375;6.67;6.86;6.60692307692308
11.02.06;6.60166666666667;6.818;6.45823529411765;;6.08965517241379;6.12214285714286;6.43571428571429;6.85;5.99096774193548;6.255;6.37;6.745;6.67;6.86;6.60153846153846
12.02.06;6.60333333333333;6.822;6.46235294117647;;6.08724137931035;6.12;6.44285714285714;6.85;5.97677419354839;6.30333333333333;6.37;6.7525;6.67;6.854;6.59615384615385
13.02.06;6.605;6.826;6.46647058823529;;6.0848275862069;6.11714285714286;6.45;6.85;5.96258064516129;6.35166666666667;6.37;6.76;6.67428571428571;6.848;6.59076923076923
14.02.06;6.60666666666667;6.83;6.47058823529412;;6.08241379310345;6.11428571428571;6.48;6.84166666666667;5.94838709677419;6.4;6.37;6.75692307692308;6.67857142857143;6.842;6.58538461538462
15.02.06;6.60833333333333;6.834;6.47470588235294;;6.08;6.11142857142857;6.51;6.83333333333333;5.9341935483871;6.39;6.37;6.75384615384615;6.68285714285714;6.836;6.58
16.02.06;6.61;6.838;6.47882352941176;;6.08444444444444;6.10857142857143;6.54;6.825;5.92;6.38;6.37;6.75076923076923;6.68714285714286;6.83;6.58888888888889
17.02.06;6.61333333333333;6.842;6.48294117647059;;6.08888888888889;6.10571428571429;6.57;6.81666666666667;5.912;6.37;6.37;6.74769230769231;6.69142857142857;6.83777777777778;6.59777777777778
18.02.06;6.61666666666667;6.846;6.48705882352941;;6.09333333333333;6.10285714285714;6.55111111111111;6.80833333333333;5.904;6.36;6.37;6.74461538461538;6.69571428571429;6.84555555555556;6.60666666666667
19.02.06;6.62;6.85;6.49117647058824;;6.09777777777778;6.1;6.53222222222222;6.8;5.896;6.35;6.37;6.74153846153846;6.7;6.85333333333333;6.61555555555556
20.02.06;6.62333333333333;6.844;6.49529411764706;;6.10222222222222;6.09619047619048;6.51333333333333;6.8;5.888;6.34;6.36533333333333;6.73846153846154;6.705;6.86111111111111;6.62444444444444
21.02.06;6.62666666666667;6.838;6.49941176470588;;6.10666666666667;6.09238095238095;6.49444444444444;6.8;5.88;6.33;6.36066666666667;6.73538461538462;6.71;6.86888888888889;6.63333333333333
22.02.06;6.63;6.832;6.50352941176471;;6.11111111111111;6.08857142857143;6.47555555555556;6.8;5.872;6.33;6.356;6.73230769230769;6.715;6.87666666666667;6.64222222222222
23.02.06;6.635;6.826;6.50764705882353;;6.11555555555556;6.08476190476191;6.45666666666667;6.8;5.864;6.33;6.35133333333333;6.72923076923077;6.72;6.88444444444445;6.65111111111111
24.02.06;6.64;6.82;6.51176470588235;;6.12;6.08095238095238;6.43777777777778;6.8;5.856;6.33;6.34666666666667;6.72615384615385;6.725;6.89222222222222;6.66
25.02.06;6.645;6.78285714285714;6.51588235294118;;6.12444444444444;6.07714285714286;6.41888888888889;6.8;5.848;6.33;6.342;6.72307692307692;6.73;6.9;6.635
26.02.06;6.65;6.74571428571429;6.52;;6.12888888888889;6.07333333333333;6.4;6.8;5.84;6.33;6.33733333333333;6.72;6.735;6.886;6.61
27.02.06;6.655;6.70857142857143;6.52411764705882;;6.13333333333333;6.06952380952381;6.4;6.8125;5.86166666666667;6.33;6.33266666666667;6.726;6.74;6.872;6.585
28.02.06;6.66;6.67142857142857;6.52823529411765;;6.13777777777778;6.06571428571429;6.4;6.825;5.88333333333333;6.33;6.328;6.732;6.73666666666667;6.858;6.56
01.03.06;6.68;6.63428571428571;6.53235294117647;;6.14222222222222;6.06190476190476;6.4;6.8375;5.905;6.33;6.32333333333333;6.738;6.73333333333333;6.844;6.535
02.03.06;6.69;6.59714285714286;6.53647058823529;;6.14666666666667;6.05809523809524;6.4;6.85;5.92666666666667;6.32047619047619;6.31866666666667;6.744;6.73;6.83;6.51
03.03.06;6.7;6.56;6.54058823529412;;6.15111111111111;6.05428571428571;6.4;6.8625;5.94833333333333;6.31095238095238;6.314;6.75;6.72666666666667;6.84;6.54375
04.03.06;6.70166666666667;6.588;6.54470588235294;;6.15555555555556;6.05047619047619;6.4;6.875;5.97;6.30142857142857;6.30933333333333;6.756;6.72333333333333;6.85;6.5775
05.03.06;6.70333333333333;6.616;6.54882352941177;;6.16;6.04666666666667;6.40888888888889;6.8875;5.94833333333333;6.29190476190476;6.30466666666667;6.762;6.72;6.86;6.61125
06.03.06;6.705;6.644;6.55294117647059;;6.16444444444444;6.04285714285714;6.41777777777778;6.9;5.92666666666667;6.28238095238095;6.3;6.768;6.71666666666667;6.87;6.645
07.03.06;6.70666666666667;6.672;6.55705882352941;;6.16888888888889;6.03904761904762;6.42666666666667;6.87727272727273;5.905;6.27285714285714;6.315625;6.774;6.71333333333333;6.88;6.67875
08.03.06;6.70833333333333;6.7;6.56117647058824;;6.17333333333333;6.0352380952381;6.43555555555556;6.85454545454546;5.88333333333333;6.26333333333333;6.33125;6.78;6.71;6.89;6.7125
09.03.06;6.71;6.745;6.56529411764706;;6.17777777777778;6.03142857142857;6.44444444444445;6.83181818181818;5.86166666666667;6.25380952380952;6.346875;6.786;6.70666666666667;6.9;6.74625
10.03.06;6.715;6.79;6.56941176470588;;6.18222222222222;6.02761904761905;6.45333333333333;6.80909090909091;5.84;6.24428571428572;6.3625;6.792;6.70333333333333;6.91;6.78
11.03.06;6.72;6.835;6.57352941176471;;6.18666666666667;6.02380952380952;6.46222222222222;6.78636363636364;5.8475;6.23476190476191;6.378125;6.798;6.7;6.92;6.7775
12.03.06;6.725;6.88;6.57764705882353;;6.19111111111111;6.02;6.47111111111111;6.76363636363637;5.855;6.2252380952381;6.39375;6.804;6.68947368421053;6.91166666666667;6.775
13.03.06;6.73;6.87875;6.58176470588235;;6.19555555555556;6.01666666666667;6.48;6.74090909090909;5.8625;6.21571428571429;6.409375;6.81;6.67894736842105;6.90333333333333;6.7725
14.03.06;6.89;6.8775;6.58588235294118;;6.2;6.01333333333333;6.468;6.71818181818182;5.87;6.20619047619048;6.425;6.81;6.66842105263158;6.895;6.77
15.03.06;6.88;6.87625;6.59;;6.19333333333333;6.01;6.456;6.69545454545455;5.8775;6.19666666666667;6.440625;6.81;6.65789473684211;6.88666666666667;6.7675
16.03.06;6.87;6.875;6.60111111111111;;6.18666666666667;6.00666666666667;6.444;6.67272727272727;5.885;6.18714285714286;6.45625;6.81;6.64736842105263;6.87833333333333;6.765
17.03.06;6.86;6.87375;6.61222222222222;;6.18;6.00333333333333;6.432;6.65;5.8925;6.17761904761905;6.471875;6.81;6.63684210526316;6.87;6.7625
18.03.06;6.808;6.8725;6.62333333333333;;6.17333333333333;6;6.42;6.65;5.9;6.16809523809524;6.4875;6.81;6.62631578947369;6.87444444444444;6.76
19.03.06;6.756;6.87125;6.63444444444445;;6.16666666666667;5.99666666666667;6.408;6.65;5.9;6.15857142857143;6.503125;6.81;6.61578947368421;6.87888888888889;6.7575
20.03.06;6.704;6.87;6.64555555555556;;6.16;5.99333333333333;6.396;6.65;5.9;6.14904761904762;6.51875;6.81;6.60526315789474;6.88333333333333;6.755
21.03.06;6.652;;6.65666666666667;;6.15333333333333;5.99;6.384;6.65;5.9;6.13952380952381;6.534375;6.81;6.59473684210526;6.88777777777778;6.7525
22.03.06;6.6;;6.66777777777778;;6.14666666666667;5.98666666666667;6.372;6.65;5.9;6.13;6.55;6.80333333333333;6.58421052631579;6.89222222222222;6.75
23.03.06;6.612;;6.67888888888889;;6.14;5.98333333333333;6.36;6.65;5.9;6.16666666666667;6.53833333333333;6.79666666666667;6.57368421052632;6.89666666666667;6.74
24.03.06;6.624;;6.69;;6.13333333333333;5.98;6.348;6.67142857142857;5.9;6.20333333333333;6.52666666666667;6.79;6.56315789473684;6.90111111111111;6.73
25.03.06;6.636;;6.698;;6.12666666666667;5.97666666666667;6.336;6.69285714285714;5.92166666666667;6.24;6.515;6.78333333333333;6.55263157894737;6.90555555555556;6.72
26.03.06;6.648;;6.706;;6.12;5.97333333333333;6.324;6.71428571428571;5.94333333333333;6.27666666666667;6.50333333333333;6.77666666666667;6.5421052631579;6.91;6.71
27.03.06;6.66;;6.714;;6.11333333333333;5.97;6.312;6.73571428571429;5.965;6.31333333333333;6.49166666666667;6.77;6.53157894736842;6.886;6.7
28.03.06;6.7175;;6.722;;6.10666666666667;5.97;6.3;6.75714285714286;5.98666666666667;6.35;6.48;6.77625;6.52105263157895;6.862;6.69
29.03.06;6.775;;6.73;;6.1;5.97;6.285;6.77857142857143;6.00833333333333;6.35;6.48;6.7825;6.51052631578947;6.838;6.68
30.03.06;6.8325;;6.71;;6.09333333333333;5.97;6.27;6.8;6.03;6.35;6.48;6.78875;6.5;6.814;6.665
31.03.06;6.89;;6.69;;6.08666666666667;5.97;6.255;6.8;5.97625;6.35;6.48;6.795;6.52;6.79;6.65
01.04.06;6.86;;6.67;;6.08;5.97;6.24;6.8;5.9225;6.35833333333333;6.48;6.80125;6.54;6.79375;6.635
02.04.06;6.855;;6.65;;6.07333333333333;5.97;6.225;6.8;5.86875;6.36666666666667;6.48;6.8075;6.56;6.7975;6.62
03.04.06;6.85;;6.63;;6.06666666666667;5.97;6.21;6.82285714285714;5.815;6.375;6.48;6.81375;6.58;6.80125;6.605
04.04.06;6.6;;6.61;;6.06;5.97;6.21571428571429;6.84571428571429;5.76125;6.38333333333333;6.48;6.82;6.6;6.805;6.59
05.04.06;6.64666666666667;;6.5875;;6.05333333333333;5.97;6.22142857142857;6.86857142857143;5.7075;6.39166666666667;6.505;6.82;6.62;6.80875;6.575
06.04.06;6.69333333333333;;6.565;;6.04666666666667;5.97;6.22714285714286;6.89142857142857;5.65375;6.4;6.53;6.82;6.64;6.8125;6.56
07.04.06;6.74;;6.5425;;6.04;5.97;6.23285714285714;6.91428571428572;5.6;6.35714285714286;6.555;6.82;6.66;6.81625;6.61333333333333
08.04.06;6.87;;6.52;6.5;6.03333333333333;5.97;6.23857142857143;6.93714285714286;5.6;6.31428571428571;6.58;6.82;6.68;6.82;6.66666666666667
09.04.06;6.845;;6.5475;6.48666666666667;6.02666666666667;5.97;6.24428571428572;6.96;5.6;6.27142857142857;6.605;6.82;6.674;6.80857142857143;6.72
10.04.06;6.82;;6.575;6.47333333333333;6.02;5.97;6.25;6.8575;5.6;6.22857142857143;6.63;6.82;6.668;6.79714285714286;6.77333333333333
11.04.06;;;6.6025;6.46;6.02571428571429;5.94555555555556;6.25818181818182;6.755;5.6;6.18571428571429;6.33;6.80142857142857;6.662;6.78571428571429;6.82666666666667
12.04.06;;;6.63;6.44666666666667;6.03142857142857;5.92111111111111;6.26636363636364;6.6525;5.56666666666667;6.14285714285714;6.31857142857143;6.78285714285714;6.656;6.77428571428572;6.88
13.04.06;;;6.63;6.43333333333333;6.03714285714286;5.89666666666667;6.27454545454545;6.55;5.53333333333333;6.1;6.30714285714286;6.76428571428571;6.65;6.76285714285714;6.84
14.04.06;;;6.63;6.42;6.04285714285714;5.87222222222222;6.28272727272727;6.6;5.5;6.1;6.29571428571429;6.74571428571429;6.644;6.75142857142857;6.8
15.04.06;;;6.63;6.40666666666667;6.04857142857143;5.84777777777778;6.29090909090909;6.65;5.52307692307692;6.1;6.28428571428572;6.72714285714286;6.638;6.74;6.76
16.04.06;;;6.63230769230769;6.39333333333333;6.05428571428571;5.82333333333333;6.29909090909091;6.7;5.54615384615385;6.1;6.27285714285714;6.70857142857143;6.632;6.48;6.75714285714286
17.04.06;;;6.63461538461538;6.38;6.06;5.79888888888889;6.30727272727273;6.63;5.56923076923077;6.1;6.26142857142857;6.69;6.626;6.48;6.75428571428571
18.04.06;;;6.63692307692308;6.36666666666667;5.915;5.77444444444445;6.31545454545455;6.56;5.59230769230769;6.1025;6.25;6.67166666666667;6.62;6.48;6.75142857142857
19.04.06;;;6.63923076923077;6.35333333333333;5.77;5.75;6.32363636363636;6.49;5.61538461538462;6.105;6.267;6.65333333333333;6.614;6.48;6.74857142857143
20.04.06;;;6.64153846153846;6.34;5.78125;5.75;6.33181818181818;6.42;5.63846153846154;6.1075;6.284;6.635;6.608;6.48;6.74571428571429
21.04.06;;;6.64384615384615;6.34;5.7925;5.75;6.34;6.35;5.66153846153846;6.11;6.301;6.61666666666667;6.602;6.48;6.74285714285714
22.04.06;;;6.64615384615385;6.34;5.80375;5.75;6.38285714285714;6.5;5.68461538461539;6.095;6.318;6.59833333333333;6.596;6.48;6.74
23.04.06;7.17;;6.64846153846154;6.34;5.815;5.8075;6.42571428571429;6.65;5.70769230769231;6.08;6.335;6.58;6.59;6.48;6.768
24.04.06;7.18;;6.65076923076923;6.34;5.82625;5.865;6.46857142857143;6.6;5.73076923076923;6.065;6.352;6.59428571428571;6.57666666666667;6.48;6.796
25.04.06;7.17;;6.65307692307692;6.34;5.8375;5.9225;6.51142857142857;6.55;5.75384615384615;6.05;6.369;6.60857142857143;6.56333333333333;6.48;6.824
26.04.06;7.16;;6.65538461538462;6.34;5.84875;5.98;6.55428571428571;6.5;5.77692307692308;6.035;6.386;6.62285714285714;6.55;6.48;6.852
27.04.06;7.15;;6.65769230769231;6.33333333333333;5.86;6.00333333333333;6.59714285714286;6.45;5.8;6.02;6.403;6.63714285714286;6.53666666666667;6.48;6.88
28.04.06;7.13666666666667;;6.66;6.32666666666667;5.89533333333333;6.02666666666667;6.64;6.4;5.82307692307692;6.055;6.42;6.65142857142857;6.52333333333333;6.48;6.8825
29.04.06;7.12333333333333;;6.68307692307692;6.32;5.93066666666667;6.05;6.68428571428571;6.35;5.84615384615385;6.09;6.44411764705882;6.66571428571429;6.51;6.49692307692308;6.885
30.04.06;7.11;;6.70615384615385;6.31333333333333;5.966;6.06279069767442;6.72857142857143;6.3;5.86923076923077;6.125;6.46823529411765;6.68;6.535;6.51384615384615;6.8875
01.05.06;7.13666666666667;;6.72923076923077;6.30666666666667;6.00133333333333;6.07558139534884;6.77285714285714;6.35714285714286;5.89230769230769;6.16;6.49235294117647;6.69428571428572;6.56;6.53076923076923;6.89
02.05.06;7.16333333333333;;6.75230769230769;6.3;6.03666666666667;6.08837209302326;6.81714285714286;6.41428571428571;5.91538461538462;6.195;6.51647058823529;6.70857142857143;6.585;6.54769230769231;6.8925
03.05.06;7.19;;6.77538461538462;6.29333333333333;6.072;6.10116279069767;6.86142857142857;6.47142857142857;5.93846153846154;6.23;6.54058823529412;6.72285714285714;6.61;6.56461538461539;6.895
04.05.06;7.20333333333333;;6.79846153846154;6.28666666666667;6.10733333333333;6.11395348837209;6.90571428571429;6.52857142857143;5.96153846153846;6.265;6.56470588235294;6.73714285714286;6.635;6.58153846153846;6.8975
05.05.06;7.21666666666667;;6.82153846153846;6.28;6.14266666666667;6.12674418604651;6.95;6.58571428571429;5.98461538461539;6.3;6.58882352941177;6.75142857142857;6.66;6.59846153846154;6.9
06.05.06;7.23;;6.84461538461539;6.285;6.178;6.13953488372093;6.95529411764706;6.64285714285714;6.00769230769231;6.3;6.61294117647059;6.76571428571429;6.685;6.61538461538462;6.93857142857143
07.05.06;7.2475;;6.86769230769231;6.29;6.21333333333333;6.15232558139535;6.96058823529412;6.7;6.03076923076923;6.3;6.63705882352941;6.78;6.71;6.63230769230769;6.97714285714286
08.05.06;7.265;;6.89076923076923;6.295;6.24866666666667;6.16511627906977;6.96588235294118;6.75714285714286;6.05384615384615;6.3;6.66117647058824;6.82;6.70666666666667;6.64923076923077;7.01571428571429
09.05.06;7.2825;;6.91384615384615;6.3;6.284;6.17790697674419;6.97117647058824;6.81428571428571;6.07692307692308;6.3;6.68529411764706;6.86;6.70333333333333;6.66615384615385;7.05428571428571
10.05.06;7.3;;6.93692307692308;6.305;6.31933333333333;6.19069767441861;6.97647058823529;6.87142857142857;6.1;6.3;6.70941176470588;6.9;6.7;6.68307692307692;7.09285714285714
11.05.06;7.4;;6.96;6.31;6.35466666666667;6.20348837209302;6.98176470588235;6.92857142857143;6.12307692307692;6.3;6.73352941176471;6.94;6.69666666666667;6.7;7.13142857142857
12.05.06;7.5;;6.93333333333333;6.3475;6.39;6.21627906976744;6.98705882352941;6.98571428571429;6.14615384615385;6.3;6.75764705882353;6.98;6.69333333333333;6.70666666666667;7.17
13.05.06;7.6;;6.90666666666667;6.385;6.405;6.22906976744186;6.99235294117647;7.04285714285714;6.16923076923077;6.334;6.78176470588235;7.02;6.69;6.71333333333333;7.14166666666667
14.05.06;7.53333333333333;;6.88;6.4225;6.42;6.24186046511628;6.99764705882353;7.1;6.19230769230769;6.368;6.80588235294118;7.06;6.70833333333333;6.72;7.11333333333333
15.05.06;7.46666666666667;;6.90666666666667;6.46;6.435;6.2546511627907;7.00294117647059;7.1;6.21538461538462;6.402;6.83;7.1;6.72666666666667;6.76;7.085
16.05.06;7.4;;6.93333333333333;6.4975;6.45;6.26744186046512;7.00823529411765;7.1;6.23846153846154;6.436;6.84625;7.09125;6.745;6.8;7.05666666666667
17.05.06;7.34;;6.96;6.535;6.465;6.28023255813953;7.01352941176471;7.1;6.26153846153846;6.47;6.8625;7.0825;6.76333333333333;6.84;7.02833333333333
18.05.06;7.28;6.74;6.98666666666667;6.5725;6.48;6.29302325581395;7.01882352941176;7.1;6.28461538461538;6.504;6.87875;7.07375;6.78166666666667;6.88;7
19.05.06;7.22;6.64;7.01333333333333;6.61;6.495;6.30581395348837;7.02411764705882;7.1;6.30769230769231;6.538;6.895;7.065;6.8;6.92;7.01714285714286
20.05.06;7.12666666666667;6.65;7.04;6.6475;6.51;6.31860465116279;7.02941176470588;7.1;6.33076923076923;6.572;6.91125;7.05625;6.78625;6.94066666666667;7.03428571428572
21.05.06;7.03333333333333;6.66;7.06857142857143;6.685;6.525;6.33139534883721;7.03470588235294;7.1;6.35384615384615;6.606;6.9275;7.0475;6.7725;6.96133333333333;7.05142857142857
22.05.06;6.94;6.67;7.09714285714286;6.7225;6.54;6.34418604651163;7.04;7.12916666666667;6.37692307692308;6.64;6.94375;7.03875;6.75875;6.982;7.06857142857143
23.05.06;6.9575;6.68;7.12571428571429;6.76;6.555;6.35697674418605;7.03821428571429;7.15833333333333;6.4;6.6575;6.96;7.03;6.745;7.00266666666667;7.08571428571429
24.05.06;6.975;6.69;7.15428571428572;6.74727272727273;6.57;6.36976744186047;7.03642857142857;7.1875;6.42285714285714;6.675;6.96;7.03928571428572;6.73125;7.02333333333333;7.10285714285714
25.05.06;6.9925;6.7;7.18285714285714;6.73454545454545;6.585;6.38255813953488;7.03464285714286;7.21666666666667;6.44571428571429;6.6925;6.96;7.04857142857143;6.7175;7.044;7.12
26.05.06;7.01;6.55;7.21142857142857;6.72181818181818;6.6;6.3953488372093;7.03285714285714;7.24583333333333;6.46857142857143;6.71;6.96;7.05785714285714;6.70375;7.06466666666667;7.12875
27.05.06;7.06333333333333;6.4;7.24;6.70909090909091;6.615;6.40813953488372;7.03107142857143;7.275;6.49142857142857;6.7275;6.96;7.06714285714286;6.69;7.08533333333333;7.1375
28.05.06;7.11666666666667;6.45;7.2375;6.69636363636364;6.63;6.42093023255814;7.02928571428571;7.30416666666667;6.51428571428571;6.745;6.96;7.07642857142857;6.71125;7.106;7.14625
29.05.06;7.17;6.5;7.235;6.68363636363636;6.63944444444444;6.43372093023256;7.0275;7.33333333333333;6.53714285714286;6.7625;6.96;7.08571428571429;6.7325;7.12666666666667;7.155
30.05.06;7.13;6.56666666666667;7.2325;6.67090909090909;6.64888888888889;6.44651162790698;7.02571428571429;7.3625;6.56;6.78;6.96;7.095;6.75375;7.14733333333333;7.16375
31.05.06;7.09;6.63333333333333;7.23;6.65818181818182;6.65833333333333;6.4593023255814;7.02392857142857;7.39166666666667;6.53;6.72;6.96;7.10428571428571;6.775;7.168;7.1725
01.06.06;7.05;6.7;7.18;6.64545454545455;6.66777777777778;6.47209302325581;7.02214285714286;7.42083333333333;6.5;6.66;6.96;7.11357142857143;6.79625;7.18866666666667;7.18125
02.06.06;7.01;6.7;7.13;6.63272727272727;6.67722222222222;6.48488372093023;7.02035714285714;7.45;6.47;6.67333333333333;6.96;7.12285714285714;6.8175;7.20933333333333;7.19
03.06.06;6.955;6.7;7.08;6.62;6.68666666666667;6.49767441860465;7.01857142857143;7.45;6.48625;6.68666666666667;6.96;7.13214285714286;6.83875;7.23;7.228
04.06.06;6.9;6.7;7.11666666666667;6.66285714285714;6.69611111111111;6.51046511627907;7.01678571428572;7.45;6.5025;6.7;6.96;7.14142857142857;6.86;7.225;7.266
05.06.06;6.96666666666667;6.6875;7.15333333333333;6.70571428571429;6.70555555555556;6.52325581395349;7.015;7.4125;6.51875;6.71333333333333;6.96;7.15071428571429;6.85333333333333;7.22;7.304
06.06.06;7.03333333333333;6.675;7.19;6.74857142857143;6.715;6.53604651162791;7.01321428571429;7.375;6.535;6.72666666666667;6.96;7.16;6.84666666666667;7.215;7.342
07.06.06;7.1;6.6625;7.22666666666667;6.79142857142857;6.72444444444444;6.54883720930233;7.01142857142857;7.3375;6.55125;6.74;6.96;7.15;6.84;7.21;7.38
08.06.06;7.145;6.65;7.26333333333333;6.83428571428571;6.73388888888889;6.56162790697674;7.00964285714286;7.3;6.5675;6.74;6.96;7.14;6.83333333333333;7.205;7.40888888888889
09.06.06;7.19;6.67;7.3;6.87714285714286;6.74333333333333;6.57441860465116;7.00785714285714;7.32857142857143;6.58375;6.74;6.96;7.13;6.82666666666667;7.2;7.43777777777778
10.06.06;7.295;6.69;7.28857142857143;6.92;6.75277777777778;6.58720930232558;7.00607142857143;7.35714285714286;6.6;6.74;6.96;7.12;6.82;7.22285714285714;7.46666666666667
11.06.06;7.4;6.71;7.27714285714286;6.91428571428572;6.76222222222222;6.6;7.00428571428571;7.38571428571429;6.6;6.74;6.96;7.11;6.855;7.24571428571429;7.49555555555556
12.06.06;7.35;6.735;7.26571428571429;6.90857142857143;6.77166666666667;6.57777777777778;7.0025;7.41428571428572;6.6;6.74;6.96;7.1;6.89;7.26857142857143;7.52444444444445
13.06.06;7.3;6.76;7.25428571428571;6.90285714285714;6.78111111111111;6.55555555555556;7.00071428571429;7.44285714285714;6.6;6.74;6.96;7.09;6.925;7.29142857142857;7.55333333333333
14.06.06;7.26666666666667;6.785;7.24285714285714;6.89714285714286;6.79055555555556;6.53333333333333;6.99892857142857;7.47142857142857;6.6;6.74;6.96;7.08;6.96;7.31428571428572;7.58222222222222
15.06.06;7.23333333333333;6.81;7.23142857142857;6.89142857142857;6.8;6.51111111111111;6.99714285714286;7.5;6.6;6.74;6.96875;7.07;6.995;7.33714285714286;7.61111111111111
16.06.06;7.2;6.765;7.22;6.88571428571429;6.809;6.48888888888889;6.99535714285714;7.5;6.6;6.74;6.9775;7.06;7.03;7.36;7.64
17.06.06;7.3;6.72;7.18857142857143;6.88;6.818;6.46666666666667;6.99357142857143;7.5;6.6;6.73;6.98625;7.05;7.065;7.332;7.64857142857143
18.06.06;7.4;6.82;7.15714285714286;6.88117647058824;6.827;6.44444444444445;6.99178571428571;7.5;6.6;6.72;6.995;7.04;7.1;7.304;7.65714285714286
19.06.06;7.465;6.92;7.12571428571429;6.88235294117647;6.836;6.42222222222222;6.99;7.5;6.6;6.71;7.00375;7.03;7.11875;7.276;7.66571428571429
20.06.06;7.53;6.93666666666667;7.09428571428571;6.88352941176471;6.845;6.4;7.01285714285714;7.5;6.6;6.7;7.0125;7.03;7.1375;7.248;7.67428571428571
21.06.06;;6.95333333333333;7.06285714285714;6.88470588235294;6.854;6.5;7.03571428571429;7.5;6.6;6.69;7.02125;7.03;7.15625;7.22;7.68285714285714
22.06.06;;6.97;7.03142857142857;6.88588235294118;6.863;6.48571428571429;7.05857142857143;7.5;6.6;6.68;7.03;7.03;7.175;7.22;7.69142857142857
23.06.06;;6.935;7;6.88705882352941;6.872;6.47142857142857;7.08142857142857;7.5;6.6;6.67;7.03;7.03;7.19375;7.22;7.7
24.06.06;;6.9;7.04166666666667;6.88823529411765;6.881;6.45714285714286;7.10428571428572;7.5;6.6;6.68428571428571;7.03;7.03;7.2125;7.22;7.67142857142857
25.06.06;;6.89;7.08333333333333;6.88941176470588;6.89;6.44285714285714;7.12714285714286;7.5;6.56666666666667;6.69857142857143;7.03;7.03;7.23125;7.22;7.64285714285714
26.06.06;;6.88;7.125;6.89058823529412;6.8175;6.42857142857143;7.15;7.48;6.53333333333333;6.71285714285714;7.03;7.03;7.25;7.22;7.61428571428572
27.06.06;;6.88;7.16666666666667;6.89176470588235;6.745;6.41428571428572;7.11;7.46;6.5;6.72714285714286;7.035;7.03;7.25714285714286;7.22;7.58571428571429
28.06.06;;6.88;7.20833333333333;6.89294117647059;6.6725;6.4;7.07;7.44;6.46666666666667;6.74142857142857;7.04;7.03;7.26428571428571;7.22;7.55714285714286
29.06.06;;6.88;7.25;6.89411764705882;6.6;6.36666666666667;7.03;7.42;6.43333333333333;6.75571428571429;7.045;7.03;7.27142857142857;7.22;7.52857142857143
30.06.06;;6.88;7.26363636363636;6.89529411764706;6.6;6.33333333333333;6.99;7.4;6.4;6.77;7.05;7.03;7.27857142857143;7.22;7.5
01.07.06;;6.88;7.27727272727273;6.89647058823529;6.6;6.3;6.99785714285714;7.45;6.44166666666667;6.69857142857143;7.055;7.03;7.28571428571429;7.22;7.515
02.07.06;;6.88;7.29090909090909;6.89764705882353;6.6;6.3;7.00571428571429;7.5;6.48333333333333;6.62714285714286;7.06;7.03;7.29285714285714;7.24357142857143;7.53
03.07.06;;6.88;7.30454545454546;6.89882352941177;6.6;6.3;7.01357142857143;7.5;6.525;6.55571428571429;7.065;7.03;7.3;7.26714285714286;7.545
04.07.06;;6.88;7.31818181818182;6.9;6.6;6.3;7.02142857142857;7.5;6.56666666666667;6.48428571428571;7.07;7.03;7.28;7.29071428571429;7.56
05.07.06;;6.88;7.33181818181818;6.835;6.6;6.3;7.02928571428571;7.5;6.60833333333333;6.41285714285714;7.06;7.02428571428572;7.26;7.31428571428571;7.575
06.07.06;;6.88;7.34545454545455;6.77;6.6;6.35666666666667;7.03714285714286;7.5;6.65;6.34142857142857;7.05;7.01857142857143;7.24;7.33785714285714;7.59
07.07.06;;6.845;7.35909090909091;6.768;6.6;6.41333333333333;7.045;7.5;6.55;6.27;7.04;7.01285714285714;7.22;7.36142857142857;7.6
08.07.06;;6.81;7.37272727272727;6.766;6.6;6.47;7.05285714285714;7.26666666666667;6.45;6.29642857142857;7.03;7.00714285714286;7.2;7.385;7.61
09.07.06;;6.775;7.38636363636364;6.764;6.6;6.42333333333333;7.06071428571429;7.03333333333333;6.50166666666667;6.32285714285714;7.02;7.00142857142857;7.20777777777778;7.40857142857143;7.62
10.07.06;;6.74;7.4;6.762;6.6;6.37666666666667;7.06857142857143;6.8;6.55333333333333;6.34928571428571;7.01;6.99571428571429;7.21555555555556;7.43214285714286;7.63
11.07.06;;6.72666666666667;7.40944444444444;6.76;6.6;6.33;7.07642857142857;6.83058823529412;6.605;6.37571428571429;7;6.99;7.22333333333333;7.45571428571429;7.64
12.07.06;;6.71333333333333;7.41888888888889;6.758;6.6;6.33;7.08428571428571;6.86117647058824;6.65666666666667;6.40214285714286;7.01285714285714;7.00428571428571;7.23111111111111;7.47928571428571;7.65
13.07.06;;6.7;7.42833333333333;6.756;6.6;6.33;7.09214285714286;6.89176470588235;6.70833333333333;6.42857142857143;7.02571428571429;7.01857142857143;7.23888888888889;7.50285714285714;7.66
14.07.06;;6.68;7.43777777777778;6.754;6.6;6.33;7.1;6.92235294117647;6.76;6.455;7.03857142857143;7.03285714285714;7.24666666666667;7.52642857142857;7.66692307692308
15.07.06;;6.66;7.44722222222222;6.752;6.6;6.33;7.09444444444444;6.95294117647059;6.74;6.48142857142857;7.05142857142857;7.04714285714286;7.25444444444444;7.55;7.67384615384615
16.07.06;;6.64;7.45666666666667;6.75;6.6;6.33;7.08888888888889;6.98352941176471;6.72;6.50785714285714;7.06428571428571;7.06142857142857;7.26222222222222;7.52;7.68076923076923
17.07.06;;6.7;7.46611111111111;6.748;6.6;6.33;7.08333333333333;7.01411764705882;6.7;6.53428571428571;7.07714285714286;7.07571428571429;7.27;7.49;7.68769230769231
18.07.06;;6.76;7.47555555555556;6.746;6.6;6.33;7.07777777777778;7.04470588235294;6.68;6.56071428571429;7.09;7.09;7.21333333333333;7.46;7.69461538461539
19.07.06;;6.82;7.485;6.744;6.6;6.36571428571429;7.07222222222222;7.07529411764706;6.66;6.58714285714286;7.08333333333333;7.08166666666667;7.15666666666667;7.43;7.70153846153846
20.07.06;;6.88;7.49444444444444;6.742;6.6;6.40142857142857;7.06666666666667;7.10588235294118;6.64;6.61357142857143;7.07666666666667;7.07333333333333;7.1;7.4;7.70846153846154
21.07.06;;6.83;7.50388888888889;6.74;6.625;6.43714285714286;7.06111111111111;7.13647058823529;6.62;6.64;7.07;7.065;7.04333333333333;7.4;7.71538461538462
22.07.06;;6.78;7.51333333333333;6.72142857142857;6.65;6.47285714285714;7.05555555555556;7.16705882352941;6.6;6.64;7.06333333333333;7.05666666666667;6.98666666666667;7.4;7.72230769230769
23.07.06;;6.73;7.52277777777778;6.70285714285714;6.675;6.50857142857143;7.05;7.19764705882353;6.6375;6.64;7.05666666666667;7.04833333333333;6.93;7.4;7.72923076923077
24.07.06;;6.68;7.53222222222222;6.68428571428571;6.7;6.54428571428571;7.04444444444444;7.22823529411765;6.675;6.64;7.05;7.04;6.985;7.4;7.73615384615385
25.07.06;;6.732;7.54166666666667;6.66571428571429;6.725;6.58;7.03888888888889;7.25882352941177;6.7125;6.64;7.05375;7.03714285714286;7.04;7.4;7.74307692307692
26.07.06;;6.784;7.55111111111111;6.64714285714286;6.75;6.59894736842105;7.03333333333333;7.28941176470588;6.75;6.64;7.0575;7.03428571428571;7.095;7.4;7.75
27.07.06;;6.836;7.56055555555556;6.62857142857143;6.75466666666667;6.61789473684211;7.02777777777778;7.32;6.67;6.64;7.06125;7.03142857142857;7.15;7.4;7.74
28.07.06;;6.888;7.57;6.61;6.75933333333333;6.63684210526316;7.02222222222222;7.32;6.67;6.64;7.065;7.02857142857143;7.205;7.4;7.73
29.07.06;;6.94;7.56846153846154;6.668;6.764;6.65578947368421;7.01666666666667;7.32;6.67;6.64;7.06875;7.02571428571429;7.26;7.4;7.72
30.07.06;;6.93;7.56692307692308;6.726;6.76866666666667;6.67473684210526;7.01111111111111;7.32;6.67;6.64;7.0725;7.02285714285714;7.22625;7.4;7.71
31.07.06;;6.92;7.56538461538462;6.784;6.77333333333333;6.69368421052632;7.00555555555556;7.32;6.67;6.64;7.07625;7.02;7.1925;7.4;7.7
01.08.06;;6.91;7.56384615384615;6.842;6.778;6.71263157894737;7;7.32;6.67;6.64;7.08;7.05111111111111;7.15875;7.4;7.69
02.08.06;;6.9;7.56230769230769;6.9;6.78266666666667;6.73157894736842;7.01117647058824;7.32;6.67;6.64;7.08375;7.08222222222222;7.125;7.4;7.68
03.08.06;;6.89;7.56076923076923;6.89428571428572;6.78733333333333;6.75052631578947;7.02235294117647;7.32;6.67;6.67833333333333;7.0875;7.11333333333333;7.09125;7.4;7.67333333333333
04.08.06;;6.88;7.55923076923077;6.88857142857143;6.792;6.76947368421053;7.03352941176471;7.32;6.67;6.71666666666667;7.09125;7.14444444444444;7.0575;7.4;7.66666666666667
05.08.06;;6.87;7.55769230769231;6.88285714285714;6.79666666666667;6.78842105263158;7.04470588235294;7.32;6.67;6.755;7.095;7.17555555555556;7.02375;7.4;7.66
06.08.06;;6.845;7.55615384615385;6.87714285714286;6.80133333333333;6.80736842105263;7.05588235294118;7.32;6.67;6.79333333333333;7.09875;7.20666666666667;6.99;7.32;7.65333333333333
07.08.06;;6.82;7.55461538461539;6.87142857142857;6.806;6.82631578947368;7.06705882352941;7.33769230769231;6.67;6.83166666666667;7.1025;7.23777777777778;7.01833333333333;7.24;7.64666666666667
08.08.06;;6.88666666666667;7.55307692307692;6.86571428571429;6.81066666666667;6.84526315789474;7.07823529411765;7.35538461538462;6.67;6.87;7.10625;7.26888888888889;7.04666666666667;7.16;7.64
09.08.06;;6.95333333333333;7.55153846153846;6.86;6.81533333333333;6.86421052631579;7.08941176470588;7.37307692307692;6.67;6.83666666666667;7.11;7.3;7.075;7.08;7.63333333333333
10.08.06;;7.02;7.55;6.85428571428572;6.82;6.88315789473684;7.10058823529412;7.39076923076923;6.67;6.80333333333333;7.1;7.29714285714286;7.10333333333333;7;7.62666666666667
11.08.06;;7.055;7.57333333333333;6.84857142857143;6.86666666666667;6.90210526315789;7.11176470588235;7.40846153846154;6.785;6.77;7.09;7.29428571428571;7.13166666666667;7.05142857142857;7.62
12.08.06;;7.09;7.59666666666667;6.84285714285714;6.91333333333333;6.92105263157895;7.12294117647059;7.42615384615385;6.9;6.77142857142857;7.08;7.29142857142857;7.16;7.10285714285714;7.64
13.08.06;;7.125;7.62;6.83714285714286;6.96;6.94;7.13411764705882;7.44384615384615;6.86;6.77285714285714;7.07;7.28857142857143;7.16642857142857;7.15428571428572;7.66
14.08.06;;7.16;7.64333333333333;6.83142857142857;;6.92428571428571;7.14529411764706;7.46153846153846;6.82;6.77428571428571;7.06;7.28571428571429;7.17285714285714;7.20571428571429;7.68
15.08.06;;7.148;7.66666666666667;6.82571428571429;;6.90857142857143;7.15647058823529;7.47923076923077;6.78;6.77571428571429;7.05;7.28285714285714;7.17928571428571;7.25714285714286;7.7
16.08.06;;7.136;7.69;6.82;;6.89285714285714;7.16764705882353;7.49692307692308;6.74;6.77714285714286;7.04;7.28;7.18571428571429;7.30857142857143;7.72
17.08.06;;7.124;7.555;6.811875;;6.87714285714286;7.17882352941177;7.51461538461539;6.7;6.77857142857143;7.03;7.18833333333333;7.19214285714286;7.36;7.74
18.08.06;;7.112;7.42;6.80375;;6.86142857142857;7.19;7.53230769230769;6.8;6.78;7.04166666666667;7.09666666666667;7.19857142857143;7.36666666666667;7.68285714285714
19.08.06;;7.1;7.416;6.795625;;6.84571428571429;7.185625;7.55;6.9;6.83;7.05333333333333;7.005;7.205;7.37333333333333;7.62571428571429
20.08.06;;7.08;7.412;6.7875;;6.83;7.18125;7.54444444444444;6.86;6.88;7.065;6.91333333333333;7.21142857142857;7.38;7.56857142857143
21.08.06;;7.06;7.408;6.779375;;6.82333333333333;7.176875;7.53888888888889;6.82;6.93;7.07666666666667;6.82166666666667;7.21785714285714;7.38666666666667;7.51142857142857
22.08.06;;7.06666666666667;7.404;6.77125;;6.81666666666667;7.1725;7.53333333333333;6.78;6.98;7.08833333333333;6.73;7.22428571428571;7.39333333333333;7.45428571428572
23.08.06;;7.07333333333333;7.4;6.763125;;6.81;7.168125;7.52777777777778;6.74;7.03;7.1;6.76875;7.23071428571429;7.4;7.39714285714286
24.08.06;;7.08;7.4;6.755;;6.80333333333333;7.16375;7.52222222222222;6.7;7.00714285714286;7.1;6.8075;7.23714285714286;7.40666666666667;7.34
25.08.06;;7.11;7.4;6.746875;;6.79666666666667;7.159375;7.51666666666667;6.67777777777778;6.98428571428572;7.1;6.84625;7.24357142857143;7.41333333333333;7.41
26.08.06;;7.19666666666667;7.4;6.73875;;6.79;7.155;7.51111111111111;6.65555555555556;6.96142857142857;7.1;6.885;7.25;7.42;7.48
27.08.06;;7.28333333333333;7.4;6.730625;;6.78333333333333;7.150625;7.50555555555556;6.63333333333333;6.93857142857143;7.1;6.92375;7.24642857142857;7.412;7.55
28.08.06;;7.37;7.4;6.7225;;6.77666666666667;7.14625;7.5;6.61111111111111;6.91571428571429;7.1;6.9625;7.24285714285714;7.404;7.62
29.08.06;;7.17666666666667;7.4;6.714375;;6.77;7.141875;7.5;6.58888888888889;6.89285714285714;7.1;7.00125;7.23928571428571;7.396;7.69
30.08.06;;6.98333333333333;7.4;6.70625;;6.78666666666667;7.1375;7.5;6.56666666666667;6.87;7.1;7.04;7.23571428571429;7.388;7.76
31.08.06;;6.79;7.285;6.698125;;6.80333333333333;7.133125;7.5;6.54444444444445;6.885;7.12166666666667;7.05;7.23214285714286;7.38;7.70625
01.09.06;;6.78;7.17;6.69;;6.82;7.12875;7.5;6.52222222222222;6.9;7.14333333333333;7.06;7.22857142857143;7.375;7.6525
02.09.06;;6.77;7.16857142857143;6.71625;;6.83666666666667;7.124375;7.5;6.5;6.894;7.165;7.07;7.225;7.37;7.59875
03.09.06;;6.76;7.16714285714286;6.7425;;6.85333333333333;7.12;7.5;6.503125;6.888;7.18666666666667;7.08;7.22142857142857;7.365;7.545
04.09.06;;6.75;7.16571428571429;6.76875;;6.87;7.115625;7.5;6.50625;6.882;7.20833333333333;7.09;7.21785714285714;7.36;7.49125
05.09.06;;6.74;7.16428571428572;6.795;;6.80285714285714;7.11125;7.5;6.509375;6.876;7.23;7.1;7.21428571428571;7.355;7.4375
06.09.06;;6.73;7.16285714285714;6.82125;;6.73571428571429;7.106875;7.5;6.5125;6.87;7.25166666666667;7.10037037037037;7.21071428571429;7.35;7.38375
07.09.06;;6.72;7.16142857142857;6.8475;;6.66857142857143;7.1025;7.5;6.515625;6.864;7.27333333333333;7.10074074074074;7.20714285714286;7.345;7.33
08.09.06;;6.71;7.16;6.87375;;6.60142857142857;7.098125;7.5;6.51875;6.858;7.295;7.10111111111111;7.20357142857143;7.34;7.365
09.09.06;;6.71333333333333;7.15857142857143;6.9;;6.53428571428572;7.09375;7.5;6.521875;6.852;7.31666666666667;7.10148148148148;7.2;7.33727272727273;7.4
10.09.06;;6.71666666666667;7.15714285714286;6.906;;6.46714285714286;7.089375;7.5;6.525;6.846;7.33833333333333;7.10185185185185;7.20090909090909;7.33454545454545;7.435
11.09.06;;6.72;7.15571428571429;6.912;;6.4;7.085;7.5;6.528125;6.84;7.36;7.10222222222222;7.20181818181818;7.33181818181818;7.47
12.09.06;;6.74666666666667;7.15428571428572;6.918;;6.425;7.080625;7.52;6.53125;6.88666666666667;7.31285714285714;7.10259259259259;7.20272727272727;7.32909090909091;7.505
13.09.06;;6.77333333333333;7.15285714285714;6.924;;6.45;7.07625;7.54;6.534375;6.93333333333333;7.26571428571429;7.10296296296296;7.20363636363636;7.32636363636364;7.54
14.09.06;;6.8;7.15142857142857;6.93;;6.475;7.071875;7.56;6.5375;6.98;7.21857142857143;7.10333333333333;7.20454545454546;7.32363636363636;7.575
15.09.06;;6.76666666666667;7.15;6.94;;6.5;7.0675;7.58;6.540625;6.97153846153846;7.17142857142857;7.1037037037037;7.20545454545455;7.32090909090909;7.61
16.09.06;;6.73333333333333;7.15;6.95;;6.525;7.063125;7.6;6.54375;6.96307692307692;7.12428571428571;7.10407407407407;7.20636363636364;7.31818181818182;7.645
17.09.06;;6.7;7.15;6.96;;6.55;7.05875;7.6;6.546875;6.95461538461539;7.07714285714286;7.10444444444445;7.20727272727273;7.31545454545455;7.68
18.09.06;;6.65;7.15;6.97;;6.575;7.054375;7.6;6.55;6.94615384615385;7.03;7.10481481481482;7.20818181818182;7.31272727272727;7.68411764705882
19.09.06;;6.6;7.15;6.98;;6.6;7.05;7.6;6.553125;6.93769230769231;7.04777777777778;7.10518518518519;7.20909090909091;7.31;7.68823529411765
20.09.06;;6.55;7.15;6.98642857142857;;6.6;7.05;7.6;6.55625;6.92923076923077;7.06555555555556;7.10555555555556;7.21;7.30727272727273;7.69235294117647
21.09.06;;6.5;7.15;6.99285714285714;;6.6;7.05;7.6;6.559375;6.92076923076923;7.08333333333333;7.10592592592593;7.21090909090909;7.30454545454546;7.69647058823529
22.09.06;;6.57333333333333;7.154;6.99928571428571;;6.6;7.05;7.58;6.5625;6.91230769230769;7.10111111111111;7.1062962962963;7.21181818181818;7.30181818181818;7.70058823529412
23.09.06;;6.64666666666667;7.158;7.00571428571429;;6.6;7.05;7.56;6.565625;6.90384615384615;7.11888888888889;7.10666666666667;7.21272727272727;7.29909090909091;7.70470588235294
24.09.06;;6.72;7.162;7.01214285714286;;6.6;7.05;7.54;6.56875;6.89538461538462;7.13666666666667;7.10703703703704;7.21363636363636;7.29636363636364;7.70882352941177
25.09.06;;6.7725;7.166;7.01857142857143;;6.6;7.05;7.52;6.571875;6.88692307692308;7.15444444444445;7.10740740740741;7.21454545454546;7.29363636363636;7.71294117647059
26.09.06;;6.825;7.17;7.025;;6.6;7.05;7.5;6.575;6.87846153846154;7.17222222222222;7.10777777777778;7.21545454545455;7.29090909090909;7.71705882352941
27.09.06;;6.8775;7.182;7.03142857142857;;6.6;7.05;7.48;6.578125;6.87;7.19;7.10814814814815;7.21636363636364;7.28818181818182;7.72117647058824
28.09.06;;6.93;7.194;7.03785714285714;;6.6;7.05;7.46;6.58125;6.86;7.18333333333333;7.10851851851852;7.21727272727273;7.28545454545455;7.72529411764706
29.09.06;;6.9225;7.206;7.04428571428571;;6.6;7.05;7.44;6.584375;6.85;7.17666666666667;7.10888888888889;7.21818181818182;7.28272727272727;7.72941176470588
30.09.06;;6.915;7.218;7.05071428571429;;6.6;7.05;7.42;6.5875;6.84;7.17;7.10925925925926;7.21909090909091;7.28;7.73352941176471
01.10.06;6.47;6.9075;7.23;7.05714285714286;;6.6;7.05;7.4;6.590625;6.83;7.16333333333333;7.10962962962963;7.22;7.29142857142857;7.73764705882353
02.10.06;6.485;6.9;7.23833333333333;7.06357142857143;;6.6;7.05;7.45;6.59375;6.82;7.15666666666667;7.11;7.23333333333333;7.30285714285714;7.74176470588235
03.10.06;6.5;6.88666666666667;7.24666666666667;7.07;;6.61666666666667;7.05;7.5;6.596875;6.81;7.15;7.08375;7.24666666666667;7.31428571428571;7.74588235294118
04.10.06;6.525;6.87333333333333;7.255;7.07235294117647;;6.63333333333333;7.05;7.55;6.6;6.8;7.14333333333333;7.0575;7.26;7.32571428571429;7.75
05.10.06;6.55;6.86;7.26333333333333;7.07470588235294;;6.65;7.05;7.6;6.6;6.79;7.13666666666667;7.03125;7.27333333333333;7.33714285714286;7.76142857142857
06.10.06;6.575;6.85666666666667;7.27166666666667;7.07705882352941;;6.66666666666667;7.05;7.5875;6.6;6.78;7.13;7.005;7.28666666666667;7.34857142857143;7.77285714285714
07.10.06;6.6;6.85333333333333;7.28;7.07941176470588;;6.68333333333333;7;7.575;6.6;6.77;7.12333333333333;6.97875;7.3;7.36;7.78428571428571
08.10.06;6.63333333333333;6.85;7.28833333333333;7.08176470588235;;6.7;6.95;7.5625;6.6;6.76;7.11666666666667;6.9525;7.2925;7.39166666666667;7.79571428571429
09.10.06;6.66666666666667;6.82;7.29666666666667;7.08411764705882;;6.68666666666667;6.9;7.55;6.6;6.75;7.11;6.92625;7.285;7.42333333333333;7.80714285714286
10.10.06;6.7;6.79;7.305;7.08647058823529;;6.67333333333333;6.85;7.5375;6.6;6.74;7.10333333333333;6.9;7.2775;7.455;7.81857142857143
11.10.06;6.73333333333333;6.76;7.31333333333333;7.08882352941177;;6.66;6.8;7.525;6.6;6.74857142857143;7.09666666666667;6.88571428571429;7.27;7.48666666666667;7.83
12.10.06;6.76666666666667;6.73;7.32166666666667;7.09117647058824;6.1;6.64666666666667;6.75;7.5125;6.6;6.75714285714286;7.09;6.87142857142857;7.2625;7.51833333333333;7.79071428571429
13.10.06;6.8;6.72;7.33;7.09352941176471;6.106;6.63333333333333;6.7;7.5;6.6;6.76571428571429;7.08333333333333;6.85714285714286;7.255;7.55;7.75142857142857
14.10.06;6.85333333333333;6.71;7.31555555555556;7.09588235294118;6.112;6.62;6.65;7.4875;6.6;6.77428571428571;7.07666666666667;6.84285714285714;7.2475;7.54142857142857;7.71214285714286
15.10.06;6.90666666666667;6.7;7.30111111111111;7.09823529411765;6.118;6.60666666666667;6.6;7.475;6.6;6.78285714285714;7.07;6.82857142857143;7.24;7.53285714285714;7.67285714285714
16.10.06;6.96;6.67;7.28666666666667;7.10058823529412;6.124;6.59333333333333;6.55;7.4625;6.6;6.79142857142857;7.06333333333333;6.81428571428571;7.225;7.52428571428571;7.63357142857143
17.10.06;6.966;6.64;7.27222222222222;7.10294117647059;6.13;6.58;6.5;7.45;6.6;6.8;7.05666666666667;6.8;7.21;7.51571428571429;7.59428571428571
18.10.06;6.972;6.61;7.25777777777778;7.10529411764706;6.136;6.56666666666667;6.465;7.4375;6.6;6.78142857142857;7.05;6.80285714285714;7.195;7.50714285714286;7.555
19.10.06;6.978;6.58;7.24333333333333;7.10764705882353;6.142;6.55333333333333;6.43;7.425;6.6;6.76285714285714;7.06714285714286;6.80571428571429;7.18;7.49857142857143;7.51571428571429
20.10.06;6.984;6.55636363636364;7.22888888888889;7.11;6.148;6.54;6.395;7.4125;6.6;6.74428571428571;7.08428571428571;6.80857142857143;7.165;7.49;7.47642857142857
21.10.06;6.99;6.53272727272727;7.21444444444445;7.08923076923077;6.154;6.52666666666667;6.36;7.4;6.6;6.72571428571429;7.10142857142857;6.81142857142857;7.15;7.48142857142857;7.43714285714286
22.10.06;7.01;6.50909090909091;7.2;7.06846153846154;6.16;6.51333333333333;6.325;7.3875;6.6;6.70714285714286;7.11857142857143;6.81428571428571;7.16;7.47285714285714;7.39785714285714
23.10.06;7.03;6.48545454545455;7.19636363636364;7.04769230769231;6.155;6.5;6.29;7.375;6.6;6.68857142857143;7.13571428571429;6.81714285714286;7.17;7.46428571428571;7.35857142857143
24.10.06;7.05;6.46181818181818;7.19272727272727;7.02692307692308;6.15;6.5;6.255;7.3625;6.6;6.67;7.15285714285714;6.82;7.18;7.45571428571429;7.31928571428571
25.10.06;7.07;6.43818181818182;7.18909090909091;7.00615384615385;6.145;6.5;6.22;7.35;6.58;6.685;7.17;6.84166666666667;7.19;7.44714285714286;7.28
26.10.06;7.09;6.41454545454546;7.18545454545455;6.98538461538462;6.14;6.5;6.185;7.3375;6.56;6.7;7.16;6.86333333333333;7.2;7.43857142857143;7.25571428571429
27.10.06;7.11;6.39090909090909;7.18181818181818;6.96461538461539;6.135;6.5;6.15;7.325;6.54;6.715;7.15;6.885;7.21;7.43;7.23142857142857
28.10.06;7.02;6.36727272727273;7.17818181818182;6.94384615384615;6.13;6.5;6.19;7.3125;6.52;6.73;7.14;6.90666666666667;7.22;7.44615384615385;7.20714285714286
29.10.06;6.93;6.34363636363636;7.17454545454546;6.92307692307692;6.125;6.5;6.23;7.3;6.5;6.745;7.13;6.92833333333333;7.22;7.46230769230769;7.18285714285714
30.10.06;6.84;6.32;7.17090909090909;6.90230769230769;6.12;6.5;6.27;7.25714285714286;6.48;6.76;7.12;6.95;7.22;7.47846153846154;7.15857142857143
31.10.06;6.82;6.35;7.16727272727273;6.88153846153846;6.115;6.5;6.31;7.21428571428571;6.46;6.775;7.11;6.91875;7.22;7.49461538461538;7.13428571428571
01.11.06;6.8;6.38;7.16363636363636;6.86076923076923;6.11;6.5;6.35;7.17142857142857;6.44;6.79;7.1;6.8875;7.22;7.51076923076923;7.11
02.11.06;6.76;6.41;7.16;6.84;6.13272727272727;6.5;6.39;7.12857142857143;6.42;6.75714285714286;7.07142857142857;6.85625;7.22;7.52692307692308;7.11571428571429
03.11.06;6.72;6.44;7.13615384615385;6.814;6.15545454545455;6.5;6.43;7.08571428571429;6.41428571428572;6.72428571428571;7.04285714285714;6.825;7.22;7.54307692307692;7.12142857142857
04.11.06;6.68;6.47;7.11230769230769;6.788;6.17818181818182;6.5;6.47;7.04285714285714;6.40857142857143;6.69142857142857;7.01428571428571;6.79375;7.22;7.55923076923077;7.12714285714286
05.11.06;6.64;6.5;7.08846153846154;6.762;6.20090909090909;6.5;6.51;7;6.40285714285714;6.65857142857143;6.98571428571429;6.7625;7.22;7.57538461538462;7.13285714285714
06.11.06;6.6;6.53;7.06461538461539;6.736;6.22363636363636;6.5;6.55;7.03285714285714;6.39714285714286;6.62571428571429;6.95714285714286;6.73125;7.20214285714286;7.59153846153846;7.13857142857143
07.11.06;6.625;6.56;7.04076923076923;6.71;6.24636363636364;6.5;6.55;7.06571428571429;6.39142857142857;6.59285714285714;6.92857142857143;6.7;7.18428571428571;7.60769230769231;7.14428571428572
08.11.06;6.65;6.59;7.01692307692308;6.69333333333333;6.26909090909091;6.5;6.55;7.09857142857143;6.38571428571429;6.56;6.9;6.714;7.16642857142857;7.62384615384615;7.15
09.11.06;6.675;6.62;6.99307692307692;6.67666666666667;6.29181818181818;6.5;6.55;7.13142857142857;6.38;6.57571428571429;6.87142857142857;6.728;7.14857142857143;7.64;7.15714285714286
10.11.06;6.7;6.59333333333333;6.96923076923077;6.66;6.31454545454545;6.5;6.55;7.16428571428572;6.36666666666667;6.59142857142857;6.84285714285714;6.742;7.13071428571429;7.52571428571429;7.16428571428572
11.11.06;6.83333333333333;6.56666666666667;6.94538461538462;6.64333333333333;6.33727272727273;6.5;6.55;7.19714285714286;6.35333333333333;6.60714285714286;6.81428571428572;6.756;7.11285714285714;7.41142857142857;7.17142857142857
12.11.06;6.96666666666667;6.54;6.92153846153846;6.62666666666667;6.36;6.51111111111111;6.625;7.23;6.34;6.62285714285714;6.78571428571429;6.77;7.095;7.29714285714286;7.17857142857143
13.11.06;7.1;6.54545454545455;6.89769230769231;6.61;6.34285714285714;6.52222222222222;6.7;7.21857142857143;6.32666666666667;6.63857142857143;6.75714285714286;6.78;7.07714285714286;7.18285714285714;7.18571428571429
14.11.06;7.0175;6.55090909090909;6.87384615384615;6.59333333333333;6.32571428571429;6.53333333333333;6.64166666666667;7.20714285714286;6.31333333333333;6.65428571428572;6.72857142857143;6.79;7.05928571428571;7.06857142857143;7.19285714285714
15.11.06;6.935;6.55636363636364;6.85;6.57666666666667;6.30857142857143;6.54444444444444;6.58333333333333;7.19571428571429;6.3;6.67;6.7;6.8;7.04142857142857;6.95428571428572;7.2
16.11.06;6.8525;6.56181818181818;6.828;6.56;6.29142857142857;6.55555555555556;6.525;7.18428571428572;6.28666666666667;6.65866666666667;6.7;6.81;7.02357142857143;6.84;7.175
17.11.06;6.77;6.56727272727273;6.806;6.54333333333333;6.27428571428571;6.56666666666667;6.46666666666667;7.17285714285714;6.27333333333333;6.64733333333333;6.7;6.82;7.00571428571429;6.86285714285715;7.15
18.11.06;6.7625;6.57272727272727;6.784;6.52666666666667;6.25714285714286;6.57777777777778;6.40833333333333;7.16142857142857;6.26;6.636;6.7;6.83;6.98785714285714;6.88571428571429;7.125
19.11.06;6.755;6.57818181818182;6.762;6.51;6.24;6.58888888888889;6.35;7.15;6.24666666666667;6.62466666666667;6.7;6.84;6.97;6.90857142857143;7.1
20.11.06;6.7475;6.58363636363636;6.74;6.49333333333333;6.24;6.6;6.35;7.13857142857143;6.23333333333333;6.61333333333333;6.7;6.82;6.98;6.93142857142857;7.075
21.11.06;6.74;6.58909090909091;6.718;6.47666666666667;6.24;6.6;6.35;7.12714285714286;6.22;6.602;6.7;6.8;6.99;6.95428571428572;7.05
22.11.06;6.7;6.59454545454545;6.696;6.46;6.24;6.6;6.35;7.11571428571429;6.20666666666667;6.59066666666667;6.7;6.78;7;6.97714285714286;7.025
23.11.06;6.698;6.6;6.674;6.44333333333333;6.26;6.6;6.35;7.10428571428572;6.19333333333333;6.57933333333333;6.7;6.76;7.01;7;7
24.11.06;6.696;6.58714285714286;6.652;6.42666666666667;6.28;6.6;6.35;7.09285714285714;6.18;6.568;6.7;6.74;7.02;6.98571428571429;6.975
25.11.06;6.694;6.57428571428571;6.63;6.41;6.3;6.6;6.35;7.08142857142857;6.16666666666667;6.55666666666667;6.7;6.72;7.03;6.97142857142857;6.95
26.11.06;6.692;6.56142857142857;6.608;6.408;6.32;6.6;6.35;7.07;6.15333333333333;6.54533333333333;6.7;6.7;7.04;6.95714285714286;6.96
27.11.06;6.69;6.54857142857143;6.586;6.406;6.34;6.6;6.3625;7.07;6.14;6.534;6.7;6.68;7.0175;6.94285714285714;6.97
28.11.06;6.688;6.53571428571429;6.564;6.404;6.36;6.6;6.375;7.07;6.12666666666667;6.52266666666667;6.66666666666667;6.68666666666667;6.995;6.92857142857143;6.98
29.11.06;6.686;6.52285714285714;6.542;6.402;6.38;6.6;6.3875;7.07;6.11333333333333;6.51133333333333;6.63333333333333;6.69333333333333;6.9725;6.91428571428572;6.99
30.11.06;6.684;6.51;6.52;6.4;6.4;6.6;6.4;7.07;6.1;6.5;6.6;6.7;6.95;6.9;7
