01.12.05;102.662752588033;;;78;75;58;61;61;70;68;55;67;60;53;68
02.12.05;101.970528808195;;;77.5;75.15;58;61;60;70;68;55.8461538461539;67;59;51;68.7692307692308
03.12.05;101.279609880743;73;78;77;75.3;58;61;59;70;67.8421052631579;56.6923076923077;67;58;50.8461538461539;69.5384615384615
04.12.05;100.589990895596;72.6666666666667;77.8333333333333;76.5;75.45;58;61;58;70;67.6842105263158;57.5384615384615;67;57;50.6923076923077;70.3076923076923
05.12.05;98.985907886903;72.3333333333333;77.6666666666667;76;75.6;58;61;56.6666666666667;70;67.5263157894737;58.3846153846154;67;56;50.5384615384615;71.0769230769231
06.12.05;97.388814368823;72;77.5;75.5;75.75;57.625;60.7142857142857;55.3333333333333;70;67.3684210526316;59.2307692307692;67.125;56;50.3846153846154;71.8461538461538
07.12.05;95.7986496947302;71.6666666666667;77.3333333333333;75;75.9;57.25;60.4285714285714;54;70;67.2105263157895;60.0769230769231;67.25;56;50.2307692307692;72.6153846153846
08.12.05;94.2153540039206;71.3333333333333;77.1666666666667;75.1162790697674;76.05;56.875;60.1428571428571;52.6666666666667;70;67.0526315789474;60.9230769230769;67.375;56;50.0769230769231;73.3846153846154
09.12.05;92.6388682080917;71;77;75.2325581395349;76.2;56.5;59.8571428571429;51.3333333333334;70;66.8947368421053;61.7692307692308;67.5;56;49.9230769230769;74.1538461538462
10.12.05;91.0691339781099;69.8333333333333;76.3684210526316;75.3488372093023;76.35;56.125;59.5714285714286;50;70;66.7368421052632;62.6153846153846;67.625;56;49.7692307692308;74.9230769230769
11.12.05;91.0691339781099;68.6666666666667;75.7368421052632;75.4651162790698;76.5;55.75;59.2857142857143;48.7142857142857;70;66.5789473684211;63.4615384615385;67.75;56;49.6153846153846;75.6923076923077
12.12.05;91.0691339781099;67.5;75.1052631578947;75.5813953488372;76.65;55.375;59;47.4285714285714;70;66.421052631579;64.3076923076923;67.875;56;49.4615384615385;76.4615384615385
13.12.05;91.0691339781099;66.3333333333333;74.4736842105263;75.6976744186047;76.8;55;59.3571428571429;46.1428571428571;70;66.2631578947369;65.1538461538462;68;55.3333333333333;49.3076923076923;77.2307692307692
14.12.05;91.0691339781099;65.1666666666667;73.8421052631579;75.8139534883721;76.95;53.3333333333333;59.7142857142857;44.8571428571428;70;66.1052631578947;66;67.8333333333333;54.6666666666667;49.1538461538462;78
15.12.05;91.0691339781099;64;73.2105263157895;75.9302325581395;77.1;51.6666666666667;60.0714285714286;43.5714285714286;70;65.9473684210526;65.8461538461538;67.6666666666667;54;49;77.9285714285714
16.12.05;91.0691339781099;64.8;72.5789473684211;76.046511627907;77.25;50;60.4285714285714;42.2857142857143;70;65.7894736842105;65.6923076923077;67.5;53.3333333333333;48.6153846153846;77.8571428571429
17.12.05;91.0691339781099;65.6;71.9473684210526;76.1627906976744;77.4;50;60.7857142857143;41;70;65.6315789473684;65.5384615384615;67.3333333333333;52.6666666666667;48.2307692307692;77.7857142857143
18.12.05;91.7410542074899;66.4;71.3157894736842;76.2790697674419;77.55;50;61.1428571428571;42.75;70;65.4736842105263;65.3846153846154;67.1666666666667;52;47.8461538461539;77.7142857142857
19.12.05;92.4142084508401;67.2;70.6842105263158;76.3953488372093;77.7;50;61.5;44.5;70;65.3157894736842;65.2307692307692;67;52.5714285714286;47.4615384615385;77.6428571428571
20.12.05;93.0886012491541;68;70.0526315789474;76.5116279069767;77.85;50;61.8571428571429;46.25;70;65.1578947368421;65.0769230769231;66.875;53.1428571428571;47.0769230769231;77.5714285714286
21.12.05;93.7642371685368;68.8;69.421052631579;76.6279069767442;78;50;62.2142857142857;48;70;65;64.9230769230769;66.75;53.7142857142857;46.6923076923077;77.5
22.12.05;94.4411208003908;69.6;68.7894736842105;76.7441860465116;77.7777777777778;50;62.5714285714286;49.75;70;64.9047619047619;64.7692307692308;66.625;54.2857142857143;46.3076923076923;77.4285714285714
23.12.05;95.119256761602;70.4;68.1578947368421;76.8604651162791;77.5555555555556;50;62.9285714285714;51.5;70;64.8095238095238;64.6153846153846;66.5;54.8571428571429;45.9230769230769;77.3571428571429
24.12.05;95.7986496947302;71.2;67.5263157894737;76.9767441860465;77.3333333333333;50;63.2857142857143;53.25;69.5;64.7142857142857;64.4615384615385;66.375;55.4285714285714;45.5384615384615;77.2857142857143
25.12.05;95.7986496947302;72;66.8947368421053;77.093023255814;77.1111111111111;50;63.6428571428571;55;69;64.6190476190476;64.3076923076923;66.25;56;45.1538461538461;77.2142857142857
26.12.05;95.7986496947302;71.2;66.2631578947369;77.2093023255814;76.8888888888889;50;64;55.0526315789474;68.5;64.5238095238095;64.1538461538462;66.125;55;44.7692307692308;77.1428571428571
27.12.05;95.7986496947302;70.4;65.6315789473684;77.3255813953488;76.6666666666667;50;64;55.1052631578947;68;64.4285714285714;64;66;54;44.3846153846154;77.0714285714286
28.12.05;95.7986496947302;69.6;65;77.4418604651163;76.4444444444444;50;64;55.1578947368421;67.5;64.3333333333333;63.8461538461539;66.0714285714286;53;44;77
29.12.05;95.7986496947302;68.8;63.8235294117647;77.5581395348837;76.2222222222222;50;64;55.2105263157895;67;64.2380952380952;63.6923076923077;66.1428571428571;52;44.1724137931034;77
30.12.05;95.7986496947302;68;62.6470588235294;77.6744186046512;76;50;64;55.2631578947368;66.5;64.1428571428571;63.5384615384615;66.2142857142857;51;44.3448275862069;77
31.12.05;95.7986496947302;66.5833333333333;61.4705882352941;77.7906976744186;75.7777777777778;50;64;55.3157894736842;66;64.0476190476191;63.3846153846154;66.2857142857143;50;44.5172413793103;77
01.01.06;95.7986496947302;65.1666666666667;60.2941176470588;77.9069767441861;75.5555555555556;50;64;55.3684210526316;65.5;63.952380952381;63.2307692307692;66.3571428571429;49;44.6896551724138;77
02.01.06;95.7986496947302;63.75;59.1176470588236;78.0232558139535;75.3333333333333;50;64;55.4210526315789;65;63.8571428571429;63.0769230769231;66.4285714285714;48;44.8620689655172;77
03.01.06;95.7986496947302;62.3333333333333;57.9411764705883;78.1395348837209;75.1111111111111;50;64;55.4736842105263;64.5;63.7619047619048;62.9230769230769;66.5;47;45.0344827586207;77
04.01.06;95.7986496947302;60.9166666666667;56.764705882353;78.2558139534884;74.8888888888889;50;64;55.5263157894737;64;63.6666666666667;62.7692307692308;66.5714285714286;46;45.2068965517241;77
05.01.06;95.7986496947302;59.5;55.5882352941177;78.3720930232558;74.6666666666667;50;64;55.5789473684211;63.5;63.5714285714286;62.6153846153846;66.6428571428571;45;45.3793103448276;77
06.01.06;95.7986496947302;58.0833333333333;54.4117647058824;78.4883720930233;74.4444444444444;50;64;55.6315789473684;63;63.4761904761905;62.4615384615385;66.7142857142857;44;45.551724137931;77
07.01.06;95.7986496947302;56.6666666666666;53.2352941176471;78.6046511627907;74.2222222222222;50;64;55.6842105263158;62.5;63.3809523809524;62.3076923076923;66.7857142857143;43;45.7241379310345;77
08.01.06;95.7986496947302;55.25;52.0588235294118;78.7209302325582;74;50;64;55.7368421052632;62;63.2857142857143;62.1538461538462;66.8571428571429;42;45.8965517241379;77
09.01.06;95.7986496947302;53.8333333333333;50.8823529411765;78.8372093023256;73.7777777777778;50;64;55.7894736842105;61.5;63.1904761904762;62;66.9285714285714;41;46.0689655172414;77
10.01.06;95.7986496947302;52.4166666666666;49.7058823529412;78.953488372093;73.5555555555556;50;63.76;55.8421052631579;61;63.0952380952381;62.2142857142857;67;41;46.2413793103448;77
11.01.06;95.7986496947302;51;48.5294117647059;79.0697674418605;73.3333333333333;50;63.52;55.8947368421053;60.5;63;62.4285714285714;66.9230769230769;41;46.4137931034483;77
12.01.06;100.589990895596;50;47.3529411764707;79.1860465116279;73.1111111111111;50;63.28;55.9473684210526;60;63.1538461538462;62.6428571428571;66.8461538461538;41;46.5862068965517;77
13.01.06;105.44479541278;49;46.1764705882354;79.3023255813954;72.8888888888889;50;63.04;56;59.5;63.3076923076923;62.8571428571429;66.7692307692308;41;46.7586206896552;77
14.01.06;110.364767035209;48;45.0000000000001;79.4186046511628;72.6666666666667;50;62.8;55.4090909090909;59;63.4615384615385;63.0714285714286;66.6923076923077;41;46.9310344827586;76.1818181818182
15.01.06;111.073042390832;47;45.4615384615385;79.5348837209302;72.4444444444445;50;62.56;54.8181818181818;58.5;63.6153846153846;63.2857142857143;66.6153846153846;41;47.1034482758621;75.3636363636364
16.01.06;111.782689045192;46;45.923076923077;79.6511627906977;72.2222222222222;50;62.32;54.2272727272727;58;63.7692307692308;63.5;66.5384615384615;40.5714285714286;47.2758620689655;74.5454545454546
17.01.06;112.49371231856;45.5714285714286;46.3846153846155;79.7674418604651;72;50;62.08;53.6363636363636;57.5;63.9230769230769;63.7142857142857;66.4615384615385;40.1428571428571;47.448275862069;73.7272727272727
18.01.06;113.206117562231;45.1428571428571;46.8461538461539;79.8837209302326;71.9310344827586;50;61.84;53.0454545454546;57;64.0769230769231;63.9285714285714;66.3846153846154;39.7142857142857;47.6206896551724;72.9090909090909
19.01.06;113.919910158763;44.7142857142857;47.3076923076924;80;71.8620689655172;50;61.6;52.4545454545455;56.5;64.2307692307692;64.1428571428571;66.3076923076923;39.2857142857143;47.7931034482759;72.0909090909091
20.01.06;114.635095522219;44.2857142857143;47.7692307692308;79.9285714285714;71.7931034482759;50;61.36;51.8636363636364;56;64.3846153846154;64.3571428571429;66.2307692307692;38.8571428571429;47.9655172413793;71.2727272727273
21.01.06;115.351679098419;43.8571428571429;48.2307692307693;79.8571428571429;71.7241379310345;50;61.12;51.2727272727273;55.5;64.5384615384615;64.5714285714286;66.1538461538462;38.4285714285714;48.1379310344828;70.4545454545455
22.01.06;115.351679098419;43.4285714285714;48.6923076923077;79.7857142857143;71.6551724137931;50;60.88;50.6818181818182;55;64.6923076923077;64.7857142857143;66.0769230769231;38;48.3103448275862;69.6363636363636
23.01.06;115.351679098419;43;49.1538461538462;79.7142857142857;71.5862068965517;50;60.64;50.0909090909091;53.9090909090909;64.8461538461539;65;66;37.375;48.4827586206897;68.8181818181818
24.01.06;115.351679098419;43.8;49.6153846153847;79.6428571428571;71.5172413793104;50;60.4;49.5;52.8181818181818;65;64.6875;65.9230769230769;36.75;48.6551724137931;68
25.01.06;115.351679098419;44.6;50.0769230769231;79.5714285714286;71.448275862069;50;60.16;48.9090909090909;51.7272727272727;64.6190476190476;64.375;65.8461538461538;36.125;48.8275862068966;68.5555555555556
26.01.06;116.357255538417;45.4;50.5384615384616;79.5;71.3793103448276;50;59.92;48.3181818181818;50.6363636363636;64.2380952380952;64.0625;65.7692307692308;35.5;49;69.1111111111111
27.01.06;117.365598354501;46.2;51;79.4285714285714;71.3103448275862;50;59.68;47.7272727272727;49.5454545454546;63.8571428571429;63.75;65.6923076923077;34.875;48.8571428571429;69.6666666666667
28.01.06;118.376722809462;47;51.4615384615385;79.3571428571429;71.2413793103448;50;59.44;47.1363636363636;48.4545454545455;63.4761904761905;63.4375;65.6153846153846;34.25;48.7142857142857;70.2222222222222
29.01.06;119.390644292756;47.6;51.923076923077;79.2857142857143;71.1724137931034;50;59.2;46.5454545454546;47.3636363636364;63.0952380952381;63.125;65.5384615384615;33.625;48.5714285714286;70.7777777777778
30.01.06;120.407378321909;48.2;52.3846153846154;79.2142857142857;71.1034482758621;49.9285714285714;58.96;45.9545454545455;46.2727272727273;62.7142857142857;62.8125;65.4615384615385;33;48.4285714285714;71.3333333333333
31.01.06;117.365598354501;48.8;52.8461538461539;79.1428571428571;71.0344827586207;49.8571428571429;58.72;45.3636363636364;45.1818181818182;62.3333333333333;62.5;65.3846153846154;33.3333333333333;48.2857142857143;71.8888888888889
01.02.06;114.348853896987;49.4;53.3076923076923;79.0714285714286;70.9655172413793;49.7857142857143;58.48;44.7727272727273;44.0909090909091;61.952380952381;62.1875;65.3076923076923;33.6666666666667;48.1428571428571;72.4444444444444
02.02.06;111.356736199484;50;53.7692307692308;79;70.8965517241379;49.7142857142857;58.24;44.1818181818182;43;61.5714285714286;61.875;65.2307692307692;34;48;73
03.02.06;108.388846441474;50.2857142857143;54.2307692307693;78.9285714285714;70.8275862068966;49.6428571428571;58;43.5909090909091;43.4285714285714;61.1904761904762;61.5625;65.1538461538462;34.3333333333333;48;72.7692307692308
04.02.06;105.44479541278;50.5714285714286;54.6923076923077;78.8571428571429;70.7586206896552;49.5714285714286;57.2;43;43.8571428571429;60.8095238095238;61.25;65.0769230769231;34.6666666666667;48;72.5384615384615
05.02.06;105.44479541278;50.8571428571429;55.1538461538462;78.7857142857143;70.6896551724138;49.5;56.4;42.6666666666667;44.2857142857143;60.4285714285714;60.9375;65;35;48;72.3076923076923
06.02.06;105.44479541278;51.1428571428571;55.6153846153846;78.7142857142857;70.6206896551724;49.4285714285714;55.6;42.3333333333333;44.7142857142857;60.0476190476191;60.625;64.75;35.1428571428571;48;72.0769230769231
07.02.06;105.44479541278;51.4285714285714;56.0769230769231;78.6428571428571;70.551724137931;49.3571428571429;54.8;42;45.1428571428571;59.6666666666667;60.3125;64.5;35.2857142857143;48;71.8461538461538
08.02.06;105.44479541278;51.7142857142857;56.5384615384616;78.5714285714286;70.4827586206897;49.2857142857143;54;41.6666666666667;45.5714285714286;59.2857142857143;60;64.25;35.4285714285714;48;71.6153846153846
09.02.06;105.44479541278;52;57;78.5;70.4137931034483;49.2142857142857;53.2;41.3333333333333;46;58.9047619047619;60.1818181818182;64;35.5714285714286;48;71.3846153846154
10.02.06;105.44479541278;52.2;57.0294117647059;78.4285714285714;70.3448275862069;49.1428571428571;52.4;41;46.4285714285714;58.5238095238095;60.3636363636364;63.75;35.7142857142857;48;71.1538461538462
11.02.06;104.631182686959;52.4;57.0588235294118;78.3571428571429;70.2758620689655;49.0714285714286;51.6;40.6666666666667;46.8571428571429;58.1428571428571;60.5454545454546;63.5;35.8571428571429;48;70.9230769230769
12.02.06;103.819371984153;52.6;57.0882352941176;78.2857142857143;70.2068965517241;49;50.8;40.3333333333333;47.2857142857143;57.7619047619048;60.7272727272727;63.25;36;48;70.6923076923077
13.02.06;103.009355339611;52.8;57.1176470588235;78.2142857142857;70.1379310344828;48.9642857142857;50;40;47.7142857142857;57.3809523809524;60.9090909090909;63;36.8571428571429;48;70.4615384615385
14.02.06;102.201124841269;53;57.1470588235294;78.1428571428571;70.0689655172414;48.9285714285714;49.6666666666667;39.6666666666667;48.1428571428571;57;61.0909090909091;63.2307692307692;37.7142857142857;48;70.2307692307692
15.02.06;101.394672629288;53.8;57.1764705882353;78.0714285714286;70;48.8928571428571;49.3333333333333;39.3333333333333;48.5714285714286;56.7142857142857;61.2727272727273;63.4615384615385;38.5714285714286;48;70
16.02.06;100.589990895596;54.6;57.2058823529412;78;69.8518518518519;48.8571428571429;49;39;49;56.4285714285714;61.4545454545455;63.6923076923077;39.4285714285714;48;70.2222222222222
17.02.06;100.589990895596;55.4;57.2352941176471;77.9285714285714;69.7037037037037;48.8214285714286;48.6666666666667;38.6666666666667;49.875;56.1428571428571;61.6363636363636;63.9230769230769;40.2857142857143;46.6428571428571;70.4444444444444
18.02.06;100.589990895596;56.2;57.2647058823529;77.8571428571429;69.5555555555556;48.7857142857143;48.3333333333333;38.3333333333333;50.75;55.8571428571429;61.8181818181818;64.1538461538462;41.1428571428571;45.2857142857143;70.6666666666667
19.02.06;100.589990895596;57;57.2941176470588;77.7857142857143;69.4074074074074;48.75;48;38;51.625;55.5714285714286;62;64.3846153846154;42;43.9285714285714;70.8888888888889
20.02.06;100.589990895596;57;57.3235294117647;77.7142857142857;69.2592592592593;48.7142857142857;47.6666666666667;38;52.5;55.2857142857143;61.5161290322581;64.6153846153846;41.5;42.5714285714286;71.1111111111111
21.02.06;100.589990895596;57;57.3529411764706;77.6428571428571;69.1111111111111;48.6785714285714;47.3333333333333;38;53.375;55;61.0322580645161;64.8461538461539;41;41.2142857142857;71.3333333333333
22.02.06;100.589990895596;57;57.3823529411765;77.5714285714286;68.962962962963;48.6428571428571;47;38;54.25;55.125;60.5483870967742;65.0769230769231;40.5;39.8571428571428;71.5555555555556
23.02.06;100.589990895596;57;57.4117647058824;77.5;68.8148148148148;48.6071428571429;46.6666666666667;38;55.125;55.25;60.0645161290323;65.3076923076923;40;38.5;71.7777777777778
24.02.06;100.589990895596;57;57.4411764705882;77.4285714285714;68.6666666666667;48.5714285714286;46.3333333333333;38;56;55.375;59.5806451612903;65.5384615384616;39.5;37.1428571428571;72
25.02.06;100.589990895596;56.8571428571429;57.4705882352941;77.3571428571429;68.5185185185185;48.5357142857143;46;38;56.875;55.5;59.0967741935484;65.7692307692308;39;35.7857142857143;71.7857142857143
26.02.06;100.589990895596;56.7142857142857;57.5;77.2857142857143;68.3703703703704;48.5;45.6666666666667;38;57.75;55.625;58.6129032258065;66;38.5;34.4285714285714;71.5714285714286
27.02.06;100.589990895596;56.5714285714286;57.5294117647059;77.2142857142857;68.2222222222222;48.4642857142857;45.3333333333333;38.625;58.625;55.75;58.1290322580645;66.2;38;33.0714285714285;71.3571428571429
28.02.06;100.589990895596;56.4285714285714;57.5588235294118;77.1428571428571;68.0740740740741;48.4285714285714;45;39.25;59.5;55.875;57.6451612903226;66.4;38.1666666666667;31.7142857142857;71.1428571428571
01.03.06;100.589990895596;56.2857142857143;57.5882352941176;77.0714285714286;67.9259259259259;48.3928571428571;44.6666666666667;39.875;60.375;56;57.1612903225807;66.6;38.3333333333333;30.3571428571428;70.9285714285714
02.03.06;100.589990895596;56.1428571428571;57.6176470588235;77;67.7777777777778;48.3571428571429;44.3333333333333;40.5;61.25;57;56.6774193548387;66.8;38.5;29;70.7142857142857
03.03.06;100.589990895596;56;57.6470588235294;76.9285714285714;67.6296296296296;48.3214285714286;44;41.125;62.125;58;56.1935483870968;67;38.6666666666667;27.875;70.5
04.03.06;101.394672629288;56;57.6764705882353;76.8571428571429;67.4814814814815;48.2857142857143;43.6666666666667;41.75;63;59;55.7096774193549;67.2;38.8333333333333;26.75;70.2857142857143
05.03.06;102.201124841269;56;57.7058823529412;76.7857142857143;67.3333333333333;48.25;43.3333333333333;42.375;63;60;55.2258064516129;67.4;39;25.625;70.0714285714286
06.03.06;103.009355339611;56;57.7352941176471;76.7142857142857;67.1851851851852;48.2142857142857;43;43;63;61;54.741935483871;67.6;42;24.5;69.8571428571429
07.03.06;103.819371984153;56;57.7647058823529;76.6428571428571;67.037037037037;48.1785714285714;43.9333333333333;41.8;63;62;54.258064516129;67.8;45;23.375;69.6428571428571
08.03.06;104.631182686958;56;57.7941176470588;76.5714285714286;66.8888888888889;48.1428571428571;44.8666666666667;40.6;63;63;53.7741935483871;68;48;22.25;69.4285714285714
09.03.06;105.44479541278;55.5;57.8235294117647;76.5;66.7407407407408;48.1071428571429;45.8;39.4;63;64;53.2903225806452;68.2;51;21.125;69.2142857142857
10.03.06;105.44479541278;55;57.8529411764706;76.4285714285714;66.5925925925926;48.0714285714286;46.7333333333333;38.2;63;64.3333333333333;52.8064516129032;68.4;54;20;69
11.03.06;105.44479541278;54.5;57.8823529411765;76.3571428571429;66.4444444444444;48.0357142857143;47.6666666666667;37;63;64.6666666666667;52.3225806451613;68.6;57;21.25;69.3333333333333
12.03.06;105.44479541278;54;57.9117647058824;76.2857142857143;66.2962962962963;48;48.6;37.6666666666667;63.0740740740741;65;51.8387096774194;68.8;57.6315789473684;22.5;69.6666666666667
13.03.06;105.44479541278;53.75;57.9411764705882;76.2142857142857;66.1481481481482;48.6666666666667;49.5333333333333;38.3333333333333;63.1481481481481;65.3333333333333;51.3548387096774;69;58.2631578947368;23.75;70
14.03.06;105.44479541278;53.5;57.9705882352941;76.1428571428571;66;49.3333333333333;50.4666666666667;39;63.2222222222222;65.6666666666667;50.8709677419355;69.25;58.8947368421053;25;70.3333333333333
15.03.06;107.077459058743;53.25;58;76.0714285714286;66.0476190476191;50;51.4;39.6666666666667;63.2962962962963;66;50.3870967741936;69.5;59.5263157894737;26.25;70.6666666666667
16.03.06;108.717427711781;53;58.1111111111111;76;66.0952380952381;50.6666666666667;52.3333333333333;40.3333333333333;63.3703703703704;66.3333333333333;49.9032258064516;69.75;60.1578947368421;27.5;71
17.03.06;110.364767035209;52.75;58.2222222222222;75.5714285714286;66.1428571428571;51.3333333333333;53.2666666666667;41;63.4444444444444;66.6666666666667;49.4193548387097;70;60.7894736842105;28.75;71.3333333333333
18.03.06;110.364767035209;52.5;58.3333333333333;75.1428571428571;66.1904761904762;52;54.2;42.8;63.5185185185185;67;48.9354838709678;70.25;61.4210526315789;30;71.6666666666667
19.03.06;110.364767035209;52.25;58.4444444444444;74.7142857142857;66.2380952380952;52.6666666666667;55.1333333333333;44.6;63.5925925925926;67.3333333333333;48.4516129032258;70.5;62.0526315789474;31.25;72
20.03.06;110.364767035209;52;58.5555555555556;74.2857142857143;66.2857142857143;53.3333333333333;56.0666666666667;46.4;63.6666666666667;67.6666666666667;47.9677419354839;70.75;62.6842105263158;32.5;72.3333333333333
21.03.06;110.364767035209;52.25;58.6666666666667;73.8571428571429;66.3333333333333;54;57;48.2;63.7407407407407;68;47.483870967742;71;63.3157894736842;33.75;72.6666666666667
22.03.06;110.364767035209;52.5;58.7777777777778;73.4285714285714;66.3809523809524;54;57.3846153846154;50;63.8148148148148;68.3333333333333;47;70.6666666666667;63.9473684210526;35;73
23.03.06;114.348853896987;52.75;58.8888888888889;73;66.4285714285714;54;57.7692307692308;51.8;63.8888888888889;68.6666666666667;46.6923076923077;70.3333333333333;64.5789473684211;36.25;73
24.03.06;118.376722809462;53;59;72.5714285714286;66.4761904761905;54;58.1538461538462;53.6;63.962962962963;69;46.3846153846154;70;65.2105263157895;37.5;73
25.03.06;122.449346736795;53;59;72.1428571428571;66.5238095238095;54;58.5384615384615;55.4;64.037037037037;69.3333333333333;46.0769230769231;69.6666666666667;65.8421052631579;38.75;73
26.03.06;126.56773144105;53;59;71.7142857142857;66.5714285714286;54;58.9230769230769;57.2;64.1111111111111;69.6666666666667;45.7692307692308;69.3333333333333;66.4736842105263;40;73
27.03.06;130.732916973088;53;59;71.2857142857143;66.6190476190476;54;59.3076923076923;59;64.1851851851852;70;45.4615384615385;69;67.1052631578947;36.6;73
28.03.06;122.961621289058;53;59;70.8571428571429;66.6666666666667;54;59.6923076923077;53.6666666666667;64.2592592592593;70.3333333333333;45.1538461538462;69.625;67.7368421052632;33.2;73
29.03.06;115.351679098419;53;59;70.4285714285714;66.7142857142857;54;60.0769230769231;48.3333333333333;64.3333333333333;70.6666666666667;44.8461538461539;70.25;68.3684210526316;29.8;73
30.03.06;107.896526176078;53;59;70;66.7619047619048;54;60.4615384615385;43;64.4074074074074;71;44.5384615384615;70.875;69;26.4;73
31.03.06;100.589990895596;53.25;59;70.5555555555556;66.8095238095238;54;60.8461538461539;43;64.4814814814815;71.7142857142857;44.2307692307692;71.5;69.1111111111111;23;73
01.04.06;100.589990895596;53.5;59;71.1111111111111;66.8571428571429;54;61.2307692307692;43;64.5555555555556;72.4285714285714;43.9230769230769;72.125;69.2222222222222;26.875;73
02.04.06;100.589990895596;53.75;59;71.6666666666667;66.9047619047619;54;61.6153846153846;44;64.6296296296296;73.1428571428571;43.6153846153846;72.75;69.3333333333333;30.75;73
03.04.06;100.589990895596;54;60;72.2222222222222;66.952380952381;54.75;62;45;64.7037037037037;73.8571428571429;43.3076923076923;73.375;69.4444444444444;34.625;73
04.04.06;105.44479541278;54.25;61;72.7777777777778;67;55.5;62.4285714285714;46;64.7777777777778;74.5714285714286;43;74;69.5555555555556;38.5;73
05.04.06;105.44479541278;54.5;62;73.3333333333333;67.6666666666667;56.25;62.8571428571429;47;64.8518518518519;75.2857142857143;46.2857142857143;74.8333333333333;69.6666666666667;42.375;73
06.04.06;105.44479541278;54.75;63;73.8888888888889;68.3333333333333;57;63.2857142857143;48;64.9259259259259;76;49.5714285714286;75.6666666666667;69.7777777777778;46.25;73
07.04.06;105.44479541278;55;64;74.4444444444444;69;57.75;63.7142857142857;49;65;75.4545454545455;52.8571428571429;76.5;69.8888888888889;50.125;73.5555555555556
08.04.06;115.351679098419;55.5;65;75;69.6666666666667;58.5;64.1428571428571;51;65.4285714285714;74.9090909090909;56.1428571428572;77.3333333333333;70;54;74.1111111111111
09.04.06;117.870811918265;56;66.25;75.4166666666667;70.3333333333333;59.25;64.5714285714286;53;65.8571428571429;74.3636363636364;59.4285714285715;78.1666666666667;69.6666666666667;54.7142857142857;74.6666666666667
10.04.06;120.407378321909;56.5;67.5;75.8333333333333;71;60;65;55;66.2857142857143;73.8181818181818;62.7142857142857;79;69.3333333333333;55.4285714285714;75.2222222222222
11.04.06;120.407378321909;57;68.75;76.25;71.6666666666667;61.4;64.1333333333333;57;66.7142857142857;73.2727272727273;66;78.4285714285714;69;56.1428571428571;75.7777777777778
12.04.06;120.407378321909;57.4;70;76.6666666666667;72.3333333333333;62.8;63.2666666666667;59;67.1428571428571;72.7272727272727;66.1428571428572;77.8571428571429;68.6666666666667;56.8571428571429;76.3333333333333
13.04.06;120.407378321909;57.8;70;77.0833333333333;73;64.2;62.4;61;67.5714285714286;72.1818181818182;66.2857142857143;77.2857142857143;68.3333333333333;57.5714285714286;76.8888888888889
14.04.06;120.407378321909;58.2;70;77.5;74;65.6;61.5333333333333;63;68;71.6363636363636;66.4285714285714;76.7142857142857;68;58.2857142857143;77.4444444444444
15.04.06;120.407378321909;58.6;70;77.9166666666667;75;67;60.6666666666667;65;68.3333333333333;71.0909090909091;66.5714285714286;76.1428571428571;67.6666666666667;59;78
16.04.06;123.8170064672;59;70;78.3333333333333;76;65.5;59.8;67;68.6666666666667;70.5454545454546;66.7142857142857;75.5714285714286;67.3333333333333;59.7142857142857;77.4285714285714
17.04.06;127.258650368503;59.6;69.6;78.75;77;64;58.9333333333333;67;69;70;66.8571428571429;75;67;60.4285714285714;76.8571428571429
18.04.06;130.732916973088;60.2;69.2;79.1666666666667;75.5;64.4;58.0666666666667;67;69.3333333333333;69;67;74.2380952380952;66.6666666666667;61.1428571428571;76.2857142857143
19.04.06;134.240430653071;60.8;68.8;79.5833333333333;74;64.8;57.2;67;69.6666666666667;68;66.2666666666667;73.4761904761905;66.3333333333333;61.8571428571429;75.7142857142857
20.04.06;137.781833878868;61.4;68.4;80;73;65.2;56.3333333333333;67;70;67;65.5333333333333;72.7142857142857;66;62.5714285714286;75.1428571428571
21.04.06;141.357787925492;62;68;79.6666666666667;72;65.6;55.4666666666667;67;68;66;64.8;71.952380952381;65.6666666666667;63.2857142857143;74.5714285714286
22.04.06;141.357787925492;62.5;67.6;79.3333333333333;72;66;54.6;67;66;66.3333333333333;64.0666666666667;71.1904761904762;65.3333333333333;64;74
23.04.06;141.357787925492;63;67.2;79;71;65.25;53.7333333333333;66.5;64;66.6666666666667;63.3333333333333;70.4285714285714;65;63.4210526315789;72.4
24.04.06;141.357787925492;63.5;66.8;78.6666666666667;70.25;63.5;52.8666666666667;66;62;67;62.6;69.6666666666667;64.8333333333333;62.8421052631579;70.8
25.04.06;139.565449965316;64;66.4;78.3333333333333;69.5;61.75;52;65.5;60;67.3333333333333;61.8666666666667;68.9047619047619;64.6666666666667;62.2631578947368;69.2
26.04.06;137.781833878868;64.6666666666667;66;78;68.75;60;51.5384615384615;65;58;67.6666666666667;61.1333333333333;68.1428571428571;64.5;61.6842105263158;67.6
27.04.06;136.006855192297;65.3333333333333;67;77;68;59.6666666666667;51.0769230769231;64.5;58;68;60.4;67.3809523809524;64.3333333333333;61.1052631578947;66
28.04.06;146.787996614978;66;68;76;66.3333333333333;59.3333333333333;50.6153846153846;64;57.375;66.125;59.6666666666667;66.6190476190476;64.1666666666667;60.5263157894737;64.875
29.04.06;157.895888567416;65.5;69;75;64.6666666666667;59;50.1538461538462;63.5;56.75;64.25;58.9333333333333;65.8571428571429;64;59.9473684210526;63.75
30.04.06;169.350957796562;65;70;74;63;57.4285714285714;49.6923076923077;63;56.125;62.375;58.2;65.0952380952381;62.7857142857143;59.3684210526316;62.625
01.05.06;169.350957796562;64.5;69.5;73;61.3333333333333;55.8571428571429;49.2307692307692;60;55.5;60.5;57.4666666666667;64.3333333333333;61.5714285714286;58.7894736842105;61.5
02.05.06;169.350957796562;64;69;72;59.6666666666667;54.2857142857143;48.7692307692308;57;54.875;58.625;56.7333333333333;63.5714285714286;60.3571428571429;58.2105263157895;60.375
03.05.06;169.350957796562;63.5;68.5;71;58;52.7142857142857;48.3076923076923;54;54.25;56.75;56;62.8095238095238;59.1428571428572;57.6315789473684;59.25
04.05.06;169.350957796562;63;68;70;56.3333333333333;51.1428571428572;47.8461538461538;51;53.625;54.875;54.7142857142857;62.047619047619;57.9285714285715;57.0526315789474;58.125
05.05.06;169.350957796562;62.5;67.1;69;54.6666666666666;49.5714285714286;47.3846153846154;48;53;53;53.4285714285714;61.2857142857143;56.7142857142857;56.4736842105263;57
06.05.06;169.350957796562;62;66.2;66.8333333333333;53;48;46.9230769230769;48.6666666666667;52.2;53.3333333333333;52.1428571428571;60.5238095238095;55.5;55.8947368421053;57
07.05.06;170.808344935248;61.5;65.3;64.6666666666667;51.3333333333333;48;46.4615384615385;49.3333333333333;51.4;53.6666666666667;50.8571428571429;59.7619047619048;54.2857142857143;55.3157894736842;57
08.05.06;172.271550002086;61;64.4;62.5;49.6666666666666;48;46;50;50.6;54;49.5714285714286;59;53.0714285714286;54.7368421052632;57
09.05.06;173.74061963396;60.5;63.5;60.3333333333333;48;45.8;46.1282051282051;48.8181818181818;49.8;54.3333333333333;48.2857142857143;55.2857142857143;51.8571428571429;54.1578947368421;57
10.05.06;175.21560103078;60;62.6;58.1666666666667;46.3333333333333;43.6;46.2564102564103;47.6363636363636;49;54.6666666666667;47;51.5714285714286;50.6428571428572;53.5789473684211;57
11.05.06;177.191521624515;59.875;61.7;56;44.6666666666666;41.4;46.3846153846154;46.4545454545455;49.5555555555556;55;46.4615384615384;47.8571428571429;49.4285714285715;53;57
12.05.06;179.178151867258;59.75;60.8;55.6666666666667;43;39.2;46.5128205128205;45.2727272727273;50.1111111111111;55.3333333333333;45.9230769230769;44.1428571428572;48.2142857142858;51;57
13.05.06;181.175608486293;59.625;59.9;55.3333333333333;43.1944444444444;37;46.6410256410256;44.0909090909091;50.6666666666667;55.6666666666667;45.3846153846154;40.4285714285715;47.0000000000001;49;56.1666666666667
14.05.06;177.191521624515;59.5;59;55;43.3888888888889;36.6;46.7692307692308;42.9090909090909;51.2222222222222;56;44.8461538461538;36.7142857142857;48.3333333333334;47;55.3333333333333
15.05.06;173.250275236441;59.375;57.6666666666667;54.6666666666667;43.5833333333333;36.2;46.8974358974359;41.7272727272727;51.7777777777778;56.3333333333333;44.3076923076923;33;49.6666666666667;44.8;54.5
16.05.06;169.350957796562;59.25;56.3333333333333;54.3333333333333;43.7777777777778;35.8;47.025641025641;40.5454545454546;52.3333333333333;56.6666666666667;43.7692307692308;33.5;51;42.6;53.6666666666667
17.05.06;165.492686565464;59.125;55;54;43.9722222222222;35.4;47.1538461538462;39.3636363636364;52.8888888888889;57;43.2307692307692;34;52.3333333333333;40.4;52.8333333333333
18.05.06;161.674606390354;59;53.3333333333333;53.6666666666667;44.1666666666667;35;47.2820512820513;38.1818181818182;53.4444444444445;56.5555555555556;42.6923076923077;34.5;53.6666666666667;38.2;52
19.05.06;157.895888567416;60;51.6666666666667;53.3333333333333;44.3611111111111;34.6;47.4102564102564;37;54;56.1111111111111;42.1538461538461;35;55;36;52.5714285714286
20.05.06;165.492686565464;61.3333333333333;50;53;44.5555555555556;34.2;47.5384615384615;41.5;53;55.6666666666667;41.6153846153846;35.5;55;36.4;53.1428571428571
21.05.06;173.250275236441;62.6666666666667;49;52.6666666666667;44.75;33.8;47.6666666666667;46;52;55.2222222222222;41.0769230769231;36;55;36.8;53.7142857142857
22.05.06;181.175608486293;64;48;52.3333333333333;44.9444444444444;33.4;47.7948717948718;44.7777777777778;51;54.7777777777778;40.5384615384615;36.5;55;37.2;54.2857142857143
23.05.06;178.18349078879;64;47;52;45.1388888888889;33;47.9230769230769;43.5555555555556;50;54.3333333333333;40;37;55;37.6;54.8571428571429
24.05.06;175.21560103078;64;46;51.9090909090909;45.3333333333333;33;48.0512820512821;42.3333333333333;50;53.8888888888889;40.7391304347826;36.9285714285714;55;38;55.4285714285714
25.05.06;172.271550002086;64;45;51.8181818181818;45.5277777777778;33;48.1794871794872;41.1111111111111;50;53.4444444444444;41.4782608695652;36.8571428571429;55;38.4;56
26.05.06;169.350957796562;63;44;51.7272727272727;45.7222222222222;33;48.3076923076923;39.8888888888889;47;53;42.2173913043478;36.7857142857143;55;38.8;54.25
27.05.06;167.416745484902;62;43;51.6363636363636;45.9166666666667;33;48.4358974358974;38.6666666666667;44;53.3333333333333;42.9565217391304;36.7142857142857;55;39.2;52.5
28.05.06;165.492686565464;62.5;44.5;51.5454545454546;46.1111111111111;33.25;48.5641025641026;37.4444444444445;41;53.6666666666667;43.6956521739131;36.6428571428571;54.1428571428571;39.6;50.75
29.05.06;163.578674996871;63;46;51.4545454545455;46.3055555555556;33.5;48.6923076923077;36.2222222222222;38;54;44.4347826086957;36.5714285714286;53.2857142857143;40;49
30.05.06;166.453453517881;62;47.5;51.3636363636364;46.5;33.75;48.8205128205128;35;35;54.3333333333333;45.1739130434783;36.5;52.4285714285714;40.4;47.25
31.05.06;169.350957796562;61;49;51.2727272727273;46.6944444444444;34;48.9487179487179;33.7777777777778;34.3333333333333;54.6666666666667;45.9130434782609;36.4285714285714;51.5714285714286;40.8;45.5
01.06.06;172.271550002086;60;51;51.1818181818182;46.8888888888889;33.8571428571429;49.0769230769231;32.5555555555556;33.6666666666667;55;46.6521739130435;36.3571428571429;50.7142857142857;41.2;43.75
02.06.06;175.21560103078;59;53;51.0909090909091;47.0833333333333;33.7142857142857;49.2051282051282;31.3333333333334;33;55.3333333333333;47.3913043478261;36.2857142857143;49.8571428571429;41.6;42
03.06.06;184.192352943807;58;55;51;47.2777777777778;33.5714285714286;49.3333333333333;30.1111111111111;34.7142857142857;55.6666666666667;48.1304347826087;36.2142857142857;49;42;41.4666666666667
04.06.06;193.394486030356;57;53.3333333333333;50.4285714285714;47.4722222222222;33.4285714285714;49.4615384615385;28.8888888888889;36.4285714285714;56;48.8695652173913;36.1428571428571;48.5714285714286;42;40.9333333333333
05.06.06;203.897565194805;57.5;51.6666666666667;49.8571428571429;47.6666666666667;33.2857142857143;49.5897435897436;27.6666666666667;38.1428571428571;56.3333333333333;49.6086956521739;36.0714285714286;48.1428571428571;42;40.4
06.06.06;214.710514000895;58;50;49.2857142857143;47.8611111111111;33.1428571428571;49.7179487179487;26.4444444444445;39.8571428571428;56.6666666666667;50.3478260869565;36;47.7142857142857;42;39.8666666666667
07.06.06;225.85217373469;58.5;48.3333333333333;48.7142857142857;48.0555555555555;33;49.8461538461538;25.2222222222223;41.5714285714286;57;51.0869565217391;37.1428571428571;47.2857142857143;42;39.3333333333333
08.06.06;209.264167396933;59;46.6666666666667;48.1428571428571;48.25;34.75;49.974358974359;24;43.2857142857143;56.1111111111111;51.8260869565217;38.2857142857143;46.8571428571429;42;38.8
09.06.06;193.394486030356;58.6666666666667;45;47.5714285714286;48.4444444444444;36.5;50.1025641025641;25.5882352941177;45;55.2222222222222;52.5652173913044;39.4285714285714;46.4285714285714;42;38.2666666666667
10.06.06;178.18349078879;58.3333333333333;47;47;48.6388888888889;38.25;50.2307692307692;27.1764705882353;46;54.3333333333333;53.304347826087;40.5714285714286;46;42.125;37.7333333333333
11.06.06;163.578674996871;58;49;47.7142857142857;48.8333333333333;40;50.3589743589744;28.764705882353;47;53.4444444444444;54.0434782608696;41.7142857142857;45.125;42.25;37.2
12.06.06;166.453453517881;56.25;51;48.4285714285714;49.0277777777778;41;50.4871794871795;30.3529411764706;48;52.5555555555556;54.7826086956522;42.8571428571428;44.25;42.375;36.6666666666667
13.06.06;169.350957796562;54.5;53;49.1428571428571;49.2222222222222;42;50.6153846153846;31.9411764705883;49;51.6666666666667;55.5217391304348;44;43.375;42.5;36.1333333333333
14.06.06;171.295431229497;52.75;55;49.8571428571429;49.4166666666667;43;50.7435897435897;33.5294117647059;50;50.7777777777778;56.2608695652174;46.1666666666667;42.5;42.625;35.6
15.06.06;173.250275236441;51;57;50.5714285714286;49.6111111111111;44;50.8717948717949;35.1176470588236;51;49.8888888888889;57;48.3333333333333;41.625;42.75;35.0666666666667
16.06.06;175.21560103078;49;59;51.2857142857143;49.8055555555555;45;51;36.7058823529412;52;49;57.4285714285714;50.5;40.75;42.875;34.5333333333333
17.06.06;196.51392939089;47;59.5714285714286;52;50;46;52.3333333333333;38.2941176470589;53;48.4761904761905;57.8571428571429;52.6666666666667;39.875;43;34
18.06.06;219.126620222164;45;60.1428571428571;51.6666666666667;49.125;47;53.6666666666667;39.8823529411765;51.8571428571429;47.952380952381;58.2857142857143;54.8333333333333;39;44.2857142857143;33.8571428571429
19.06.06;236.177712385868;43;60.7142857142857;51.3333333333333;48.25;48;55;41.4705882352942;50.7142857142857;47.4285714285714;58.7142857142857;57;38.625;45.5714285714286;33.7142857142857
20.06.06;254.060887500522;43.4;61.2857142857143;51;47.375;49;56.25;43.0588235294118;49.5714285714286;46.9047619047619;59.1428571428571;58.5;38.25;46.8571428571429;33.5714285714286
21.06.06;249.206082983337;43.8;61.8571428571429;50.6666666666667;46.5;49;57.5;44.6470588235295;48.4285714285714;46.3809523809524;59.5714285714286;60;37.875;48.1428571428572;33.4285714285714
22.06.06;244.414741782471;44.2;62.4285714285714;50.3333333333333;45.625;47.4285714285714;58.75;46.2352941176471;47.2857142857143;45.8571428571429;60;61.5;37.5;49.4285714285715;33.2857142857143
23.06.06;239.685226065851;44.6;63;50;44.75;45.8571428571429;60;47.8235294117648;46.1428571428572;45.3333333333333;60;63;37.125;50.7142857142857;33.1428571428571
24.06.06;243.226629291648;45;61.6666666666667;47.3636363636364;43.875;44.2857142857143;57.4285714285714;49.4117647058824;45;44.8095238095238;60;64.5;36.75;52;33
25.06.06;246.802583338273;46;60.3333333333333;44.7272727272727;43;42.7142857142857;54.8571428571429;51;45.3333333333333;44.2857142857143;60;66;36.375;53.2857142857143;33
26.06.06;250.413769026437;47;59;42.0909090909091;44.25;41.1428571428572;52.2857142857143;48.8;45.6666666666667;43.7619047619048;60;67.5;36;54.5714285714286;33
27.06.06;254.060887500522;48;57.6666666666667;39.4545454545454;45.5;39.5714285714286;49.7142857142857;46.6;46;43.2380952380952;60.625;69;36.25;55.8571428571429;33
28.06.06;254.060887500522;49;56.3333333333334;36.8181818181818;46.75;38;47.1428571428572;44.4;46.3333333333333;42.7142857142857;61.25;68.7142857142857;36.5;57.1428571428572;33
29.06.06;254.060887500522;50;55;34.1818181818182;48;39.7142857142857;44.5714285714286;42.2;46.6666666666667;42.1904761904762;61.875;68.4285714285714;36.75;58.4285714285715;33
30.06.06;254.060887500522;51;56;31.5454545454545;49.6363636363636;41.4285714285714;42;40;47;41.6666666666667;62.5;68.1428571428571;37;59.7142857142858;33
01.07.06;254.060887500522;52;57;28.9090909090909;51.2727272727273;43.1428571428571;43.1666666666667;42.5;48.3333333333333;41.1428571428571;63.125;67.8571428571429;37.25;61.0000000000001;35.1666666666667
02.07.06;254.060887500522;53;58;26.2727272727272;52.9090909090909;44.8571428571428;44.3333333333333;45;49.6666666666667;40.6190476190476;63.75;67.5714285714286;37.5;61.6666666666667;37.3333333333333
03.07.06;254.060887500522;54;59;23.6363636363636;54.5454545454546;46.5714285714286;45.5;45;51;40.0952380952381;64.375;67.2857142857143;37.75;62.3333333333334;39.5
04.07.06;254.060887500522;55;60;21;56.1818181818182;48.2857142857143;46.6666666666667;45;52.3333333333333;39.5714285714286;65;67;38;63;41.6666666666667
05.07.06;242.042355620086;56;61;21;57.8181818181818;50;47.8333333333334;45;53.6666666666667;39.047619047619;64.7142857142857;67.1428571428571;38.25;63.6666666666667;43.8333333333334
06.07.06;230.405429586177;57;62;21;59.4545454545455;51.05;49;45;55;38.5238095238095;64.4285714285714;67.2857142857143;38.5;64.3333333333333;46
07.07.06;219.126620222164;58;63;22.1333333333333;61.0909090909091;52.1;50.1666666666667;45;58;38;64.1428571428571;67.4285714285714;38.75;65;48.1428571428572
08.07.06;236.177712385868;59;64;23.2666666666667;62.7272727272728;53.15;51.3333333333334;45.4285714285714;61;39.25;63.8571428571429;67.5714285714286;39;65.25;50.2857142857143
09.07.06;254.060887500522;60;65;24.4;64.3636363636364;54.2;52.5;45.8571428571429;60.5;40.5;63.5714285714286;67.7142857142857;38.5555555555556;65.5;52.4285714285714
10.07.06;272.861540897682;61;66;25.5333333333333;66;55.25;53.6666666666667;46.2857142857143;60;41.75;63.2857142857143;67.8571428571429;38.1111111111111;65.75;54.5714285714286
11.07.06;292.678928323996;62;67;26.6666666666667;65.5714285714286;56.3;54.8333333333334;46.7142857142857;59.5;43;63;68;37.6666666666667;66;56.7142857142857
12.07.06;292.678928323996;63;68;27.8;65.1428571428571;57.35;56;47.1428571428571;59;41.8;63.3103448275862;68.2857142857143;37.2222222222222;66.25;58.8571428571429
13.07.06;292.678928323996;64;69;28.9333333333333;64.7142857142857;58.4;57.1666666666667;47.5714285714286;58.5;40.6;63.6206896551724;68.5714285714286;36.7777777777778;66.5;61
14.07.06;292.678928323996;65;70;30.0666666666666;64.2857142857143;59.45;58.3333333333334;48;58;39.4;63.9310344827586;68.8571428571429;36.3333333333333;66.75;60.5384615384615
15.07.06;313.629337927578;66;71;31.2;63.8571428571429;60.5;59.5;48;58;38.2;64.2413793103448;69.1428571428571;35.8888888888889;67;60.0769230769231
16.07.06;335.850224998957;67;72;32.3333333333333;63.4285714285714;61.55;60.6666666666667;48;58;37;64.551724137931;69.4285714285714;35.4444444444445;67.2;59.6153846153846
17.07.06;429.276488531301;68;73;33.4666666666666;63;62.6;61.8333333333334;48;58;35.8;64.8620689655172;69.7142857142857;35;67.4;59.1538461538462
18.07.06;554.976845221121;69;74;34.6;62.6666666666667;63.65;63.0000000000001;48;58;34.6;65.1724137931034;70;35.5;67.6;58.6923076923077
19.07.06;533.409896561351;70;75;35.7333333333333;62.3333333333333;64.7;63.5;48;58;33.4;65.4827586206897;70.3333333333333;36;67.8;58.2307692307692
20.07.06;513.041746623472;71;76;36.8666666666666;62;65.75;64;48;58;32.2;65.7931034482759;70.6666666666667;36.5;68;57.7692307692308
21.07.06;493.746113566373;71;77;38;61.6666666666667;66.8;64.5;48;55;31;66.1034482758621;71;37;69;57.3076923076923
22.07.06;466.583141972045;71;77.2;39.7142857142857;61.3333333333333;67.85;65;48;52;30.4166666666667;66.4137931034483;71.3333333333333;37.5;70;56.8461538461538
23.07.06;441.295020411737;71.5;77.4;41.4285714285714;61;68.9;65.5;46.6923076923077;52.6153846153846;29.8333333333333;66.7241379310345;71.6666666666667;38;71;56.3846153846154
24.07.06;441.295020411737;72;77.6;43.1428571428571;60.6666666666667;69.95;66;45.3846153846154;53.2307692307692;29.25;67.0344827586207;72;38.5;72;55.9230769230769
25.07.06;441.295020411737;73;77.8;44.8571428571428;60.3333333333333;71;66.5;44.0769230769231;53.8461538461539;28.6666666666667;67.3448275862069;72;39;73;55.4615384615385
26.07.06;421.477632985423;73;78;46.5714285714286;60;69.625;67;42.7692307692308;54.4615384615385;28.0833333333333;67.6551724137931;72;39.5;74;55
27.07.06;402.676979588263;74;78.2;48.2857142857143;61.4285714285714;68.25;67.5;41.4615384615385;55.0769230769231;27.5;67.9655172413793;72;40;75;56.4444444444444
28.07.06;384.793804473609;74;78.4;50;62.8571428571429;66.875;68;40.1538461538461;55.6923076923077;26.9166666666667;68.2758620689655;72;40.5;74.4444444444444;57.8888888888889
29.07.06;331.29696914747;74;78.6;52;64.2857142857143;65.5;68.5;38.8461538461538;56.3076923076923;26.3333333333333;68.5862068965517;72;41;73.8888888888889;59.3333333333333
30.07.06;284.622947280039;74.2;78.8;54;65.7142857142857;64.125;69;37.5384615384615;56.9230769230769;25.75;68.8965517241379;72;41;73.3333333333333;60.7777777777778
31.07.06;229.26180187998;74.4;79;56;67.1428571428572;62.75;69.5;36.2307692307692;57.5384615384615;25.1666666666667;69.2068965517241;72;41;72.7777777777778;62.2222222222222
01.08.06;181.175608486293;74.6;79.2;58;68.5714285714286;61.375;70;34.9230769230769;58.1538461538461;24.5833333333333;69.5172413793104;72.4444444444444;41;72.2222222222222;63.6666666666667
02.08.06;195.471162307819;74.8;79.4;60;70;60;70;33.6153846153846;58.7692307692308;24;69.8275862068966;72.8888888888889;41;71.6666666666667;65.1111111111111
03.08.06;210.346981722052;75;79.6;60.3571428571429;70.375;60.9090909090909;70;32.3076923076923;59.3846153846154;24.1666666666667;70.1379310344828;73.3333333333333;41;71.1111111111111;66.5555555555556
04.08.06;225.85217373469;75;79.8;60.7142857142857;70.75;61.8181818181818;70;31;60;24.3333333333333;70.448275862069;73.7777777777778;41;70.5555555555556;68
05.08.06;210;75;80;61.0714285714286;71.125;62.7272727272727;70;32.0833333333333;60.6153846153846;24.5;70.7586206896552;74.2222222222222;41;70;68.5714285714286
06.08.06;206.034786308376;75.5;80.2;61.4285714285714;71.5;63.6363636363636;70;33.1666666666667;61.2307692307692;24.6666666666667;71.0689655172414;74.6666666666667;41;70;69.1428571428572
07.08.06;199.660149416701;76;80.4;61.7857142857143;71.875;64.5454545454546;70;34.25;61.8461538461538;24.8333333333333;71.3793103448276;75.1111111111111;41.1666666666667;70;69.7142857142857
08.08.06;193.394486030356;75.6666666666667;80.6;62.1428571428571;72.25;65.4545454545455;70;35.3333333333333;62.4615384615385;25;71.6896551724138;75.5555555555556;41.3333333333333;70;70.2857142857143
09.08.06;187.234132911216;75.3333333333333;80.8;62.5;72.625;66.3636363636364;69.2;36.4166666666667;63.0769230769231;28;72;76;41.5;70;70.8571428571429
10.08.06;181.175608486293;75;81;62.8571428571429;73;67.2727272727273;68.4;37.5;63.6923076923077;31;72;75.1;41.6666666666667;70;71.4285714285714
11.08.06;175.21560103078;76;80.6666666666667;63.2142857142857;71.8181818181818;68.1818181818182;67.6;38.5833333333333;64.3076923076923;31.625;72;74.2;41.8333333333333;70.7142857142857;72
12.08.06;183;77;80.3333333333333;63.5714285714286;70.6363636363636;69.0909090909091;66.8;39.6666666666666;64.9230769230769;32.25;72;73.3;42;71.4285714285714;71.3333333333333
13.08.06;187.234132911216;78;80;63.9285714285714;69.4545454545455;70;66;40.75;65.5384615384615;32.875;72;72.4;43.6;72.1428571428571;70.6666666666667
14.08.06;181.175608486293;79;79.6666666666667;64.2857142857143;68.2727272727273;69;68;41.8333333333333;66.1538461538462;33.5;72;71.5;45.2;72.8571428571429;70
15.08.06;175.21560103078;79.8;79.3333333333333;64.6428571428571;67.0909090909091;68;70;42.9166666666666;66.7692307692308;34.125;72;70.6;46.8;73.5714285714286;69.3333333333333
16.08.06;169.350957796562;80.6;79;65;65.9090909090909;67;70;44;67.3846153846154;34.75;72;69.7;48.4;74.2857142857143;68.6666666666667
17.08.06;163.578674996871;81.4;78.5;65.1875;64.7272727272727;67.2105263157895;70;45.0833333333333;68;35.375;72;68.8;50;75;68
18.08.06;157.895888567416;82.2;78;65.375;63.5454545454546;67.421052631579;70;46.1666666666666;68.4285714285714;36;72;67.9;50;74.8;69.2857142857143
19.08.06;166.453453517881;83;77.8333333333333;65.5625;62.3636363636364;67.6315789473684;70.5714285714286;47.25;68.8571428571429;37.4;72;67;50;74.6;70.5714285714286
20.08.06;175.21560103078;82;77.6666666666667;65.75;61.1818181818182;67.8421052631579;71.1428571428571;48.3333333333333;69.2857142857143;38.8;72;62.3333333333333;50;74.4;71.8571428571429
21.08.06;181.175608486293;81;77.5;65.9375;60;68.0526315789474;71.7142857142857;49.4166666666666;69.7142857142857;40.2;72;57.6666666666667;50;74.2;73.1428571428572
22.08.06;187.234132911216;80;77.3333333333333;66.125;57.3333333333333;68.2631578947369;72.2857142857143;50.4999999999999;70.1428571428571;41.6;72;53;50;74;74.4285714285714
23.08.06;191.329509399621;79;77.1666666666667;66.3125;54.6666666666667;68.4736842105263;72.8571428571429;51.5833333333333;70.5714285714286;43;72;52.375;50;73.8;75.7142857142857
24.08.06;195.471162307819;78;77;66.5;52;68.6842105263158;73.4285714285714;52.6666666666666;71;44.1428571428571;72.375;51.75;50;73.6;77
25.08.06;199.660149416701;76;76.8333333333333;66.6875;52;68.8947368421053;74;53.7499999999999;70;45.2857142857143;72.75;51.125;50;73.4;77.3333333333334
26.08.06;203.897565194805;75.6666666666667;76.6666666666667;66.875;52;69.1052631578947;73.72;54.8333333333333;69;46.4285714285714;73.125;50.5;50;73.2;77.6666666666667
27.08.06;208.184542514798;75.3333333333333;76.5;67.0625;52;69.3157894736842;73.44;55.9166666666666;68;47.5714285714286;73.5;49.875;50.0714285714286;73;78
28.08.06;212.522254471523;75;76.3333333333333;67.25;52;69.5263157894737;73.16;56.9999999999999;67;48.7142857142857;73.875;49.25;50.1428571428571;72.8;78.3333333333333
29.08.06;211.433004390599;74.3333333333333;76.1666666666667;67.4375;52;69.7368421052632;72.88;56.7999999999999;66;49.8571428571428;74.25;48.625;50.2142857142857;72.6;78.6666666666667
30.08.06;210.346981722052;73.6666666666667;76;67.625;52;69.9473684210526;72.6;56.5999999999999;65;51;74.625;48;50.2857142857143;72.4;79
31.08.06;209.264167396933;73;75;67.8125;52;70.1578947368421;72.32;56.3999999999999;64.6923076923077;50.5;75;48.1666666666667;50.3571428571429;72.2;76.625
01.09.06;208.184542514798;73;74;68;52;70.3684210526316;72.04;56.2;64.3846153846154;50;74.4545454545455;48.3333333333333;50.4285714285714;72;74.25
02.09.06;207.108088341728;73;73;68;52;70.5789473684211;71.76;56;64.0769230769231;49.8;73.9090909090909;48.5;50.5;70.8571428571429;71.875
03.09.06;206.034786308376;73;72;68;52;70.7894736842105;71.48;55.8;63.7692307692308;49.6;73.3636363636364;48.6666666666667;50.5714285714286;69.7142857142857;69.5
04.09.06;202.833609781603;73;71;68;52;71;71.2;55.6;63.4615384615385;49.4;72.8181818181818;48.8333333333333;50.6428571428571;68.5714285714286;67.125
05.09.06;199.660149416701;73;70;68;52;68.25;70.92;55.4;63.1538461538462;49.2;72.2727272727273;49;50.7142857142857;67.4285714285714;64.75
06.09.06;199.660149416701;73;69.4;68;52;65.5;70.64;55.2;62.8461538461539;49;71.7272727272727;49.1851851851852;50.7857142857143;66.2857142857143;62.375
07.09.06;199.660149416701;73;68.8;68;52;62.75;70.36;55;62.5384615384615;48.8;71.1818181818182;49.3703703703704;50.8571428571429;65.1428571428572;60
08.09.06;199.660149416701;73;68.2;68;52;60;70.08;56.25;62.2307692307692;48.6;70.6363636363636;49.5555555555556;50.9285714285714;64;60.2222222222222
09.09.06;187.234132911216;73;67.6;68;52;57.25;69.8;57.5;61.9230769230769;48.4;70.0909090909091;49.7407407407407;51;64;60.4444444444444
10.09.06;175.21560103078;73;67;68;52;54.5;69.52;58.75;61.6153846153846;48.2;69.5454545454546;49.9259259259259;51.4090909090909;64;60.6666666666667
11.09.06;169.350957796562;73;67.4545454545455;68;52;51.75;69.24;60;61.3076923076923;48;69;50.1111111111111;51.8181818181818;64;60.8888888888889
12.09.06;163.578674996871;74;67.9090909090909;68;52;49;68.96;59.4166666666667;61;48.125;69.2857142857143;50.2962962962963;52.2272727272727;64;61.1111111111111
13.09.06;157.895888567416;75;68.3636363636364;68;52;48.7142857142857;68.68;58.8333333333333;60.6923076923077;48.25;69.5714285714286;50.4814814814815;52.6363636363636;64;61.3333333333333
14.09.06;152.299865632858;76;68.8181818181818;68;52;48.4285714285714;68.4;58.25;60.3846153846154;48.375;69.8571428571429;50.6666666666667;53.0454545454546;64;61.5555555555556
15.09.06;146.787996614978;75;69.2727272727273;68.0952380952381;51.1538461538462;48.1428571428571;68.12;57.6666666666667;60.0769230769231;48.5;70.1428571428571;50.8518518518519;53.4545454545455;64;61.7777777777778
16.09.06;160.726268519844;74;69.7272727272727;68.1904761904762;50.3076923076923;47.8571428571429;67.84;57.0833333333333;59.7692307692308;48.625;70.4285714285714;51.037037037037;53.8636363636364;64;62
17.09.06;175.21560103078;73;70.1818181818182;68.2857142857143;49.4615384615385;47.5714285714286;67.56;56.5;59.4615384615385;48.75;70.7142857142857;51.2222222222222;54.2727272727273;64;62.2222222222222
18.09.06;181.175608486293;72;70.6363636363636;68.3809523809524;48.6153846153846;47.2857142857143;67.28;55.9166666666667;59.1538461538461;48.875;71;51.4074074074074;54.6818181818182;64;62.4444444444444
19.09.06;187.234132911216;71;71.0909090909091;68.4761904761905;47.7692307692308;47;67;55.3333333333333;58.8461538461538;49;70.6666666666667;51.5925925925926;55.0909090909091;64;62.6666666666667
20.09.06;181.175608486293;70;71.5454545454546;68.5714285714286;46.9230769230769;47.3846153846154;66.8823529411765;54.75;58.5384615384615;49.125;70.3333333333333;51.7777777777778;55.5;64;62.8888888888889
21.09.06;175.21560103078;69;72;68.6666666666667;46.0769230769231;47.7692307692308;66.7647058823529;54.1666666666667;58.2307692307692;49.25;70;51.962962962963;55.9090909090909;64;63.1111111111111
22.09.06;169.350957796562;69.6666666666667;70.9;68.7619047619048;45.2307692307692;48.1538461538462;66.6470588235294;53.5833333333333;57.9230769230769;49.375;69.6666666666667;52.1481481481481;56.3181818181818;64;63.3333333333333
23.09.06;170.808344935248;70.3333333333333;69.8;68.8571428571429;44.3846153846154;48.5384615384615;66.5294117647059;53;57.6153846153846;49.5;69.3333333333333;52.3333333333333;56.7272727272727;64;63.5555555555556
24.09.06;172.271550002086;71;68.7;68.952380952381;43.5384615384615;48.9230769230769;66.4117647058824;52.4166666666667;57.3076923076923;49.625;69;52.5185185185185;57.1363636363636;64;63.7777777777778
25.09.06;173.74061963396;71.25;67.6;69.0476190476191;42.6923076923077;49.3076923076923;66.2941176470588;51.8333333333333;57;49.75;68.6666666666667;52.7037037037037;57.5454545454546;64;64
26.09.06;175.21560103078;71.5;66.5;69.1428571428571;41.8461538461539;49.6923076923077;66.1764705882353;51.25;56.6666666666667;49.875;68.3333333333333;52.8888888888889;57.9545454545455;64;64.2222222222222
27.09.06;170.516403555831;71.75;65.4;69.2380952380952;41;50.0769230769231;66.0588235294118;50.6666666666667;56.3333333333333;50;68;53.0740740740741;58.3636363636364;64;64.4444444444444
28.09.06;165.876691191977;72;64.3;69.3333333333333;41.7333333333333;50.4615384615385;65.9411764705882;50.0833333333333;56;51.5714285714286;67.85;53.2592592592593;58.7727272727273;64;64.6666666666667
29.09.06;161.294976752605;72;63.2;69.4285714285714;42.4666666666667;50.8461538461539;65.8235294117647;49.5;55.6666666666667;53.1428571428571;67.7;53.4444444444444;59.1818181818182;64;64.8888888888889
30.09.06;156.76982813494;72;62.1;69.5238095238095;43.2;51.2307692307692;65.7058823529412;48.9166666666667;55.3333333333333;54.7142857142857;67.55;53.6296296296296;59.5909090909091;64;65.1111111111111
01.10.06;152.299865632858;72;61;69.6190476190476;43.9333333333333;51.6153846153846;65.5882352941177;48.3333333333333;55;56.2857142857143;67.4;53.8148148148148;60;63.5714285714286;65.3333333333333
02.10.06;155.087197563335;72;61.3636363636364;69.7142857142857;44.6666666666667;52;65.4705882352941;47.75;54.6666666666667;57.8571428571429;67.25;54;60.1428571428571;63.1428571428571;65.5555555555555
03.10.06;157.895888567416;71.8214285714286;61.7272727272727;69.8095238095238;45.4;52.4444444444444;65.3529411764706;47.1666666666667;54.3333333333333;59.4285714285714;67.1;54.75;60.2857142857143;62.7142857142857;65.7777777777778
04.10.06;159.308346509861;71.6428571428571;62.0909090909091;69.9047619047619;46.1333333333333;52.8888888888889;65.2352941176471;46.5833333333333;54;61;66.95;55.5;60.4285714285714;62.2857142857143;66
05.10.06;160.726268519844;71.4642857142857;62.4545454545455;70;46.8666666666667;53.3333333333333;65.1176470588235;46;54;60.85;66.8;56.25;60.5714285714286;61.8571428571429;65.9047619047619
06.10.06;162.149697036884;71.2857142857143;62.8181818181818;69.0666666666667;47.6;53.7777777777778;65;47.2666666666667;54;60.7;66.65;57;60.7142857142857;61.4285714285714;65.8095238095238
07.10.06;163.578674996871;71.1071428571429;63.1818181818182;68.1333333333333;48.3333333333333;54.2222222222222;68;48.5333333333333;54;60.55;66.5;57.75;60.8571428571429;61;65.7142857142857
08.10.06;161.674606390354;70.9285714285714;63.5454545454546;67.2;49.0666666666667;54.6666666666667;71;49.8;54;60.4;66.35;58.5;61;60.6;65.6190476190476
09.10.06;159.78037797559;70.75;63.9090909090909;66.2666666666667;49.8;55.1111111111111;70.5789473684211;51.0666666666667;54;60.25;66.2;59.25;60.4615384615385;60.2;65.5238095238095
10.10.06;157.895888567416;70.5714285714286;64.2727272727273;65.3333333333333;50.5333333333333;55.5555555555556;70.1578947368421;52.3333333333334;54;60.1;66.05;60;59.9230769230769;59.8;65.4285714285714
11.10.06;148.616092087742;70.3928571428571;64.6363636363636;64.4;51.2666666666667;56;69.7368421052632;53.6;54;59.95;65.9;59.7142857142857;59.3846153846154;59.4;65.3333333333333
12.10.06;139.565449965316;70.2142857142857;65;63.4666666666667;52;56;69.3157894736842;54.8666666666667;54;59.8;65.75;59.4285714285714;58.8461538461539;59;65.2380952380952
13.10.06;130.732916973088;70.0357142857143;64.5;62.5333333333333;52.15;56;68.8947368421053;56.1333333333334;54;59.65;65.6;59.1428571428571;58.3076923076923;58.6;65.1428571428571
14.10.06;122.10822769637;69.8571428571429;64;61.6;52.3;56;68.4736842105263;57.4;53.6666666666667;59.5;65.45;58.8571428571429;57.7692307692308;58.2;65.0476190476191
15.10.06;113.681824809384;69.6785714285714;63.5;60.6666666666667;52.45;56;68.0526315789474;58.6666666666667;53.3333333333333;59.35;65.3;58.5714285714286;57.2307692307692;57.8;64.952380952381
16.10.06;105.44479541278;69.5;63;59.7333333333333;52.6;56;67.6315789473684;59.9333333333334;53;59.2;65.15;58.2857142857143;56.6923076923077;57.4;64.8571428571429
17.10.06;108.388846441474;69.3214285714286;62.5;58.8;52.75;56;67.2105263157895;61.2;52.6666666666667;59.05;65;58;56.1538461538462;57;64.7619047619048
18.10.06;111.356736199484;69.1428571428571;62;57.8666666666667;52.9;56;66.7894736842105;62.4666666666667;52.3333333333333;58.9;65;58.2857142857143;55.6153846153846;56.6;64.6666666666667
19.10.06;114.348853896987;68.9642857142857;61.5;56.9333333333333;53.05;56;66.3684210526316;63.7333333333334;52;58.75;65;58.5714285714286;55.0769230769231;56.2;64.5714285714286
20.10.06;117.365598354501;68.7857142857143;61;56;53.2;56;65.9473684210526;65.0000000000001;52;58.6;65;58.8571428571429;54.5384615384616;55.8;64.4761904761905
21.10.06;120.407378321909;68.6071428571429;60.5;56.5555555555556;53.35;56;65.5263157894737;65.5555555555556;52;58.45;65;59.1428571428571;54;55.4;64.3809523809524
22.10.06;117.029175767798;68.4285714285714;60;57.1111111111111;53.5;56;65.1052631578947;66.1111111111112;52;58.3;65;59.4285714285714;55.1428571428571;55;64.2857142857143
23.10.06;113.681824809384;68.25;59.7272727272727;57.6666666666667;53.65;56;64.6842105263158;66.6666666666667;52;58.15;65;59.7142857142857;56.2857142857143;54.6;64.1904761904762
24.10.06;110.364767035209;68.0714285714286;59.4545454545455;58.2222222222222;53.8;56.375;64.2631578947369;67.2222222222223;52;58;65;60;57.4285714285714;54.2;64.0952380952381
25.10.06;107.077459058743;67.8928571428571;59.1818181818182;58.7777777777778;53.95;56.75;63.8421052631579;67.7777777777778;52;58.625;65;60.5714285714286;58.5714285714286;53.8;64
26.10.06;103.819371984153;67.7142857142857;58.9090909090909;59.3333333333333;54.1;57.125;63.421052631579;68.3333333333334;52;59.25;64.1428571428571;61.1428571428571;59.7142857142857;53.4;63.4285714285714
27.10.06;100.589990895596;67.5357142857143;58.6363636363636;59.8888888888889;54.25;57.5;63;68.8888888888889;53;59.875;63.2857142857143;61.7142857142857;60.8571428571429;53;62.8571428571429
28.10.06;102.201124841269;67.3571428571429;58.3636363636364;60.4444444444445;54.4;57.875;63.3529411764706;69.4444444444444;54;60.5;62.4285714285714;62.2857142857143;62;52.6428571428571;62.2857142857143
29.10.06;103.819371984153;67.1785714285714;58.0909090909091;61;54.55;58.25;63.7058823529412;70;55;61.125;61.5714285714286;62.8571428571429;62;52.2857142857143;61.7142857142857
30.10.06;105.44479541278;67;57.8181818181818;61.5555555555556;54.7;58.625;64.0588235294118;69.5714285714286;56;61.75;60.7142857142857;63.4285714285714;62;51.9285714285714;61.1428571428571
31.10.06;105.44479541278;69;57.5454545454546;62.1111111111111;54.85;59;64.4117647058824;69.1428571428571;57;62.375;59.8571428571429;64;62;51.5714285714286;60.5714285714286
01.11.06;105.44479541278;71;57.2727272727273;62.6666666666667;55;58.4285714285714;64.7647058823529;68.7142857142857;58;63;59;64.4285714285714;62;51.2142857142857;60
02.11.06;106.423520647135;73;57;63.2222222222222;55.0909090909091;57.8571428571429;65.1176470588235;68.2857142857143;59;62.8571428571429;61;64.8571428571429;62;50.8571428571429;60.3333333333333
03.11.06;107.404866300237;73.4285714285714;58.8461538461539;63.7777777777778;55.1818181818182;57.2857142857143;65.4705882352941;67.8571428571429;60;62.7142857142857;63;65.2857142857143;62;50.5;60.6666666666667
04.11.06;108.388846441474;73.8571428571429;60.6923076923077;64.3333333333333;55.2727272727273;56.7142857142857;65.8235294117647;67.4285714285714;61;62.5714285714286;65;65.7142857142857;62;50.1428571428571;61
05.11.06;109.375475253849;74.2857142857143;62.5384615384616;64.8888888888889;55.3636363636364;56.1428571428571;66.1764705882353;67;62;62.4285714285714;67;66.1428571428571;62;49.7857142857143;61.3333333333333
06.11.06;110.364767035209;74.7142857142857;64.3846153846154;65.4444444444445;55.4545454545455;55.5714285714286;66.5294117647059;67.4285714285714;63;62.2857142857143;69;66.5714285714286;62;49.4285714285714;61.6666666666667
07.11.06;111.605148531921;75.1428571428571;66.2307692307693;66;55.5454545454546;55;66.8823529411765;67.8571428571429;64;62.1428571428571;71;67;62;49.0714285714286;62
08.11.06;112.849741858434;75.5714285714286;68.0769230769231;66.5;55.6363636363636;55.4285714285714;67.2352941176471;68.2857142857143;65;62;70.8260869565217;66.6;62;48.7142857142857;61.4285714285714
09.11.06;114.098575715545;76;69.923076923077;67;55.7272727272727;55.8571428571429;67.5882352941176;68.7142857142857;66;62.2857142857143;70.6521739130435;66.2;62;48.3571428571429;60.8571428571429
10.11.06;115.351679098419;76.4;71.7692307692308;67.5;55.8181818181818;56.2857142857143;67.9411764705882;69.1428571428571;65.2857142857143;62.5714285714286;70.4782608695652;65.8;62;48;60.2857142857143
11.11.06;118.714385092652;76.8;73.6153846153846;68;55.9090909090909;56.7142857142857;68.2941176470588;69.5714285714286;64.5714285714286;62.8571428571429;70.304347826087;65.4;62;52.8333333333333;59.7142857142857
12.11.06;122.10822769637;77.2;75.4615384615385;68.5;56;57.1428571428571;68.6470588235294;70;63.8571428571429;63.1428571428571;70.1304347826087;65;62.375;57.6666666666667;59.1428571428571
13.11.06;125.533788914865;77.6;77.3076923076924;69;56.2857142857143;57.5714285714286;69;70;63.1428571428571;63.4285714285714;69.9565217391304;65.2857142857143;62.75;62.5;58.5714285714286
14.11.06;119.136900854114;78;79.1538461538462;69.5;56.5714285714286;58;69;70;62.4285714285714;63.7142857142857;69.7826086956522;65.5714285714286;63.125;67.3333333333333;58
15.11.06;112.849741858434;78.4;81.0000000000001;70;56.8571428571429;58;69;70;61.7142857142857;64;69.6086956521739;65.8571428571429;63.5;72.1666666666667;58.25
16.11.06;106.668610848498;78.8;81;70.5;57.1428571428571;58;69;70;61;64;69.4347826086957;66.1428571428571;63.875;77;58.5
17.11.06;100.589990895596;79.2;81;71;57.4285714285714;58;69;70;62;64;69.2608695652174;66.4285714285714;64.25;76.5714285714286;58.75
18.11.06;101.797676938696;79.6;81;71.5;57.7142857142857;58;69;70;63;64;69.0869565217391;66.7142857142857;64.625;76.1428571428571;59
19.11.06;103.009355339611;80;81;72;58;58;69;70;64;64;68.9130434782609;67;65;75.7142857142857;59.25
20.11.06;104.225052581716;79.9090909090909;81;72.5;58;58;68.2727272727273;70;65;64;68.7391304347826;66.625;64.8571428571429;75.2857142857143;59.5
21.11.06;105.44479541278;79.8181818181818;81;73;58;58.4285714285714;67.5454545454546;70;66;64;68.5652173913043;66.25;64.7142857142857;74.8571428571429;59.75
22.11.06;110.364767035209;79.7272727272727;81;73.5;58;58.8571428571429;66.8181818181818;70;67;64;68.3913043478261;65.875;64.5714285714286;74.4285714285714;60
23.11.06;110.860416039042;79.6363636363636;80.875;74;58;59.2857142857143;66.0909090909091;70;68;62.875;68.2173913043478;65.5;64.4285714285714;74;60.25
24.11.06;111.356736199484;79.5454545454546;80.75;74.5;58;59.7142857142857;65.3636363636364;70;68;61.75;68.0434782608696;65.125;64.2857142857143;73.1428571428571;60.5
25.11.06;111.853729336621;79.4545454545455;80.625;75;58;60.1428571428571;64.6363636363636;70;68;60.625;67.8695652173913;64.75;64.1428571428571;72.2857142857143;60.75
26.11.06;112.351397277952;79.3636363636364;80.5;75;58;60.5714285714286;63.9090909090909;70;68;59.5;67.6956521739131;64.375;64;71.4285714285714;61
27.11.06;112.849741858434;79.2727272727273;80.375;75;58;61;63.1818181818182;70;68;58.375;67.5217391304348;64;61.75;70.5714285714286;61.25
28.11.06;113.348764920514;79.1818181818182;80.25;75;58;61;62.4545454545455;70;68;57.25;67.3478260869565;62.6666666666667;59.5;69.7142857142857;61.5
29.11.06;113.848468314178;79.0909090909091;80.125;75;58;61;61.7272727272727;70;68;56.125;67.1739130434783;61.3333333333333;57.25;68.8571428571429;61.75
30.11.06;114.348853896987;79;80;75;58;61;61;70;68;55;67;60;55;68;62
