01.12.05;38.2857142857143;;;30;29;68;53;14;32;16;77;7;9;5.5;19
02.12.05;38.8571428571429;;;30;30;65.25;52.75;13.6666666666667;32.5714285714286;15;71.6666666666667;7.25;8.75;6;23.8
03.12.05;39.4285714285714;59;52;30;31;62.5;52.5;13.3333333333333;33.1428571428571;15.5454545454545;66.3333333333333;7.5;8.5;7;28.6
04.12.05;40;61;54;30;32;59.75;52.25;13;33.7142857142857;16.0909090909091;61;7.75;8.25;8;33.4
05.12.05;39.8333333333333;63;56;30;33;57;52;12.5;34.2857142857143;16.6363636363636;55.6666666666667;8;8;9;38.2
06.12.05;39.6666666666667;65;58;30;34.4705882352941;57;51;12;34.8571428571429;17.1818181818182;50.3333333333334;8.25;12.1428571428571;10;43
07.12.05;39.5;67;60;30;35.9411764705882;57;50;11.5;35.4285714285714;17.7272727272727;45;8.5;16.2857142857143;11;41.3333333333333
08.12.05;39.3333333333333;69;50;30.421052631579;37.4117647058824;57;49;11;36;18.2727272727273;46.1428571428572;8.75;20.4285714285714;12;39.6666666666667
09.12.05;39.1666666666667;71;40;30.8421052631579;38.8823529411765;57;48;10.5;36.5714285714286;18.8181818181818;47.2857142857143;9;24.5714285714286;13;38
10.12.05;39;71.1666666666667;37.4;31.2631578947368;40.3529411764706;57;47;10;37.1428571428571;19.3636363636364;48.4285714285714;9.25;28.7142857142857;14.1666666666667;35.6
11.12.05;39.1428571428571;71.3333333333333;34.8;31.6842105263158;41.8235294117647;57;46;10;37.7142857142857;19.9090909090909;49.5714285714286;9.5;32.8571428571428;15.3333333333333;33.2
12.12.05;39.2857142857143;71.5;32.2;32.1052631578947;43.2941176470588;57;45;10;38.2857142857143;20.4545454545455;50.7142857142857;9.75;37;16.5;30.8
13.12.05;39.4285714285714;71.6666666666667;29.6;32.5263157894737;44.764705882353;57;45;10;38.8571428571429;21;51.8571428571429;10;34.1666666666667;17.6666666666667;28.4
14.12.05;39.5714285714286;71.8333333333333;27;32.9473684210526;46.2352941176471;55.75;45;10;39.4285714285714;21.375;53;10.7857142857143;31.3333333333333;18.8333333333334;26
15.12.05;39.7142857142857;72;26.4285714285714;33.3684210526316;47.7058823529412;54.5;45;10;40;21.75;58.875;11.5714285714286;28.5;20;26.4285714285714
16.12.05;39.8571428571429;68;25.8571428571429;33.7894736842105;49.1764705882353;53.25;45;10;39.875;22.125;64.75;12.3571428571429;25.6666666666667;18.6153846153846;26.8571428571428
17.12.05;40;64;25.2857142857143;34.2105263157895;50.6470588235294;52;45;10;39.75;22.5;70.625;13.1428571428571;22.8333333333333;17.2307692307692;27.2857142857143
18.12.05;40.7142857142857;60;24.7142857142857;34.6315789473684;52.1176470588236;50.75;45;12.375;39.625;22.875;76.5;13.9285714285714;20;15.8461538461539;27.7142857142857
19.12.05;41.4285714285714;56;24.1428571428571;35.0526315789474;53.5882352941177;49.5;45;14.75;39.5;23.25;82.375;14.7142857142857;23;14.4615384615385;28.1428571428571
20.12.05;42.1428571428571;53;23.5714285714286;35.4736842105263;55.0588235294118;48.25;45;17.125;39.375;23.625;88.25;15.5;26;13.0769230769231;28.5714285714286
21.12.05;42.8571428571429;50;23;35.8947368421053;56.5294117647059;47;45;19.5;39.25;24;94.125;16.2857142857143;29;11.6923076923077;29
22.12.05;43.5714285714286;47;22.25;36.3157894736842;58;45.75;45;21.875;39.125;24.5238095238095;100;17.0714285714286;32;10.3076923076923;29.1428571428571
23.12.05;44.2857142857143;44;21.5;36.7368421052632;58.1538461538462;44.5;45;24.25;39;25.047619047619;96.2;17.8571428571429;35;8.9230769230769;29.2857142857143
24.12.05;45;41;20.75;37.1578947368421;58.3076923076923;43.25;45;26.625;39.0476190476191;25.5714285714286;92.4;18.6428571428571;38;7.53846153846151;29.4285714285714
25.12.05;44.2;38;20;37.5789473684211;58.4615384615385;42;45;29;39.0952380952381;26.0952380952381;88.6;19.4285714285714;37.75;6.15384615384612;29.5714285714286
26.12.05;43.4;35.4;21.6666666666667;38;58.6153846153846;40.75;45;29;39.1428571428571;26.6190476190476;84.8;20.2142857142857;37.5;4.76923076923073;29.7142857142857
27.12.05;42.6;32.8;23.3333333333333;39.3125;58.7692307692308;39.5;45;29;39.1904761904762;27.1428571428571;81;21;37.25;3.38461538461534;29.8571428571429
28.12.05;41.8;30.2;25;40.625;58.9230769230769;38.25;45;29;39.2380952380952;27.6666666666667;79.3809523809524;21.2857142857143;37;1.99999999999995;30
29.12.05;41;27.6;25.2941176470588;41.9375;59.0769230769231;37;45;29;39.2857142857143;28.1904761904762;77.7619047619048;21.5714285714286;36.75;2.47058823529407;30.25
30.12.05;41.6153846153846;25;25.5882352941177;43.25;59.2307692307692;37.6153846153846;45;29;39.3333333333333;28.7142857142857;76.1428571428571;21.8571428571429;36.5;2.94117647058819;30.5
31.12.05;42.2307692307692;25.0833333333333;25.8823529411765;44.5625;59.3846153846154;38.2307692307692;45;30.1428571428571;39.3809523809524;29.2380952380952;74.5238095238095;22.1428571428571;36.25;3.41176470588231;30.75
01.01.06;42.8461538461539;25.1666666666667;26.1764705882353;45.875;59.5384615384615;38.8461538461539;45;31.2857142857143;39.4285714285714;29.7619047619048;72.9047619047619;22.4285714285714;36;3.88235294117643;31
02.01.06;43.4615384615385;25.25;26.4705882352941;47.1875;59.6923076923077;39.4615384615385;45;32.4285714285714;39.4761904761905;30.2857142857143;71.2857142857143;22.7142857142857;35.75;4.35294117647055;31.25
03.01.06;44.0769230769231;25.3333333333333;26.7647058823529;48.5;59.8461538461539;40.0769230769231;45;33.5714285714286;39.5238095238095;30.8095238095238;69.6666666666667;23;35.5;4.82352941176467;31.5
04.01.06;44.6923076923077;25.4166666666667;27.0588235294118;49.8125;60;40.6923076923077;45;34.7142857142857;39.5714285714286;31.3333333333333;68.047619047619;23.2857142857143;35.25;5.29411764705879;31.75
05.01.06;45.3076923076923;25.5;27.3529411764706;51.125;60.1538461538462;41.3076923076923;45;35.8571428571428;39.6190476190476;31.8571428571429;66.4285714285714;23.5714285714286;35;5.76470588235291;32
06.01.06;45.9230769230769;25.5833333333333;27.6470588235294;52.4375;60.3076923076923;41.9230769230769;45;37;39.6666666666667;32.3809523809524;64.8095238095238;23.8571428571429;34.75;6.23529411764703;32.25
07.01.06;46.5384615384615;25.6666666666667;27.9411764705882;53.75;60.4615384615385;42.5384615384615;45;38.1428571428571;39.7142857142857;32.9047619047619;63.1904761904762;24.1428571428571;34.5;6.70588235294115;32.5
08.01.06;47.1538461538462;25.75;28.2352941176471;55.0625;60.6153846153846;43.1538461538461;45;39.2857142857143;39.7619047619048;33.4285714285714;61.5714285714286;24.4285714285714;34.25;7.17647058823527;32.75
09.01.06;47.7692307692308;25.8333333333333;28.5294117647059;56.375;60.7692307692308;43.7692307692308;45;40.4285714285714;39.8095238095238;33.952380952381;59.9523809523809;24.7142857142857;34;7.64705882352939;33
10.01.06;48.3846153846154;25.9166666666667;28.8235294117647;57.6875;60.9230769230769;44.3846153846154;47.5;41.5714285714285;39.8571428571429;34.4761904761905;58.3333333333333;25;33.6666666666667;8.11764705882352;33.25
11.01.06;49;26;29.1176470588235;59;61.0769230769231;45;50;42.7142857142857;39.9047619047619;35;56.7142857142857;25.2307692307692;33.3333333333333;8.58823529411763;33.5
12.01.06;52.6666666666667;26.2;29.4117647058824;58.375;61.2307692307692;45.2222222222222;52.5;43.8571428571428;39.952380952381;35;55.0952380952381;25.4615384615385;33;9.05882352941175;33.75
13.01.06;56.3333333333333;26.4;29.7058823529412;57.75;61.3846153846154;45.4444444444444;55;45;40;35;53.4761904761905;25.6923076923077;32.6666666666667;9.52941176470587;34
14.01.06;60;26.6;30;57.125;61.5384615384615;45.6666666666667;67.5;44.4444444444444;40.5555555555556;35;51.8571428571428;25.9230769230769;32.3333333333333;10;33.8181818181818
15.01.06;60.3571428571429;26.8;30.2692307692308;56.5;61.6923076923077;45.8888888888889;80;43.8888888888889;41.1111111111111;35;50.2380952380952;26.1538461538461;32;12.6666666666667;33.6363636363636
16.01.06;60.7142857142857;27;30.5384615384615;55.875;61.8461538461539;46.1111111111111;90;43.3333333333333;41.6666666666667;35;48.6190476190476;26.3846153846154;32.8571428571429;15.3333333333333;33.4545454545455
17.01.06;61.0714285714286;28;30.8076923076923;55.25;62;46.3333333333333;100;42.7777777777778;42.2222222222222;35;47;26.6153846153846;33.7142857142857;18;33.2727272727273
18.01.06;61.4285714285714;29;31.0769230769231;54.625;61.1034482758621;46.5555555555556;93.3333333333333;42.2222222222222;42.7777777777778;35;47;26.8461538461538;34.5714285714286;20.6666666666667;33.0909090909091
19.01.06;61.7857142857143;30;31.3461538461538;54;60.2068965517241;46.7777777777778;86.6666666666667;41.6666666666667;43.3333333333333;35;47;27.0769230769231;35.4285714285714;23.3333333333333;32.9090909090909
20.01.06;62.1428571428571;31;31.6153846153846;53.6388888888889;59.3103448275862;47;80;41.1111111111111;43.8888888888889;35;47;27.3076923076923;36.2857142857143;26;32.7272727272727
21.01.06;62.5;32;31.8846153846154;53.2777777777778;58.4137931034483;47.2222222222222;73.3333333333333;40.5555555555556;44.4444444444445;35;47;27.5384615384615;37.1428571428571;28.6666666666667;32.5454545454546
22.01.06;64.625;33;32.1538461538462;52.9166666666667;57.5172413793104;47.4444444444444;66.6666666666667;40;45;35;47;27.7692307692308;38;31.3333333333334;32.3636363636364
23.01.06;66.75;34;32.4230769230769;52.5555555555556;56.6206896551724;47.6666666666667;60;40.8461538461539;45.1666666666667;35;47;28;39.125;34;32.1818181818182
24.01.06;68.875;34.4;32.6923076923077;52.1944444444444;55.7241379310345;47.8888888888889;57.8181818181818;41.6923076923077;45.3333333333333;35;47;28.2307692307692;40.25;36.6666666666667;32
25.01.06;71;34.8;32.9615384615385;51.8333333333333;54.8275862068966;48.1111111111111;55.6363636363636;42.5384615384615;45.5;34.4;47;28.4615384615385;41.375;39.3333333333334;32.3333333333333
26.01.06;72.8;35.2;33.2307692307692;51.4722222222222;53.9310344827586;48.3333333333333;53.4545454545455;43.3846153846154;45.6666666666667;33.8;47.4285714285714;28.6923076923077;42.5;42;32.6666666666667
27.01.06;74.6;35.6;33.5;51.1111111111111;53.0344827586207;48.5555555555556;51.2727272727273;44.2307692307692;45.8333333333333;33.2;47.8571428571429;28.9230769230769;43.625;43;33
28.01.06;76.4;36;33.7692307692308;50.75;52.1379310344828;48.7777777777778;49.0909090909091;45.0769230769231;46;32.6;48.2857142857143;29.1538461538462;44.75;44;33.3333333333333
29.01.06;78.2;36.4;34.0384615384615;50.3888888888889;51.2413793103448;49;46.9090909090909;45.9230769230769;46.1666666666667;32;48.7142857142857;29.3846153846154;45.875;45;33.6666666666667
30.01.06;80;36.8;34.3076923076923;50.0277777777778;50.3448275862069;49.1666666666667;44.7272727272727;46.7692307692308;46.3333333333333;31.4;49.1428571428571;29.6153846153846;47;46;34
31.01.06;80;37.2;34.5769230769231;49.6666666666667;49.448275862069;49.3333333333333;42.5454545454546;47.6153846153846;46.5;30.8;49.5714285714286;29.8461538461538;46.3333333333333;47;34.3333333333333
01.02.06;80;37.6;34.8461538461538;49.3055555555556;48.551724137931;49.5;40.3636363636364;48.4615384615385;46.6666666666667;30.2;50;30.0769230769231;45.6666666666667;48;34.6666666666667
02.02.06;80;38;35.1153846153846;48.9444444444444;47.6551724137931;49.6666666666667;38.1818181818182;49.3076923076923;46.8333333333333;29.6;50.6666666666667;30.3076923076923;45;49;35
03.02.06;80;38.4285714285714;35.3846153846154;48.5833333333333;46.7586206896552;49.8333333333333;36;50.1538461538462;47;29;51.3333333333333;30.5384615384615;44.3333333333333;50;35.3846153846154
04.02.06;80;38.8571428571429;35.6538461538461;48.2222222222222;45.8620689655172;50;36.4;51;46.9230769230769;28.4;52;30.7692307692308;43.6666666666667;50.625;35.7692307692308
05.02.06;79.8333333333333;39.2857142857143;35.9230769230769;47.8611111111111;44.9655172413793;50;36.8;51.4444444444444;46.8461538461539;27.8;52.6666666666667;31;43;51.25;36.1538461538462
06.02.06;79.6666666666667;39.7142857142857;36.1923076923077;47.5;44.0689655172414;50;37.2;51.8888888888889;46.7692307692308;27.2;53.3333333333333;31.625;42.8571428571429;51.875;36.5384615384615
07.02.06;79.5;40.1428571428571;36.4615384615385;47.1388888888889;43.1724137931034;50;37.6;52.3333333333333;46.6923076923077;26.6;54;32.25;42.7142857142857;52.5;36.9230769230769
08.02.06;79.3333333333333;40.5714285714286;36.7307692307692;46.7777777777778;42.2758620689655;50;38;52.7777777777778;46.6153846153846;26;54.6666666666667;32.875;42.5714285714286;53.125;37.3076923076923
09.02.06;79.1666666666667;41;37;46.4166666666667;41.3793103448276;50;38.4;53.2222222222222;46.5384615384615;27;55.3333333333333;33.5;42.4285714285714;53.75;37.6923076923077
10.02.06;79;41.2;37.3823529411765;46.0555555555556;40.4827586206897;50;38.8;53.6666666666667;46.4615384615385;28;56;34.125;42.2857142857143;54.375;38.0769230769231
11.02.06;78.6666666666667;41.4;37.7647058823529;45.6944444444444;39.5862068965517;50;39.2;54.1111111111111;46.3846153846154;29;56.6666666666667;34.75;42.1428571428571;55;38.4615384615385
12.02.06;78.3333333333333;41.6;38.1470588235294;45.3333333333333;38.6896551724138;50;39.6;54.5555555555556;46.3076923076923;30;57.3333333333333;35.375;42;57;38.8461538461539
13.02.06;78;41.8;38.5294117647059;44.9722222222222;37.7931034482759;49.8571428571429;40;55;46.2307692307692;31;58;36;41.4285714285714;59;39.2307692307692
14.02.06;77.6666666666667;42;38.9117647058824;44.6111111111111;36.8965517241379;49.7142857142857;41;55.1666666666667;46.1538461538462;32;58.6666666666667;36.4615384615385;40.8571428571429;61;39.6153846153846
15.02.06;77.3333333333333;42.4;39.2941176470588;44.25;36;49.5714285714286;42;55.3333333333333;46.0769230769231;33.1428571428571;59.3333333333333;36.9230769230769;40.2857142857143;63;40
16.02.06;77;42.8;39.6764705882353;43.8888888888889;37.037037037037;49.4285714285714;43;55.5;46;34.2857142857143;60;37.3846153846154;39.7142857142857;65;40
17.02.06;76.6666666666667;43.2;40.0588235294118;43.5277777777778;38.0740740740741;49.2857142857143;44;55.6666666666667;46.9;35.4285714285714;60.6666666666667;37.8461538461539;39.1428571428571;64.5555555555556;40
18.02.06;76.3333333333333;43.6;40.4411764705882;43.1666666666667;39.1111111111111;49.1428571428571;49.3333333333333;55.8333333333333;47.8;36.5714285714286;61.3333333333333;38.3076923076923;38.5714285714286;64.1111111111111;40
19.02.06;76;44;40.8235294117647;42.8055555555556;40.1481481481482;49;54.6666666666667;56;48.7;37.7142857142857;62;38.7692307692308;38;63.6666666666667;40
20.02.06;75.6666666666667;44.2;41.2058823529412;42.4444444444445;41.1851851851852;49.1904761904762;60;55.8571428571429;49.6;38.8571428571428;61.0666666666667;39.2307692307692;38.875;63.2222222222222;40
21.02.06;75.3333333333333;44.4;41.5882352941177;42.0833333333333;42.2222222222222;49.3809523809524;59.3333333333333;55.7142857142857;50.5;40;60.1333333333333;39.6923076923077;39.75;62.7777777777778;40
22.02.06;75;44.6;41.9705882352941;41.7222222222222;43.2592592592593;49.5714285714286;58.6666666666667;55.5714285714286;51.4;40.1538461538462;59.2;40.1538461538462;40.625;62.3333333333333;40
23.02.06;75.6666666666667;44.8;42.3529411764706;41.3611111111111;44.2962962962963;49.7619047619048;58;55.4285714285714;52.3;40.3076923076923;58.2666666666667;40.6153846153846;41.5;61.8888888888889;40
24.02.06;76.3333333333333;45;42.7352941176471;41;45.3333333333334;49.952380952381;57.3333333333333;55.2857142857143;53.2;40.4615384615385;57.3333333333333;41.0769230769231;42.375;61.4444444444445;40
25.02.06;77;45.7142857142857;43.1176470588235;41.75;46.3703703703704;50.1428571428571;56.6666666666667;55.1428571428571;54.1;40.6153846153846;56.4;41.5384615384616;43.25;61;40.3333333333333
26.02.06;77.6666666666667;46.4285714285714;43.5;42.5;47.4074074074074;50.3333333333333;56;55;55;40.7692307692308;55.4666666666667;42;44.125;61.8;40.6666666666667
27.02.06;78.3333333333333;47.1428571428571;43.8823529411765;43.25;48.4444444444445;50.5238095238095;54.625;54.625;56.6666666666667;40.9230769230769;54.5333333333333;42.2307692307692;45;62.6;41
28.02.06;79;47.8571428571429;44.264705882353;44;49.4814814814815;50.7142857142857;53.25;54.25;58.3333333333333;41.0769230769231;53.6;42.4615384615385;45.6666666666667;63.4;41.3333333333333
01.03.06;80.5;48.5714285714286;44.6470588235294;44.75;50.5185185185186;50.9047619047619;51.875;53.875;60;41.2307692307692;52.6666666666667;42.6923076923077;46.3333333333333;64.2;41.6666666666667
02.03.06;81.25;49.2857142857143;45.0294117647059;45.5;51.5555555555556;51.0952380952381;50.5;53.5;61.6666666666667;41.3846153846154;51.7333333333333;42.9230769230769;47;65;42
03.03.06;82;50;45.4117647058824;46.25;52.5925925925926;51.2857142857143;49.125;53.125;63.3333333333334;41.5384615384615;50.8;43.1538461538462;47.6666666666667;63.8888888888889;41.5
04.03.06;82.1666666666667;50.2;45.7941176470588;47;53.6296296296297;51.4761904761905;47.75;52.75;65;41.6923076923077;49.8666666666667;43.3846153846154;48.3333333333333;62.7777777777778;41
05.03.06;82.3333333333333;50.4;46.1764705882353;47.75;54.6666666666667;51.6666666666667;46.375;52.375;66.4285714285714;41.8461538461539;48.9333333333333;43.6153846153846;49;61.6666666666667;40.5
06.03.06;82.5;50.6;46.5588235294118;48.5;55.7037037037038;51.8571428571429;45;52;67.8571428571429;42;48;43.8461538461539;54.8333333333333;60.5555555555556;40
07.03.06;82.6666666666667;50.8;46.9411764705882;49.25;56.7407407407408;52.047619047619;46.8571428571429;52.2;69.2857142857143;44;47.5625;44.0769230769231;60.6666666666667;59.4444444444445;39.5
08.03.06;82.8333333333333;51;47.3235294117647;50;57.7777777777778;52.2380952380952;48.7142857142857;52.4;70.7142857142857;44;47.125;44.3076923076923;66.5;58.3333333333333;39
09.03.06;83;52;47.7058823529412;50.75;58.8148148148149;52.4285714285714;50.5714285714286;52.6;72.1428571428572;44;46.6875;44.5384615384615;72.3333333333333;57.2222222222222;38.5
10.03.06;83.5;53;48.0882352941177;51.5;59.8518518518519;52.6190476190476;52.4285714285714;52.8;73.5714285714286;44.25;46.25;44.7692307692308;78.1666666666667;56.1111111111111;38
11.03.06;84;54;48.4705882352941;52.25;60.888888888889;52.8095238095238;54.2857142857143;53;75;44.5;45.8125;45;84;55;38.0833333333333
12.03.06;84.5;55;48.8529411764706;53;61.925925925926;53;56.1428571428572;53.4166666666667;76;44.75;45.375;45.2;104;55.8333333333333;38.1666666666667
13.03.06;85;54.6;49.2352941176471;53.75;62.9629629629631;54.1666666666667;58;53.8333333333333;77;45;44.9375;45.4;131;56.6666666666667;38.25
14.03.06;86;54.2;49.6176470588235;54.5;64.0000000000001;55.3333333333333;61.25;54.25;78;46;44.5;45.6;161;57.5;38.3333333333333
15.03.06;89;53.8;50;55.25;64.7619047619048;56.5;64.5;54.6666666666667;79;47;44.0625;45.8;140;58.3333333333333;38.4166666666667
16.03.06;92;53.4;50.4444444444444;56;65.5238095238096;57.6666666666667;67.75;55.0833333333333;80;48.2;43.625;46;130;59.1666666666667;38.5
17.03.06;95;53;50.8888888888889;56.2857142857143;66.2857142857144;58.8333333333334;71;55.5;81;49.4;43.1875;46.2;150;60;38.5833333333333
18.03.06;96.6;53;51.3333333333333;56.5714285714286;67.0476190476191;60;77;55.9166666666667;82;50.6;42.75;46.4;140;60.1111111111111;38.6666666666667
19.03.06;98.2;53;51.7777777777778;56.8571428571429;67.8095238095239;63;83;56.3333333333333;80.8333333333333;51.8;42.3125;46.6;125;60.2222222222222;38.75
20.03.06;99.8;53;52.2222222222222;57.1428571428571;68.5714285714286;66;89;56.75;79.6666666666667;53;41.875;46.8;130;60.3333333333333;38.8333333333333
21.03.06;101.4;53.2857142857143;52.6666666666667;57.4285714285714;69.3333333333334;69;95;57.1666666666667;78.5;53;41.4375;47;143;60.4444444444444;38.9166666666667
22.03.06;103;53.5714285714286;53.1111111111111;57.7142857142857;70.0952380952381;70;106.666666666667;57.5833333333333;77.3333333333333;53;41;47.6666666666667;140;60.5555555555556;39
23.03.06;107.8;53.8571428571429;53.5555555555556;58;70.8571428571429;71;118.333333333333;58;76.1666666666667;52.5;42;48.3333333333333;120;60.6666666666667;40.7142857142857
24.03.06;112.6;54.1428571428571;54;58.2857142857143;71.6190476190477;72;130;58;75;52;43;49;100;60.7777777777778;42.4285714285714
25.03.06;117.4;54.4285714285714;52.6;58.5714285714286;72.3809523809524;73;115;58;73.3333333333333;54.6666666666667;44;49.6666666666667;96;60.8888888888889;44.1428571428571
26.03.06;122.2;54.7142857142857;51.2;58.8571428571429;73.1428571428572;74;135;58;71.6666666666667;57.3333333333333;45;50.3333333333333;92;61;45.8571428571428
27.03.06;127;55;49.8;59.1428571428571;73.9047619047619;75;159;59.25;70;60;46;51;88;63.6;47.5714285714286
28.03.06;135.25;55;48.4;59.4285714285714;74.6666666666667;75.6666666666667;151;60.5;68.3333333333333;52;46;52.8;91;66.2;49.2857142857143
29.03.06;143.5;55;47;59.7142857142857;75.4285714285715;76.3333333333333;137.333333333333;61.75;66.6666666666667;57.5;46.2857142857143;54.6;100;68.8;51
30.03.06;151.75;55;47.5;60;76.1904761904762;77;123.666666666667;63;65;63;46.5714285714286;56.4;109;71.4;52.5
31.03.06;160;55;48;60.5;76.952380952381;77.6666666666667;110;65;70.75;61;46.8571428571429;58.2;112;74;54
01.04.06;150;58;48.5;61;77.7142857142857;78.3333333333333;102.5;65;76.5;55.3333333333333;47.1428571428571;60;116;74.75;55.5
02.04.06;144;58.5;49;61.5;78.4761904761905;79;95;64;82.25;49.6666666666667;47.4285714285714;64;102;75.5;57
03.04.06;138;59;57.6666666666667;62;79.2380952380952;79.6666666666667;87;61.75;88;44;47.7142857142857;69;92;76.25;58.5
04.04.06;141;60.25;66.3333333333333;62.5;80;80.3333333333333;83.5;59.5;99;57;48;74;88;77;60
05.04.06;142.333333333333;61.5;75;63;80;81;80;57.25;110;50.5;50.3333333333333;77.25;90;77.75;61.5
06.04.06;143.666666666667;62.75;80;61.3333333333333;80;85.75;76.5;55;135;44;52.6666666666667;80.5;85;78.5;63
07.04.06;145;64;130;59.6666666666667;80;90.5;73;55;153;52;55;83.75;80;79.25;72.2
08.04.06;140;65.6666666666667;131;58;80;95.25;78.3333333333333;56;169;67.3333333333333;70;87;77;80;81.4
09.04.06;135;67.3333333333333;120;58;80;100;83.6666666666667;63;169;82.6666666666666;85;95;70;88;90.6
10.04.06;130;69;133;58;80;120;89;68;176;97.9999999999999;100;105;72;140;99.8
11.04.06;119.6;82.6666666666667;129;58;80.3333333333333;139;79;;198;125;190;118;66;169;109
12.04.06;109.2;96.3333333333334;125;55;80.6666666666667;141;77.6666666666667;79;198;155;183;130;63.25;198;137
13.04.06;98.8;110;117;52;81;155;76.3333333333333;96;193;163;185;145;60.5;200;160
14.04.06;88.4;105;108.5;51;89;190;75;132;185;164;181;136.5;57.75;196;168
15.04.06;78;115;100;51;97;180;82;166;178;195;173;128;55;196;165
16.04.06;75.3333333333333;110;95;74;128;175;89;165;173;190;174;118;58.5;218;157
17.04.06;72.6666666666667;120;92.5;97;189;170;92;178;161;170;185;108;62;210;148
18.04.06;70;130;90;175;211;180;93;185;149;156;187;100;65.5;200;137
19.04.06;67.3333333333333;125;87.5;170;235;205;87;179;135;148;178;93;69;182;126
20.04.06;64.6666666666667;120;85;165;228;215;81;163;134;138;170.333333333333;87;72.5;167;120
21.04.06;62;120;81.1666666666667;163;221;210;75;165;138;123;162.666666666667;81;76;149;114
22.04.06;61;115;77.3333333333333;155;214;203;70;169;170;118;155;75;79.5;142;108
23.04.06;60;107;73.5;155;207;187;65;165;198;123;163;70;83;137;101
24.04.06;59;110;69.6666666666667;175;200;173.666666666667;60;158;175;125;159;66;91.5;130;94
25.04.06;56.6666666666667;120;65.8333333333333;179;186.666666666667;160.333333333333;57.75;158;165;128;143;63;100;125;87
26.04.06;54.3333333333333;130;62;178;173.333333333333;147;55.5;158;147;125;134;59.25;108.5;125;82
27.04.06;52;128;59.5;170;160;137.333333333333;53.25;149;131;117;125;55.5;117;129;76
28.04.06;49.6666666666667;128;57;160;148.2;127.666666666667;51;138;118;112;123;51.75;125.5;137;73.125
29.04.06;47.3333333333333;120;55;153;136.4;118;48.7142857142857;126;105;108;120;48;134;130;70.25
30.04.06;45;115;53;146;124.6;111;46.4285714285714;120;93;103;111;49.1111111111111;126.625;124;67.375
01.05.06;43.3333333333333;103.333333333333;51.5;139;112.8;104;44.1428571428571;112;85;100;102;50.2222222222222;119.25;134.6;64.5
02.05.06;41.6666666666667;91.6666666666666;50;132;101;97;41.8571428571428;104;77;93;98.5;51.3333333333333;111.875;145.2;61.625
03.05.06;40;79.9999999999999;48.5;126.333333333333;93.8;90;39.5714285714286;96;72;87;95;52.4444444444444;104.5;155.8;58.75
04.05.06;38.3333333333333;72;47;120.666666666667;86.6;83;37.2857142857143;88;67;80;90;53.5555555555556;97.125;166.4;55.875
05.05.06;36.6666666666667;67;45;115;79.4;76;35;80;62;74;85;54.6666666666667;89.75;177;53
06.05.06;35;60;43;107.6;72.2;69;33.3333333333333;75.8888888888889;59.2;68;80;55.7777777777778;82.375;164.833333333333;51.1428571428571
07.05.06;33.75;56;41;100.2;65;67;31.6666666666667;71.7777777777778;56.4;65;75;56.8888888888889;75;152.666666666667;49.2857142857143
08.05.06;32.5;52.8;39;92.8;63;65;30;67.6666666666667;53.6;60;70;58;73.6666666666667;140.5;47.4285714285714
09.05.06;31.25;49.6;37;85.4;61;63;28;63.5555555555556;50.8;63;65;52.4;72.3333333333333;128.333333333333;45.5714285714286
10.05.06;30;46.4;35;78;59;61;26;59.4444444444445;48;66;60;46.8;71;116.166666666667;43.7142857142857
11.05.06;28.3333333333333;43.2;33;75;57;59;24;55.3333333333333;44.5;70;54.75;41.2;69.6666666666667;104;41.8571428571428
12.05.06;26.6666666666667;40;31;71;55;57;22;51.2222222222222;41;75;49.5;35.6;68.3333333333333;99.3333333333332;40
13.05.06;25;38.3333333333333;29;67;53;55;21;47.1111111111111;38.2;75.5;44.25;30;67;94.6666666666666;41.8
14.05.06;24.5;36.6666666666667;27;62.3333333333333;51;55;20;43;35.4;76;39;27.5;64.1666666666667;90;43.6
15.05.06;24;35;27;57.6666666666667;49;55;18.4;41.8571428571429;32.6;77;37;25;61.3333333333333;83.75;45.4
16.05.06;23.5;34;27;53;47;54;16.8;40.7142857142857;29.8;72;35;24;58.5;77.5;47.2
17.05.06;23;33;27;51.5;45;51.2857142857143;15.2;39.5714285714286;27;67;32.7142857142857;22.4285714285714;55.6666666666667;71.25;49
18.05.06;22.5;32;26.6666666666667;50;43;48.5714285714286;13.6;38.4285714285714;25;62.8;30.4285714285714;20.8571428571429;52.8333333333333;65;47.3333333333333
19.05.06;22;32;26.3333333333333;47.6;41;45.8571428571429;12;37.2857142857143;23;58.6;28.1428571428571;19.2857142857143;50;62.1875;45.6666666666667
20.05.06;22.6666666666667;31;26;45.2;39;43.1428571428572;10.6666666666667;36.1428571428572;21.75;54.4;25.8571428571428;17.7142857142857;52.5;59.375;44
21.05.06;23.3333333333333;30;25.5714285714286;42.8;37;40.4285714285715;9.33333333333334;35;20.5;50.2;23.5714285714285;16.1428571428572;55;56.5625;42.3333333333333
22.05.06;24;29;25.1428571428571;40.4;36;37.7142857142857;8.00000000000001;35;19.25;46;21.2857142857143;14.5714285714286;57.5;53.75;40.6666666666667
23.05.06;27.75;30;24.7142857142857;38;35;35;6.75000000000001;35;18;42.5;19;13;60;50.9375;39
24.05.06;31.5;31;24.2857142857143;37;34;34;5.50000000000001;35;16;39;18.4285714285714;12.5;62.5;48.125;37.5
25.05.06;35.25;32;23.8571428571429;36;33;33;4.25000000000001;35;14;35.5;17.8571428571428;12;65;45.3125;36
26.05.06;39;41;23.4285714285714;35;32;32;3.00000000000001;35;14.4;32;17.2857142857143;11.5;67.5;42.5;40.8333333333333
27.05.06;47.6666666666667;50;23;34;31;31;1.66666666666667;35.5;14.8;31.5;16.7142857142857;11;70;39.6875;45.6666666666667
28.05.06;56.3333333333333;46;22.25;33;30;30;0.333333333333331;36;15.2;31;16.1428571428571;10.5;66.5714285714286;36.875;50.5
29.05.06;65;42;21.5;32;29.5555555555556;29;-1.00000000000001;34.2;15.6;30.5;15.5714285714286;10;63.1428571428571;34.0625;55.3333333333333
30.05.06;66;39.6666666666667;20.75;31;29.1111111111111;28;-1.66666666666667;32.4;16;30;15;9.5;59.7142857142857;31.25;60.1666666666666
31.05.06;67;37.3333333333333;20;30;28.6666666666667;27;-2.33333333333334;30.6;14.3333333333333;32.5;13.5;9;56.2857142857143;28.4375;65
01.06.06;68;35;20;30;28.2222222222222;25.2857142857143;-3;28.8;12.6666666666667;35;12;8.5;52.8571428571429;25.625;59
02.06.06;69;33.25;20;30;27.7777777777778;23.5714285714286;-3.66666666666667;27;11;36.25;12;8;49.4285714285715;22.8125;53
03.06.06;51.5;31.5;20;30;27.3333333333333;21.8571428571429;-4.33333333333333;27.5;10.4285714285714;37.5;12;7.5;46;20;48.2
04.06.06;34;29.75;19.8333333333333;30;26.8888888888889;20.1428571428572;-5;28;9.85714285714286;38.75;12;7;52.8;18.8333333333333;43.4
05.06.06;32.3333333333333;28;19.6666666666667;30;26.4444444444445;18.4285714285715;40;27.5;9.28571428571429;40;12;6;59.6;17.6666666666667;38.6
06.06.06;30.6666666666667;31;19.5;30;26;16.7142857142857;42.9;27;8.71428571428572;39;12;5;66.4;16.5;33.8
07.06.06;29;34;19.3333333333333;30;25.5555555555556;15;45.8;26.5;8.14285714285715;38;11.8888888888889;4;73.2;15.3333333333333;29
08.06.06;26.5;37;19.1666666666667;30;25.1111111111111;14;48.7;26;7.57142857142858;34;11.7777777777778;3;80;14.1666666666667;26.2857142857143
09.06.06;24;39.6666666666667;19;30;24.6666666666667;13;51.6;24;7;30;11.6666666666667;2;70;13;23.5714285714286
10.06.06;24;42.3333333333333;18.5714285714286;30;24.2222222222222;12;54.5;22;6.5;28.5;11.5555555555556;1;60;12;20.8571428571429
11.06.06;24;45;18.1428571428571;30;23.7777777777778;12;57.4;20;6;27;11.4444444444444;0;56.125;11;18.1428571428572
12.06.06;22.5;40.75;17.7142857142857;30;23.3333333333333;11.25;60.3;18.5;5.5;25.5;11.3333333333333;-0.5;52.25;9.99999999999999;15.4285714285714
13.06.06;21;36.5;17.2857142857143;30;22.8888888888889;10.5;63.2;17;5;24;11.2222222222222;-1;48.375;9;12.7142857142857
14.06.06;20;32.25;16.8571428571429;30;22.4444444444445;9.75;66.1;15.5;4.5;25;11.1111111111111;-1.5;44.5;8;10
15.06.06;19;28;16.4285714285714;30;22;9;69;14;4;27.5;11;-2;40.625;7;10
16.06.06;18;27.5;16;30;20.9;8.6;60;13;3.5;30;9.90909090909091;-2.5;36.75;6.5;10
17.06.06;19;27;15.8571428571429;30;19.8;8.2;59.6666666666667;12;3;37;8.81818181818182;-3;32.875;6;9.85714285714286
18.06.06;20;26;15.7142857142857;30;18.7;7.8;59.3333333333333;11;2.6;44;7.72727272727273;-3.5;29;5.14285714285714;9.71428571428571
19.06.06;21.5;25;15.5714285714286;30;17.6;7.4;59;10;2.2;51;6.63636363636364;-4;26.75;4.28571428571429;9.57142857142857
20.06.06;23;23.6666666666667;15.4285714285714;30;16.5;7;59.75;9;1.8;49.5;5.54545454545455;-4.125;24.5;3.42857142857143;9.42857142857143
21.06.06;24.6666666666667;22.3333333333333;15.2857142857143;30;15.4;7;60.5;8;1.4;48;4.45454545454546;-4.25;22.25;2.57142857142857;9.28571428571429
22.06.06;26.3333333333333;21;15.1428571428571;45;14.3;11.6666666666667;61.25;7;1;46.5;3.36363636363637;-4.375;20;1.71428571428572;9.14285714285714
23.06.06;28;20.5;15;75;13.2;16.3333333333333;62;6.33333333333333;2.5;45;2.27272727272728;-4.5;17.75;0.857142857142858;9
24.06.06;27;20;15;95;12.1;21;61.3333333333333;5.66666666666667;4;44;1.18181818181819;-4.625;15.5;0;8
25.06.06;26;19.5;15;90;11;21;60.6666666666667;5;4.33333333333333;43;0.0909090909091024;-4.75;13.25;-0.142857142857143;7
26.06.06;24.75;19;15;85;;18.6666666666667;60;5.2;4.66666666666667;42;-0.999999999999988;-4.875;11;-0.285714285714286;6
27.06.06;23.5;17.6666666666667;15;80;10;16.3333333333333;60;5.4;5;37;-1.24999999999999;-5;10.1428571428571;-0.428571428571429;5
28.06.06;25;16.3333333333333;15;64;;14;60;5.6;5.33333333333333;32.6666666666667;-1.49999999999999;-5;9.28571428571428;-0.571428571428572;4
29.06.06;26.5;15;15;58.6666666666667;9;12.6666666666667;60;5.8;5.66666666666667;28.3333333333333;-1.74999999999999;-5;8.42857142857143;-0.714285714285715;3
30.06.06;28;14.3333333333333;17.4545454545455;53.3333333333333;;11.3333333333333;18;6;6;24;-2;-5;7.57142857142857;-0.857142857142858;2
01.07.06;27;13.6666666666667;19.9090909090909;48;8;10;23;5.5;4.66666666666667;24.3333333333333;-2.25;-5;6.71428571428571;-1;1.5
02.07.06;26;13;22.3636363636364;42.6666666666667;;8.75;28;5;3.33333333333334;24.6666666666667;-2.5;-5;5.85714285714286;-1.18181818181818;1
03.07.06;25;12.5;24.8181818181818;37.3333333333334;7;7.5;23.2;7.6;2.00000000000001;25;-2.75;-5;5;-1.36363636363636;0.5
04.07.06;24;12;27.2727272727273;32;50;6.25;18.4;10.2;0.66666666666668;25;-3;-5;5;-1.54545454545455;0
05.07.06;24.6666666666667;11.5;29.7272727272727;31;50;5;13.6;12.8;-0.66666666666665;46;-3;-4.92857142857143;5;-1.72727272727273;-0.5
06.07.06;25.3333333333333;11;32.1818181818182;30;50;5;8.8;15.4;-1.99999999999998;67;-3;-4.85714285714286;5;-1.90909090909091;-1
07.07.06;26;10.75;34.6363636363636;28;50;5;4;18;-1.99999999999999;88;-3;-4.78571428571429;5;-2.09090909090909;-1.28571428571429
08.07.06;26.5;10.5;37.0909090909091;26;50;5;2.5;29.6666666666667;-2;99.3333333333333;-3;-4.71428571428571;5;-2.27272727272727;-1.57142857142857
09.07.06;27;10.25;39.5454545454545;24;50;5;1;41.3333333333334;-1.75;110.666666666667;-3;-4.64285714285714;4.77777777777778;-2.45454545454546;-1.85714285714286
10.07.06;28;10;42;22.25;50;5;-0.5;53.0000000000001;-1.5;122;-3;-4.57142857142857;4.55555555555556;-2.63636363636364;-2.14285714285714
11.07.06;29;10;41.8181818181818;20.5;50;5;-2;57.5000000000001;-1.25;115;-4;-4.5;4.33333333333333;-2.81818181818182;-2.42857142857143
12.07.06;28.5;10;41.6363636363636;18.75;50;4.85714285714286;-2.85714285714286;62.0000000000001;-1;105.5;-3.8;-4.6;4.11111111111111;-3;-2.71428571428572
13.07.06;28;10;41.4545454545455;17;50;4.71428571428571;-3.71428571428571;66.5;-0.75;96;-3.6;-4.7;3.88888888888889;-3;-3
14.07.06;27.5;10;41.2727272727273;16.6;50;4.57142857142857;-4.57142857142857;71;-0.5;82;-3.4;-4.8;3.66666666666667;-3;-3.07692307692308
15.07.06;27.75;10;41.0909090909091;16.2;11;4.42857142857143;-5.42857142857143;75.5;-1.08333333333333;68;-3.2;-4.9;3.44444444444445;-3;-3.15384615384616
16.07.06;28;10;40.9090909090909;15.8;11;4.28571428571429;-6.28571428571429;80;-1.66666666666667;54;-3;-5;3.22222222222222;-3;-3.23076923076923
17.07.06;28.5;9.75;40.7272727272727;15.4;11;4.14285714285714;-7.14285714285714;74;-2.25;40;-3.5;-5;3;-3;-3.30769230769231
18.07.06;29;9.5;40.5454545454546;15;11;4;-8;63.3333333333333;-2.83333333333333;36.5;-3;-5;18.1666666666667;-3;-3.38461538461539
19.07.06;27.6666666666667;9.25;40.3636363636364;15;11;4;-8;52.6666666666666;-3.41666666666667;33;-3.25;-5;33.3333333333334;-3;-3.46153846153846
20.07.06;26.3333333333333;9;40.1818181818182;15;11;4;-8;41.9999999999999;-4;30;-3.5;-5;48.5000000000001;-3;-3.53846153846154
21.07.06;25;9;40;15;11;4;-8;37;-2;27;-3.75;-5;63.6666666666668;-3;-3.61538461538462
22.07.06;22.5;9;40;14.6666666666667;11;4;-8;32;0;36.6666666666667;-4;-5;78.8333333333335;-3;-3.69230769230769
23.07.06;20;9.5;40;14.3333333333333;11;4;-8;29.6;-0.5;46.3333333333333;-4.25;-5;94.0000000000002;-3;-3.76923076923077
24.07.06;19;10;40;14;10.3333333333333;4;-8;27.2;-1;56;-4.5;-5;83.6666666666668;-3;-3.84615384615385
25.07.06;18;9.66666666666667;40;13.75;9.66666666666667;4;-8;24.8;-1.5;58;-4.68181818181818;-5;73.3333333333334;-3;-3.92307692307692
26.07.06;17;9.33333333333333;40;13.5;9;4.2;-8.33333333333333;22.4;-2;50.5;-4.86363636363636;-5;63;-3;-4
27.07.06;16;9;40;13.25;9.28571428571429;4.4;-8.66666666666667;20;-2;43;-5.04545454545455;-5;52.6666666666666;-3;-4
28.07.06;15;9;39.9285714285714;13;9.57142857142857;4.6;-9;20;-2.28571428571429;39;-5.22727272727273;-5;42.3333333333332;-3.16666666666667;-4
29.07.06;14;9;39.8571428571429;12.6;9.85714285714286;4.8;-9;20;-2.57142857142857;36.3;-5.40909090909091;-5;31.9999999999998;-3.33333333333333;-4
30.07.06;13;8.8;39.7857142857143;12.2;10.1428571428571;5;-9;20;-2.85714285714286;33.6;-5.59090909090909;-5;32.1249999999998;-3.5;-4
31.07.06;12;8.6;39.7142857142857;11.8;10.4285714285714;5;-9;19;-3.14285714285714;30.9;-5.77272727272727;-5;32.2499999999999;-3.66666666666667;-4
01.08.06;11;8.4;39.6428571428571;11.4;10.7142857142857;5;-9;18;-3.42857142857143;28.2;-5.95454545454546;-5;32.3749999999999;-3.83333333333334;-4
02.08.06;11.3333333333333;8.2;39.5714285714286;11;11;5;-8.66666666666667;17;-3.71428571428572;25.5;-6.13636363636364;-5;32.4999999999999;-4;-4
03.08.06;11.6666666666667;8;39.5;11;10.5;5;-8.33333333333333;16;-4;23.9166666666667;-6.31818181818182;-5;32.6249999999999;-4.16666666666667;-4
04.08.06;12;8;39.4285714285714;11;10;5;-8;15;-4;22.3333333333333;-6.5;-5;32.75;-4.33333333333334;-4
05.08.06;13;8;39.3571428571429;11;9.5;5;-7.5;14;-4;20.75;-6.42105263157895;-5;32.875;-4.5;-4
06.08.06;16;8;39.2857142857143;11;9;4.875;-7;13;-4;19.1666666666667;-6.3421052631579;-5;33;-4.5;-4
07.08.06;16.75;8;39.2142857142857;11;8.75;4.75;-6.5;12.5;-4;17.5833333333334;-6.26315789473684;-5;30;-4.5;-4
08.08.06;17.5;8.33333333333333;39.1428571428571;11;8.5;4.625;-6;12;-4;16;-6.18421052631579;-5;27;-4.5;-4
09.08.06;20.3333333333333;8.66666666666667;39.0714285714286;10.875;8.25;4.5;-6.2;11.5;-4;14.3333333333334;-6.10526315789474;-5;24;-4.5;-4
10.08.06;23.1666666666667;9;39;10.75;8;4.625;-6.4;11;-4;12.6666666666667;-6.02631578947369;-5;21;-4.5;-4
11.08.06;26;9;39;10.625;9.33333333333333;4.75;-6.6;10.2222222222222;-4;11;-5.94736842105263;-5;18;-4.5;-4
12.08.06;;9;39;10.5;10.6666666666667;4.875;-6.8;9.44444444444445;-4;9.83333333333334;-5.86842105263158;-5;15;-4.5;-4.16666666666667
13.08.06;22;9;39;10.375;12;5;-7;8.66666666666667;-4.2;8.66666666666667;-5.78947368421053;-5;14.8;-4.5;-4.33333333333333
14.08.06;20;28;39;10.25;14.5454545454546;5;-6;7.88888888888889;-4.4;7.5;-5.71052631578947;-5;14.6;-4.5;-4.5
15.08.06;18;33;39;10.125;17.0909090909091;5;-5;7.11111111111111;-4.6;6.33333333333333;-5.63157894736842;-5;14.4;-4.5;-4.66666666666667
16.08.06;17.3333333333333;38;39;10;19.6363636363636;5;-5;6.33333333333333;-4.8;5.16666666666666;-5.55263157894737;-5;14.2;-4.5;-4.83333333333334
17.08.06;16.6666666666667;43;39;10;22.1818181818182;4.75;-5;5.55555555555555;-5;3.99999999999999;-5.47368421052632;-3.66666666666667;14;-4.5;-5
18.08.06;16;50.5;39;10;24.7272727272727;4.5;-5;4.77777777777778;-4;3;-5.39473684210526;-2.33333333333334;13.3333333333333;-4.5;-5
19.08.06;15;58;39.3333333333333;10;27.2727272727273;4.25;-5.25;4;-3;2.4;-5.31578947368421;-1.00000000000001;12.6666666666667;-4.5;-5
20.08.06;14;59;39.6666666666667;10;29.8181818181819;4;-5.5;3;-3.4;1.8;-5.23684210526316;7.66666666666666;12;-4.5;-5
21.08.06;13.75;60;40;10;32.3636363636364;4;-5.75;2;-3.8;1.2;-5.15789473684211;16.3333333333333;11.3333333333333;-4.5;-5
22.08.06;13.5;68.3333333333333;40.3333333333333;10;34.909090909091;4;-6;1.72857142857143;-4.2;0.6;-5.07894736842105;25;10.6666666666667;-4.5;-5
23.08.06;14.5833333333333;76.6666666666667;40.6666666666667;10;37.4545454545455;4;-6.16666666666667;1.45714285714286;-4.6;0;-5;21.875;10;-4.5;-5
24.08.06;15.6666666666667;85;41;10;40.0000000000001;4;-6.33333333333333;1.18571428571429;-5;-0.5;-5.07142857142857;18.75;9.33333333333333;-4.5;-5
25.08.06;16.75;45;43;10;39.1538461538462;4;-6.5;0.914285714285716;-5;-1;-5.14285714285714;15.625;8.66666666666666;-4.5;-5
26.08.06;17.8333333333333;51.3333333333333;45;10;38.3076923076924;4;-6.125;0.642857142857145;-5;-1.2;-5.21428571428571;12.5;8;-4.5;-5
27.08.06;18.9166666666667;57.6666666666667;47;10;37.4615384615385;3.83333333333333;-5.75;0.371428571428574;-5;-1.4;-5.28571428571429;9.375;7.35714285714285;-4.5;-5
28.08.06;20;64;49;10;36.6153846153847;3.66666666666667;-5.375;0.100000000000003;-5;-1.6;-5.35714285714286;6.25;6.71428571428571;-4.5;-5
29.08.06;21.6666666666667;47.6666666666667;51;10;35.7692307692308;3.5;-5;-0.924999999999997;-5;-1.8;-5.42857142857143;3.125;6.07142857142857;-4.5;-5
30.08.06;23.3333333333333;31.3333333333334;53;10;34.923076923077;3.91666666666667;-5.1;-1.95;-5;-2;-5.5;0;5.42857142857143;-4.5;-5
31.08.06;25;15.0000000000001;48;10;34.0769230769231;4.33333333333333;-5.2;-2.975;-4.88888888888889;-2.5;-5.5;-0.5;4.78571428571428;-4.5;-5
01.09.06;26.6666666666667;14.5000000000001;43;10;33.2307692307693;4.75;-5.3;-4;-4.77777777777778;-3;-5.5;-1;4.14285714285714;-4.5;-5
02.09.06;28.3333333333333;14.0000000000001;43;10;32.3846153846154;5.16666666666667;-5.4;-3.18;-4.66666666666667;-2.9;-5.5;-1.5;3.5;-4.5;-5
03.09.06;30;13.5;43;10;31.5384615384615;5.58333333333334;-5.5;-2.36;-4.55555555555556;-2.8;-5.5;-2;2.85714285714285;-4.5;-5
04.09.06;33;13;43;10;30.6923076923077;6;-5.25;-1.54;-4.44444444444445;-2.7;-5.5;-2.5;2.21428571428571;-4.5;-5
05.09.06;36;12.5;43;10;29.8461538461539;14.4;-5;-0.72;-4.33333333333333;-2.6;-5.5;-3;1.57142857142857;-4.5;-5
06.09.06;35.3333333333333;12;43;10;29;22.8;-5.16666666666667;0.0999999999999996;-4.22222222222222;-2.5;-5.5;-3.25;0.928571428571424;-4.5;-5
07.09.06;34.6666666666667;11.5;43;10;30.375;31.2;-5.33333333333333;0;-4.11111111111111;-2.4;-5.5;-3.5;0.285714285714281;-4.5;-5
08.09.06;34;11;43;10;31.75;39.6;-5.5;0;-4;-2.3;-5.5;-3.75;-0.357142857142862;-4.5;-5
09.09.06;32;11;43;10;33.125;48;-5.5;0;-3.94444444444444;-2.2;-5.5;-4;-1;-4.45833333333333;-5
10.09.06;30;11;43;9.6;34.5;42.5;-5.5;0;-3.88888888888889;-2.1;-5.5;-4.25;-0.846153846153851;-4.41666666666667;-5
11.09.06;31;11;43;9.2;35.875;37;-5.5;0;-3.83333333333333;-2;-5.5;-4.5;-0.692307692307697;-4.375;-5
12.09.06;32;11;43;8.8;37.25;35.5;-5.5;0;-3.77777777777778;-1.83333333333333;-5.5;-4.75;-0.538461538461542;-4.33333333333333;-5
13.09.06;33;11;43;8.4;38.625;34;-5.5;0;-3.72222222222222;-1.66666666666667;-5.5;-5;-0.384615384615388;-4.29166666666667;-5
14.09.06;34;11;43;8;40;31.4166666666667;-5.5;0;-3.66666666666667;-1.5;-5.5;-5.25;-0.230769230769235;-4.25;-5
15.09.06;35;11;43;8.2;38;28.8333333333333;-5.5;0;-3.61111111111111;-1.53846153846154;-5.5;-5.5;-0.0769230769230804;-4.20833333333333;-5
16.09.06;27;11;43.1666666666667;8.4;36;26.25;-5.5;0;-3.55555555555556;-1.57692307692308;-5.5;-5.75;0.0769230769230735;-4.16666666666667;-5
17.09.06;19;11;43.3333333333333;8.6;34;23.6666666666667;-5.5;0.6;-3.5;-1.61538461538461;-5.5;-6;0.230769230769228;-4.125;-4.5
18.09.06;18.5;10.75;43.5;8.8;32;21.0833333333334;-5.5;1.2;-3.44444444444444;-1.65384615384615;-5.5;-5.33333333333333;0.384615384615382;-4.08333333333333;-4
19.09.06;18;10.5;43.6666666666667;9;30;18.5;-5.5;1.8;-3.38888888888889;-1.69230769230769;-5.43181818181818;-4.66666666666667;0.538461538461535;-4.04166666666667;-3.5
20.09.06;17;10.25;43.8333333333333;9.2;29.375;18.375;-5.52941176470588;2.4;-3.33333333333333;-1.73076923076923;-5.36363636363636;-4;0.692307692307689;-4;-3
21.09.06;16;10;44;9.4;28.75;18.25;-5.55882352941176;3;-3.27777777777778;-1.76923076923077;-5.29545454545455;-3.33333333333333;0.846153846153844;-4;-2.5
22.09.06;15;10;44.2;9.6;28.125;18.125;-5.58823529411765;3.25;-3.22222222222222;-1.80769230769231;-5.22727272727273;-2.66666666666667;0.999999999999997;-4;-2
23.09.06;15.75;10;44.4;9.8;27.5;18;-5.61764705882353;3.5;-3.16666666666667;-1.84615384615385;-5.15909090909091;-2;0.444444444444442;-4;-1.5
24.09.06;16.5;10;44.6;10;26.875;23;-5.64705882352941;3.75;-3.11111111111111;-1.88461538461538;-5.09090909090909;-1.33333333333333;-0.111111111111113;-4;-1
25.09.06;17.25;10;44.8;10.2;26.25;28;-5.67647058823529;4;-3.05555555555556;-1.92307692307692;-5.02272727272727;-0.666666666666664;-0.666666666666668;-4;-0.5
26.09.06;18;10;45;10.4;25.625;33;-5.70588235294118;3.5;-3;-1.96153846153846;-4.95454545454545;0;-1.22222222222222;-4;0
27.09.06;18.4;10;45.4;10.6;25;34.4;-5.73529411764706;3;-2;-2;-4.88636363636364;0.66666666666667;-1.77777777777778;-4;0.5
28.09.06;18.8;10;45.8;10.8;28.4666666666667;35.8;-5.76470588235294;2.5;-1;-1.78571428571429;-4.81818181818182;1.33333333333334;-2.33333333333333;-4;1
29.09.06;19.2;10;46.2;11;31.9333333333333;37.2;-5.79411764705882;2;0;-1.57142857142857;-4.75;2;-2.88888888888889;-4;1.5
30.09.06;19.6;10;46.6;11.25;35.4;38.6;-5.82352941176471;1.5;1;-1.35714285714286;-4.68181818181818;2.66666666666667;-3.44444444444444;-4;2
01.10.06;20;10;47;11.5;38.8666666666667;40;-5.85294117647059;1;2;-1.14285714285714;-4.61363636363636;3.33333333333334;-4;-4;2.5
02.10.06;20;10;47;11.75;42.3333333333334;39;-5.88235294117647;0.75;3;-0.92857142857143;-4.54545454545455;4;-4;-4;3
03.10.06;20;10;47;12;45.8;38;-5.91176470588235;0.5;4;-0.714285714285716;-4.47727272727273;5.8;-4;-4;3.5
04.10.06;20.125;10;47;12;49.2666666666667;37;-5.94117647058824;0.25;5;-0.500000000000002;-4.40909090909091;7.6;-4;-4;4
05.10.06;20.25;10;47;12;52.7333333333334;36;-5.97058823529412;0;4.33333333333333;1.25;-4.34090909090909;9.4;-4;-4;4.14285714285714
06.10.06;20.375;9.83333333333333;47;12.4666666666667;56.2;35;-6;0;3.66666666666667;3;-4.27272727272727;11.2;-4;-4;4.28571428571429
07.10.06;20.5;9.66666666666667;47;12.9333333333333;59.6666666666667;34;-6;0;3;4.75;-4.20454545454545;13;-4;-4;4.42857142857143
08.10.06;20.5;9.5;47;13.4;63.1333333333334;33;-6;0;2.33333333333333;6.5;-4.13636363636364;20;-4;-4;4.57142857142857
09.10.06;20.5;9.375;47;13.8666666666667;66.6;34;-1.66666666666667;0;1.66666666666667;8.25;-4.06818181818182;26;-3.57142857142857;-4;4.71428571428572
10.10.06;20.5;9.25;47;14.3333333333333;70.0666666666667;35;2.66666666666666;1.25;0.999999999999998;10;-4;28.7142857142857;-3.14285714285714;-4;4.85714285714286
11.10.06;20.5;9.125;47;14.8;73.5333333333334;36;6.99999999999999;2.5;1.53125;11.4285714285714;-3.83333333333333;31.4285714285714;-2.71428571428571;-4;5
12.10.06;20.5;9;47;15.2666666666667;77.0000000000001;41.7;11.3333333333333;3.75;2.0625;12.8571428571429;-3.66666666666667;34.1428571428571;-2.28571428571428;-4;5.71428571428572
13.10.06;20.5;11;47;15.7333333333333;76.2;47.4;15.6666666666667;5;2.59375;14.2857142857143;-3.5;36.8571428571428;-1.85714285714286;-4;6.42857142857143
14.10.06;20.6666666666667;13;47.2;16.2;75.4;53.1;20;5.42857142857143;3.125;15.7142857142857;-3.33333333333333;39.5714285714286;-1.42857142857143;-3.96428571428571;7.14285714285714
15.10.06;20.8333333333333;15;47.4;16.6666666666667;74.6;58.8;24.3333333333333;5.85714285714286;3.65625;17.1428571428571;-3.16666666666666;42.2857142857143;-0.999999999999997;-3.92857142857143;7.85714285714286
16.10.06;21;17;47.6;17.1333333333333;73.8;64.5;28.6666666666666;6.28571428571429;4.1875;18.5714285714286;-3;45;0.333333333333333;-3.89285714285714;8.57142857142857
17.10.06;24.8;19;47.8;17.6;73;70.2;33;6.71428571428572;4.71875;20;-2.83333333333333;45;1.66666666666666;-3.85714285714286;9.28571428571429
18.10.06;28.6;21;48;18.0666666666667;72.2;75.9;31.9;7.14285714285715;5.25;20.4285714285714;-2.66666666666666;43.1428571428571;2.99999999999999;-3.82142857142857;10
19.10.06;32.4;23;48.5;18.5333333333333;71.4;81.6;30.8;7.57142857142857;5.78125;20.8571428571429;-2.5;41.2857142857143;4.33333333333332;-3.78571428571429;10.7142857142857
20.10.06;36.2;23.75;49;19;70.6;87.3;29.7;8;6.3125;21.2857142857143;-2.33333333333333;39.4285714285714;5.66666666666665;-3.75;11.4285714285714
21.10.06;40;24.5;49.5;19.4615384615385;69.8;93;28.6;9.16666666666667;6.84375;21.7142857142857;-2.16666666666666;37.5714285714286;6.99999999999998;-3.71428571428571;12.1428571428571
22.10.06;39.8333333333333;25.25;50;19.9230769230769;69;89;27.5;10.3333333333333;7.375;22.1428571428571;-2;35.7142857142857;9.28571428571427;-3.67857142857143;12.8571428571429
23.10.06;39.6666666666667;26;50;20.3846153846154;74.1;85;26.4;11.5;7.90625;22.5714285714286;-1.83333333333333;33.8571428571428;11.5714285714286;-3.64285714285714;13.5714285714286
24.10.06;39.5;26;50;20.8461538461538;79.2;81;25.3;12.6666666666667;8.4375;23;-1.66666666666666;32;13.8571428571429;-3.60714285714286;14.2857142857143
25.10.06;39.3333333333333;26;50;21.3076923076923;84.3;77;24.2;13.8333333333334;8.96875;23.3333333333333;-1.49999999999999;31.5;16.1428571428571;-3.57142857142857;15
26.10.06;39.1666666666667;26;50;21.7692307692308;89.4;73;23.1;15;9.5;23.6666666666667;-1.6;31;18.4285714285714;-3.53571428571429;15.8571428571429
27.10.06;39;26;50;22.2307692307692;94.5;69;22;16.1666666666667;9.28571428571429;24;-1.7;30.5;20.7142857142857;-3.5;16.7142857142857
28.10.06;36.6666666666667;26;50;22.6923076923077;99.6;65;22.5;17.3333333333334;9.07142857142857;24.3333333333333;-1.8;30;23;-3.32142857142857;17.5714285714286
29.10.06;34.3333333333333;26;50;23.1538461538462;104.7;65.3333333333333;23;18.5;8.85714285714286;24.6666666666667;-1.9;29.5;22.2222222222222;-3.14285714285714;18.4285714285714
30.10.06;32;26;50;23.6153846153846;109.8;65.6666666666667;23.5;19.7142857142857;8.64285714285714;25;-2;29;21.4444444444445;-2.96428571428571;19.2857142857143
31.10.06;32;27.3333333333333;50;24.0769230769231;114.9;66;24;20.9285714285714;8.42857142857143;28;-2;31;20.6666666666667;-2.78571428571428;20.1428571428571
01.11.06;32;28.6666666666667;50;24.5384615384615;120;64.4;23.3333333333333;22.1428571428571;8.21428571428572;34;-2;33;19.8888888888889;-2.60714285714286;21
02.11.06;32.4;30;50;25;116;62.8;22.6666666666667;23.3571428571428;8;34.1428571428571;0.83333333333333;35;19.1111111111111;-2.42857142857143;21.2857142857143
03.11.06;32.8;31.6666666666667;48.6923076923077;24.7;112;61.2;22;24.5714285714285;8.35714285714286;34.2857142857143;3.66666666666666;37;18.3333333333333;-2.25;21.5714285714286
04.11.06;33.2;33.3333333333333;47.3846153846154;24.4;108;59.6;21.3333333333333;25.7857142857143;8.71428571428571;34.4285714285714;6.49999999999999;39;17.5555555555556;-2.07142857142857;21.8571428571429
05.11.06;33.6;35;46.0769230769231;24.1;104;58;20.6666666666667;27;9.07142857142857;34.5714285714286;9.33333333333332;41;16.7777777777778;-1.89285714285714;22.1428571428571
06.11.06;34;32.5;44.7692307692308;23.8;100;59;20;29;9.42857142857143;34.7142857142857;12.1666666666667;43;16;-1.71428571428571;22.4285714285714
07.11.06;33.875;30;43.4615384615385;23.5;100;60;24;31;9.78571428571429;34.8571428571429;15;45;15.2307692307692;-1.53571428571428;22.7142857142857
08.11.06;33.75;27.5;42.1538461538461;23.4166666666667;100;66;28;30.2;10.1428571428571;35;13.75;47;14.4615384615385;-1.35714285714285;23
09.11.06;33.625;25;40.8461538461538;23.3333333333333;99.75;72;32;29.4;10.5;34.8;12.5;49;13.6923076923077;-1.17857142857142;24.7142857142857
10.11.06;33.5;25;39.5384615384615;23.25;99.5;78;36;28.6;13.7142857142857;34.6;11.25;51;12.9230769230769;-0.999999999999994;26.4285714285714
11.11.06;33.3333333333333;25;38.2307692307692;23.1666666666667;99.25;84;40;27.8;16.9285714285714;34.4;9.99999999999998;53;12.1538461538462;2.16666666666668;28.1428571428571
12.11.06;33.1666666666667;25;36.9230769230769;23.0833333333333;99;80.6666666666667;43.5;27;20.1428571428571;34.2;8.74999999999998;55;11.3846153846154;5.33333333333335;29.8571428571428
13.11.06;33;26.25;35.6153846153846;23;91;77.3333333333333;47;25.8333333333333;23.3571428571428;34;7.49999999999998;52.1428571428571;10.6153846153846;8.50000000000002;31.5714285714285
14.11.06;32.75;27.5;34.3076923076923;23.3333333333333;83;74;50;24.6666666666667;26.5714285714285;39;6.24999999999998;49.2857142857143;9.84615384615385;11.6666666666667;33.2857142857143
15.11.06;32.5;28.75;33;23.6666666666667;75;72.0909090909091;46.25;23.5;29.7857142857143;44;4.99999999999998;46.4285714285714;9.07692307692308;14.8333333333334;35
16.11.06;32.25;30;32.5714285714286;24;82.5;70.1818181818182;42.5;22.3333333333333;33;46;4.99999999999998;43.5714285714286;8.30769230769231;18;39.5
17.11.06;32;30;32.1428571428571;24.3333333333333;90;68.2727272727273;38.75;21.1666666666667;30.3333333333333;48;4.99999999999998;40.7142857142857;7.53846153846154;17.8571428571429;44
18.11.06;34.75;30;31.7142857142857;24.6666666666667;97.5;66.3636363636364;35;20;27.6666666666667;50;4.99999999999998;37.8571428571428;6.76923076923077;17.7142857142857;41.625
19.11.06;37.5;30;31.2857142857143;25;105;64.4545454545455;32.5;21;25;52;4.99999999999999;35;6;17.5714285714286;39.25
20.11.06;40.25;31.25;30.8571428571429;25.3333333333333;98.3333333333333;62.5454545454545;30;22;22.3333333333333;54;4.99999999999999;39.5;5.85714285714286;17.4285714285714;36.875
21.11.06;43;32.5;30.4285714285714;25.6666666666667;91.6666666666667;60.6363636363636;27.5;23;19.6666666666667;56;4.99999999999999;44;5.71428571428572;17.2857142857143;34.5
22.11.06;54;33.75;30;26;85;58.7272727272727;25;24;17;65;4.99999999999999;38.75;5.57142857142857;17.1428571428571;32.125
23.11.06;54.5;35;30;26.3333333333333;83;56.8181818181818;22.5;25;16;73;4.99999999999999;33.5;5.42857142857143;17;29.75
24.11.06;55;36.6666666666667;30;26.6666666666667;81;54.9090909090909;20;26;16;81;5;28.25;5.28571428571429;16.7142857142857;27.375
25.11.06;55.5;38.3333333333333;30;27;79;53;17.5;27;16;89;5;23;5.14285714285714;16.4285714285714;25
26.11.06;56;40;30;27.4;77;53;15;32;16;88;5;16.5;5;16.1428571428571;24.4
27.11.06;56.5;41.5;30;27.8;75;53;14.75;32;16;87;5;10;5;15.8571428571429;23.8
28.11.06;57;43;30;28.2;72.6666666666667;53;14.5;32;16;86;5.66666666666667;9.66666666666667;5;15.5714285714286;23.2
29.11.06;57.5;44.5;30;28.6;70.3333333333333;53;14.25;32;16;85;6.33333333333333;9.33333333333334;5;15.2857142857143;22.6
30.11.06;58;46;30;29;68;53;14;32;16;77;7;9;5;15;22
