01.12.05;6.87103173728946;;;98;97;99;97;96;95;96;98;99;98;100;100
02.12.05;5.80552987508962;;;98;97.0476190476191;98.5;97;96.25;95;97;98;99;98.0909090909091;100;100
03.12.05;4.74311642841538;93;97;98;97.0952380952381;98;97;96.5;95.3076923076923;96.8947368421053;98;99;98.1818181818182;100;100
04.12.05;3.68377354511662;93.3333333333333;96.8333333333333;98;97.1428571428571;97.5;97;96.75;95.6153846153846;96.7894736842105;98;99;98.2727272727273;100;100
05.12.05;4.30135142076107;93.6666666666667;96.6666666666667;98;97.1904761904762;97;97;97;95.9230769230769;96.6842105263158;98;99;98.3636363636364;100;100
06.12.05;4.91997162242844;94;96.5;98;97.2380952380952;96.5;97;97.25;96.2307692307692;96.5789473684211;98;99;98.4545454545455;100;100
07.12.05;5.5396376744697;94.3333333333333;96.3333333333333;98;97.2857142857143;96;97;97.5;96.5384615384615;96.4736842105263;98;99;98.5454545454546;100;100
08.12.05;6.16035311914073;94.6666666666667;96.1666666666667;98.0571428571429;97.3333333333333;95.5;97;97.75;96.8461538461539;96.3684210526316;98.2857142857143;99;98.6363636363636;100;100
09.12.05;6.78212151672467;95;96;98.1142857142857;97.3809523809524;95;97;98;97.1538461538462;96.2631578947368;98.5714285714286;99;98.7272727272727;100;100
10.12.05;7.40494644565371;95.3333333333333;96.0277777777778;98.1714285714286;97.4285714285714;94.5;97;98.25;97.4615384615385;96.1578947368421;98.8571428571429;99;98.8181818181818;100;100
11.12.05;7.93964002330699;95.6666666666667;96.0555555555556;98.2285714285714;97.4761904761905;94;97;98.5;97.7692307692308;96.0526315789474;99.1428571428571;99;98.9090909090909;100;100
12.12.05;8.47511474598241;96;96.0833333333333;98.2857142857143;97.5238095238095;93.5;97;98.75;98.0769230769231;95.9473684210526;99.4285714285714;99;99;100;100
13.12.05;9.01137289940207;96.3333333333333;96.1111111111111;98.3428571428571;97.5714285714286;93;97;99;98.3846153846154;95.8421052631579;99.7142857142857;99;99;100;100
14.12.05;9.54841677933452;96.6666666666667;96.1388888888889;98.4;97.6190476190476;93.1034482758621;97;99.25;98.6923076923077;95.7368421052632;100;99;99;100;100
15.12.05;10.0862486916554;97;96.1666666666667;98.4571428571429;97.6666666666667;93.2068965517241;97;99.5;99;95.6315789473684;99.7692307692308;99;99;100;100
16.12.05;10.6248709524047;97.1;96.1944444444444;98.5142857142857;97.7142857142857;93.3103448275862;97;99.75;98.625;95.5263157894737;99.5384615384615;99;99;99.8461538461538;100
17.12.05;11.1642858878489;97.2;96.2222222222222;98.5714285714286;97.7619047619048;93.4137931034483;97;100;98.25;95.421052631579;99.3076923076923;99;99;99.6923076923077;100
18.12.05;11.7044958345392;97.3;96.25;98.6285714285714;97.8095238095238;93.5172413793104;97;99.6;97.875;95.3157894736842;99.0769230769231;99;99;99.5384615384615;100
19.12.05;12.2455031393737;97.4;96.2777777777778;98.6857142857143;97.8571428571429;93.6206896551724;97;99.2;97.5;95.2105263157895;98.8461538461538;99;99;99.3846153846154;100
20.12.05;12.7873101596581;97.5;96.3055555555556;98.7428571428572;97.9047619047619;93.7241379310345;97;98.8;97.125;95.1052631578947;98.6153846153846;99.125;99;99.2307692307692;100
21.12.05;13.3299192631665;97.6;96.3333333333333;98.8;97.952380952381;93.8275862068966;97;98.4;96.75;95;98.3846153846154;99.25;99;99.0769230769231;100
22.12.05;13.8733328282055;97.7;96.3611111111111;98.8571428571429;98;93.9310344827586;97;98;96.375;95.2;98.1538461538462;99.375;99;98.9230769230769;100
23.12.05;14.4175532436742;97.8;96.3888888888889;98.9142857142857;98.0384615384615;94.0344827586207;97;98.0909090909091;96;95.4;97.9230769230769;99.5;99;98.7692307692308;100
24.12.05;14.9625829091294;97.9;96.4166666666667;98.9714285714286;98.0769230769231;94.1379310344828;97;98.1818181818182;96.0952380952381;95.6;97.6923076923077;99.625;99;98.6153846153846;100
25.12.05;14.9625829091294;98;96.4444444444444;99.0285714285714;98.1153846153846;94.2413793103448;97;98.2727272727273;96.1904761904762;95.8;97.4615384615385;99.75;99;98.4615384615385;100
26.12.05;14.9625829091294;97.6666666666667;96.4722222222222;99.0857142857143;98.1538461538462;94.3448275862069;97;98.3636363636364;96.2857142857143;96;97.2307692307692;99.875;99.0476190476191;98.3076923076923;100
27.12.05;14.9625829091294;97.3333333333333;96.5;99.1428571428571;98.1923076923077;94.448275862069;97;98.4545454545455;96.3809523809524;96.2;97;100;99.0952380952381;98.1538461538462;100
28.12.05;14.9625829091294;97;96.5277777777778;99.2;98.2307692307692;94.551724137931;97;98.5454545454546;96.4761904761905;96.4;97.0769230769231;99.8571428571429;99.1428571428571;98;100
29.12.05;14.9625829091294;96.6666666666667;96.5555555555556;99.2571428571429;98.2692307692308;94.6551724137931;97;98.6363636363636;96.5714285714286;96.6;97.1538461538462;99.7142857142857;99.1904761904762;98;100
30.12.05;15.2563964579131;96.3333333333333;96.5833333333333;99.3142857142857;98.3076923076923;94.7586206896552;97;98.7272727272727;96.6666666666667;96.8;97.2307692307692;99.5714285714286;99.2380952380952;98;100
31.12.05;15.5504457175514;96;96.6111111111111;99.3714285714286;98.3461538461538;94.8620689655172;97;98.8181818181818;96.7619047619048;97;97.3076923076923;99.4285714285714;99.2857142857143;98;100
01.01.06;15.8447310665444;96.0909090909091;96.6388888888889;99.4285714285714;98.3846153846154;94.9655172413793;97;98.9090909090909;96.8571428571429;97.2;97.3846153846154;99.2857142857143;99.3333333333333;98;100
02.01.06;16.1392528843045;96.1818181818182;96.6666666666667;99.4857142857143;98.4230769230769;95.0689655172414;97;99;96.952380952381;97.4;97.4615384615385;99.1428571428571;99.3809523809524;98;100
03.01.06;16.4340115511595;96.2727272727273;96.6944444444444;99.5428571428571;98.4615384615385;95.1724137931034;97;99.0909090909091;97.0476190476191;97.6;97.5384615384615;99;99.4285714285714;98;100
04.01.06;16.7290074483553;96.3636363636364;96.7222222222222;99.6;98.5;95.2758620689655;97;99.1818181818182;97.1428571428571;97.8;97.6153846153846;98.8571428571429;99.4761904761905;98;100
05.01.06;17.0242409580596;96.4545454545455;96.75;99.6571428571429;98.5384615384615;95.3793103448276;97;99.2727272727273;97.2380952380952;98;97.6923076923077;98.7142857142857;99.5238095238095;98;100
06.01.06;17.3197124633639;96.5454545454546;96.7777777777778;99.7142857142857;98.5769230769231;95.4827586206897;97;99.3636363636364;97.3333333333333;98.2;97.7692307692308;98.5714285714286;99.5714285714286;98;100
07.01.06;17.6154223482867;96.6363636363636;96.8055555555556;99.7714285714286;98.6153846153846;95.5862068965517;97;99.4545454545455;97.4285714285714;98.4;97.8461538461538;98.4285714285714;99.6190476190476;98;100
08.01.06;17.9113709977771;96.7272727272727;96.8333333333333;99.8285714285714;98.6538461538462;95.6896551724138;97;99.5454545454546;97.5238095238095;98.6;97.9230769230769;98.2857142857143;99.6666666666667;98;100
09.01.06;18.2075587977175;96.8181818181818;96.8611111111111;99.8857142857143;98.6923076923077;95.7931034482759;97;99.6363636363636;97.6190476190476;98.8;98;98.1428571428571;99.7142857142857;98;100
10.01.06;18.5039861349261;96.9090909090909;96.8888888888889;99.9428571428571;98.7307692307692;95.8965517241379;97;99.7272727272727;97.7142857142857;99;98.3333333333333;98;99.7619047619048;98;100
11.01.06;18.8006533971605;97;96.9166666666667;100;98.7692307692308;96;97;99.8181818181818;97.8095238095238;98.8571428571429;98.6666666666667;98;99.8095238095238;98;100
12.01.06;17.5168258762783;96.8;96.9444444444444;99.875;98.8076923076923;96;97;99.9090909090909;97.9047619047619;98.7142857142857;99;98;99.8571428571429;98;100
13.01.06;16.2374794378819;96.6;96.9722222222222;99.75;98.8461538461539;96;97;100;98;98.5714285714286;99.3333333333333;98;99.9047619047619;98;100
14.01.06;14.9625829091294;96.4;97;99.625;98.8846153846154;96;97;99.9090909090909;98;98.4285714285714;99.6666666666667;98;99.952380952381;98;100
15.01.06;14.9625829091294;96.2;96.7307692307692;99.5;98.9230769230769;96;97;99.8181818181818;98;98.2857142857143;100;98;100;98;100
16.01.06;14.9625829091294;96;96.4615384615385;99.375;98.9615384615385;96;97;99.7272727272727;98;98.1428571428571;100;98;100;98.1052631578947;100
17.01.06;14.9625829091294;95.5714285714286;96.1923076923077;99.25;99;96;97;99.6363636363636;98;98;100;98;100;98.2105263157895;100
18.01.06;14.9625829091294;95.1428571428571;95.9230769230769;99.125;99.0344827586207;96;97;99.5454545454546;98;97.8571428571429;100;98;100;98.3157894736842;100
19.01.06;14.9625829091294;94.7142857142857;95.6538461538462;99;99.0689655172414;96;97;99.4545454545455;98;97.7142857142857;100;98;100;98.421052631579;100
20.01.06;14.9625829091294;94.2857142857143;95.3846153846154;99.0277777777778;99.1034482758621;96;97;99.3636363636364;98;97.5714285714286;100;98;100;98.5263157894737;100
21.01.06;14.9625829091294;93.8571428571429;95.1153846153846;99.0555555555556;99.1379310344828;96;97;99.2727272727273;98;97.4285714285714;100;98;100;98.6315789473684;100
22.01.06;14.0093121962947;93.4285714285714;94.8461538461539;99.0833333333333;99.1724137931034;96;97;99.1818181818182;98;97.2857142857143;100;98;100;98.7368421052632;100
23.01.06;13.0585143026127;93;94.5769230769231;99.1111111111111;99.2068965517241;96;97;99.0909090909091;98.0833333333333;97.1428571428571;100;98;99.9285714285714;98.8421052631579;100
24.01.06;12.1101764321023;93.8;94.3076923076923;99.1388888888889;99.2413793103448;96;97;99;98.1666666666667;97;100;98;99.8571428571429;98.9473684210526;100
25.01.06;11.1642858878489;94.6;94.0384615384616;99.1666666666667;99.2758620689655;96;97;98.9090909090909;98.25;97;100;98;99.7857142857143;99.0526315789474;100
26.01.06;11.1642858878489;95.4;93.7692307692308;99.1944444444444;99.3103448275862;96;97;98.8181818181818;98.3333333333333;97;100;98;99.7142857142857;99.1578947368421;100
27.01.06;11.1642858878489;96.2;93.5;99.2222222222222;99.3448275862069;96;97;98.7272727272727;98.4166666666667;97;100;98;99.6428571428571;99.2631578947369;100
28.01.06;11.1642858878489;97;93.2307692307692;99.25;99.3793103448276;96;97;98.6363636363636;98.5;97;100;98;99.5714285714286;99.3684210526316;100
29.01.06;11.1642858878489;97;92.9615384615385;99.2777777777778;99.4137931034483;96;97;98.5454545454546;98.5833333333333;97;100;98;99.5;99.4736842105263;100
30.01.06;11.1642858878489;97;92.6923076923077;99.3055555555556;99.448275862069;96.1666666666667;97;98.4545454545455;98.6666666666667;97;100;98;99.4285714285714;99.5789473684211;100
31.01.06;10.4093270576421;97;92.4230769230769;99.3333333333333;99.4827586206897;96.3333333333333;97;98.3636363636364;98.75;97;100;98;99.3571428571429;99.6842105263158;100
01.02.06;9.65592004524112;97;92.1538461538462;99.3611111111111;99.5172413793104;96.5;97;98.2727272727273;98.8333333333333;97;100;98;99.2857142857143;99.7894736842105;100
02.02.06;8.90405848420686;97;91.8846153846154;99.3888888888889;99.551724137931;96.6666666666667;97;98.1818181818182;98.9166666666667;97;100;98;99.2142857142857;99.8947368421053;100
03.02.06;8.15373604719836;97;91.6153846153846;99.4166666666667;99.5862068965517;96.8333333333333;97;98.0909090909091;99;97;100;98;99.1428571428571;100;100
04.02.06;7.40494644565371;97;91.3461538461539;99.4444444444444;99.6206896551724;97;96.5;98;98.3076923076923;97;100;98;99.0714285714286;99.9230769230769;100
05.02.06;8.02883150263283;97;91.0769230769231;99.4722222222222;99.6551724137931;97;96;98;97.6153846153846;97;100;98;99;99.8461538461538;100
06.02.06;8.65378030276453;97;90.8076923076923;99.5;99.6896551724138;97;95.5;98;96.9230769230769;97;99.9285714285714;98;99.1428571428571;99.7692307692308;100
07.02.06;9.27979647967449;97;90.5384615384616;99.5277777777778;99.7241379310345;97;95;98;96.2307692307692;97;99.8571428571429;98;99.2857142857143;99.6923076923077;100
08.02.06;9.90688368563851;97;90.2692307692308;99.5555555555556;99.7586206896552;97;94.5;98;95.5384615384616;97;99.7857142857143;98;99.4285714285714;99.6153846153846;100
09.02.06;10.5350455917099;97;90;99.5833333333333;99.7931034482759;97;94;98;94.8461538461539;97;99.7142857142857;98;99.5714285714286;99.5384615384615;100
10.02.06;11.1642858878489;97;90.1764705882353;99.6111111111111;99.8275862068966;97;93.5;98;94.1538461538462;97;99.6428571428571;98;99.7142857142857;99.4615384615385;100
11.02.06;11.1642858878489;97;90.3529411764706;99.6388888888889;99.8620689655172;97;93;98;93.4615384615385;97;99.5714285714286;98;99.8571428571429;99.3846153846154;100
12.02.06;11.1642858878489;96.6666666666667;90.5294117647059;99.6666666666667;99.8965517241379;97;92.5;98;92.7692307692308;97;99.5;98;100;99.3076923076923;100
13.02.06;11.1642858878489;96.3333333333333;90.7058823529412;99.6944444444444;99.9310344827586;96.9642857142857;92;98;92.0769230769231;97;99.4285714285714;98;99.1428571428571;99.2307692307692;100
14.02.06;11.1642858878489;96;90.8823529411765;99.7222222222222;99.9655172413793;96.9285714285714;92.3846153846154;98;91.3846153846154;97;99.3571428571429;98;98.2857142857143;99.1538461538462;100
15.02.06;11.1642858878489;96;91.0588235294118;99.75;100;96.8928571428571;92.7692307692308;98;90.6923076923077;97;99.2857142857143;98;97.4285714285714;99.0769230769231;100
16.02.06;11.1642858878489;96;91.2352941176471;99.7777777777778;100;96.8571428571429;93.1538461538462;98;90;97;99.2142857142857;98;96.5714285714286;99;100
17.02.06;10.5350455917099;96;91.4117647058824;99.8055555555556;100;96.8214285714286;93.5384615384616;98;90.9;97;99.1428571428571;98;95.7142857142857;99.0434782608696;100
18.02.06;9.90688368563851;96;91.5882352941177;99.8333333333333;100;96.7857142857143;93.9230769230769;98;91.8;97;99.0714285714286;98;94.8571428571429;99.0869565217391;100
19.02.06;9.27979647967449;96;91.7647058823529;99.8611111111111;100;96.75;94.3076923076923;98;92.7;97;99;98;94;99.1304347826087;100
20.02.06;8.65378030276453;96;91.9411764705882;99.8888888888889;100;96.7142857142857;94.6923076923077;98.1428571428571;93.6;97;99.0666666666667;98;94.5;99.1739130434783;100
21.02.06;8.02883150263283;96;92.1176470588235;99.9166666666667;100;96.6785714285714;95.0769230769231;98.2857142857143;94.5;97;99.1333333333333;98;95;99.2173913043478;100
22.02.06;7.40494644565371;96;92.2941176470588;99.9444444444444;100;96.6428571428571;95.4615384615385;98.4285714285714;95.4;96.7142857142857;99.2;98;95.5;99.2608695652174;100
23.02.06;8.02883150263283;96;92.4705882352941;99.9722222222222;100;96.6071428571429;95.8461538461539;98.5714285714286;96.3;96.4285714285714;99.2666666666667;98;96;99.304347826087;100
24.02.06;8.65378030276453;96;92.6470588235294;100;100;96.5714285714286;96.2307692307692;98.7142857142857;97.2;96.1428571428571;99.3333333333333;98;96.5;99.3478260869565;100
25.02.06;9.27979647967449;96.1428571428571;92.8235294117647;99.9705882352941;100;96.5357142857143;96.6153846153846;98.8571428571429;98.1;95.8571428571429;99.4;98;97;99.3913043478261;100
26.02.06;9.90688368563851;96.2857142857143;93;99.9411764705882;100;96.5;97;99;99;95.5714285714286;99.4666666666667;98;97.5;99.4347826086957;99.6
27.02.06;10.5350455917099;96.4285714285714;93.1764705882353;99.9117647058824;100;96.4642857142857;97;98.75;99;95.2857142857143;99.5333333333333;97.9230769230769;98;99.4782608695652;99.2
28.02.06;11.1642858878489;96.5714285714286;93.3529411764706;99.8823529411765;100;96.4285714285714;97;98.5;99;95;99.6;97.8461538461538;97.8333333333333;99.5217391304348;98.8
01.03.06;11.1642858878489;96.7142857142857;93.5294117647059;99.8529411764706;100;96.3928571428571;97;98.25;99;95.1111111111111;99.6666666666667;97.7692307692308;97.6666666666667;99.5652173913043;98.4
02.03.06;11.1642858878489;96.8571428571429;93.7058823529412;99.8235294117647;100;96.3571428571429;97;98;99;95.2222222222222;99.7333333333333;97.6923076923077;97.5;99.6086956521739;98
03.03.06;11.1642858878489;97;93.8823529411765;99.7941176470588;100;96.3214285714286;97;97.75;99;95.3333333333333;99.8;97.6153846153846;97.3333333333333;99.6521739130435;98.125
04.03.06;11.1642858878489;96.6;94.0588235294118;99.7647058823529;100;96.2857142857143;97;97.5;99;95.4444444444444;99.8666666666667;97.5384615384615;97.1666666666667;99.6956521739131;98.25
05.03.06;11.1642858878489;96.2;94.2352941176471;99.7352941176471;100;96.25;97;97.25;98.7142857142857;95.5555555555556;99.9333333333333;97.4615384615385;97;99.7391304347826;98.375
06.03.06;11.1642858878489;95.8;94.4117647058824;99.7058823529412;100;96.2142857142857;97;97;98.4285714285714;95.6666666666667;100;97.3846153846154;96.3333333333333;99.7826086956522;98.5
07.03.06;11.1642858878489;95.4;94.5882352941176;99.6764705882353;100;96.1785714285714;95.7142857142857;97.4;98.1428571428571;95.7777777777778;100;97.3076923076923;95.6666666666667;99.8260869565217;98.625
08.03.06;11.1642858878489;95;94.7647058823529;99.6470588235294;100;96.1428571428571;94.4285714285714;97.8;97.8571428571429;95.8888888888889;100;97.2307692307692;95;99.8695652173913;98.75
09.03.06;11.1642858878489;95.5;94.9411764705882;99.6176470588235;100;96.1071428571429;93.1428571428571;98.2;97.5714285714286;96;100;97.1538461538462;94.3333333333333;99.9130434782609;98.875
10.03.06;11.1642858878489;96;95.1176470588235;99.5882352941177;100;96.0714285714286;91.8571428571428;98.6;97.2857142857143;96.1666666666667;100;97.0769230769231;93.6666666666667;99.9565217391304;99
11.03.06;11.1642858878489;96.5;95.2941176470588;99.5588235294118;100;96.0357142857143;90.5714285714286;99;97;96.3333333333333;100;97;93;100;99.0833333333333
12.03.06;11.1642858878489;97;95.4705882352941;99.5294117647059;100;96;89.2857142857143;98.8;97.1538461538462;96.5;100;97.2;93.2105263157895;100;99.1666666666667
13.03.06;11.1642858878489;97.125;95.6470588235294;99.5;100;96.2222222222222;88;98.6;97.3076923076923;96.6666666666667;100;97.4;93.421052631579;100;99.25
14.03.06;11.1642858878489;97.25;95.8235294117647;99.4705882352941;100;96.4444444444444;89.25;98.4;97.4615384615385;96.8333333333333;100;97.6;93.6315789473684;100;99.3333333333333
15.03.06;11.1642858878489;97.375;96;99.4411764705882;99.952380952381;96.6666666666667;90.5;98.2;97.6153846153846;97;100;97.8;93.8421052631579;100;99.4166666666667
16.03.06;11.1642858878489;97.5;96;99.4117647058824;99.9047619047619;96.8888888888889;91.75;98;97.7692307692308;97.2857142857143;100;98;94.0526315789474;100;99.5
17.03.06;11.1642858878489;97.625;96;99.3823529411765;99.8571428571429;97.1111111111111;93;97.8;97.9230769230769;97.5714285714286;100;98.2;94.2631578947369;100;99.5833333333333
18.03.06;11.1642858878489;97.75;96;99.3529411764706;99.8095238095238;97.3333333333333;94.25;97.6;98.0769230769231;97.8571428571429;100;98.4;94.4736842105263;100;99.6666666666667
19.03.06;11.1642858878489;97.875;96;99.3235294117647;99.7619047619048;97.5555555555556;95.5;97.4;98.2307692307692;98.1428571428571;100;98.6;94.6842105263158;100;99.75
20.03.06;11.1642858878489;98;96;99.2941176470588;99.7142857142857;97.7777777777778;96.75;97.2;98.3846153846154;98.4285714285714;100;98.8;94.8947368421053;100;99.8333333333333
21.03.06;11.1642858878489;97.8333333333333;96;99.2647058823529;99.6666666666667;98;98;97;98.5384615384615;98.7142857142857;100;99;95.1052631578947;100;99.9166666666667
22.03.06;11.1642858878489;97.6666666666667;96;99.2352941176471;99.6190476190476;97.9166666666667;97.2307692307692;96.8;98.6923076923077;99;100;98.6666666666667;95.3157894736842;100;100
23.03.06;11.9208029417204;97.5;96;99.2058823529412;99.5714285714286;97.8333333333333;96.4615384615385;96.6;98.8461538461539;99.1111111111111;100;98.3333333333333;95.5263157894737;100;100
24.03.06;12.6788846648632;97.3333333333333;96;99.1764705882353;99.5238095238095;97.75;95.6923076923077;96.4;99;99.2222222222222;100;98;95.7368421052632;100;100
25.03.06;13.43853754296;97.1666666666667;96;99.1470588235294;99.4761904761905;97.6666666666667;94.9230769230769;96.2;98.0714285714286;99.3333333333333;100;97.6666666666667;95.9473684210526;100;100
26.03.06;14.1997681021029;97;96;99.1176470588235;99.4285714285714;97.5833333333333;94.1538461538462;96;97.1428571428571;99.4444444444444;100;97.3333333333333;96.1578947368421;100;100
27.03.06;14.9625829091294;97;96;99.0882352941177;99.3809523809524;97.5;93.3846153846154;96.4285714285714;96.2142857142857;99.5555555555556;100;97;96.3684210526316;99.2;100
28.03.06;14.4175532436742;97;96;99.0588235294118;99.3333333333333;97.4166666666667;92.6153846153846;96.8571428571429;95.2857142857143;99.6666666666667;100;97;96.5789473684211;98.4;100
29.03.06;13.8733328282053;97;96;99.0294117647059;99.2857142857143;97.3333333333333;91.8461538461539;97.2857142857143;94.3571428571429;99.7777777777778;100;97;96.7894736842105;97.6;100
30.03.06;13.3299192631665;97;96;99;99.2380952380952;97.25;91.0769230769231;97.7142857142857;93.4285714285714;99.8888888888889;100;97;97;96.8;100
31.03.06;12.7873101596581;97;96;99;99.1904761904762;97.1666666666667;90.3076923076923;98.1428571428571;92.5;100;100;97;97.3333333333333;96;100
01.04.06;12.2455031393737;97;96;99;99.1428571428571;97.0833333333333;89.5384615384616;98.5714285714286;91.5714285714286;99.8235294117647;100;97;97.6666666666667;96.375;100
02.04.06;11.7044958345392;97;96;99;99.0952380952381;97;88.7692307692308;99;90.6428571428571;99.6470588235294;100;97;98;96.75;100
03.04.06;11.1642858878489;97;96.0384615384615;99;99.0476190476191;97;88;99;89.7142857142857;99.4705882352941;100;97;98.3333333333333;97.125;100
04.04.06;11.1642858878489;97;96.0769230769231;99;99;97;89.2857142857143;99;88.7857142857143;99.2941176470588;100;97;98.6666666666667;97.5;100
05.04.06;11.1642858878489;97;96.1153846153846;99;99;97;90.5714285714286;99;87.8571428571429;99.1176470588235;100;97.5;99;97.875;100
06.04.06;11.1642858878489;97;96.1538461538462;99;99;97;91.8571428571429;99;86.9285714285714;98.9411764705882;100;98;99.3333333333333;98.25;100
07.04.06;11.1642858878489;97;96.1923076923077;99;99;97;93.1428571428572;99;86;98.7647058823529;100;98.5;99.6666666666667;98.625;99.8888888888889
08.04.06;11.1642858878489;97;96.2307692307692;99;99;97;94.4285714285714;99;89.25;98.5882352941177;100;99;100;99;99.7777777777778
09.04.06;11.1642858878489;97;96.2692307692308;99;99;97;95.7142857142857;99;92.5;98.4117647058824;100;99.5;99.2857142857143;99.1428571428571;99.6666666666667
10.04.06;11.1642858878489;97;96.3076923076923;99;99;97;97;98.1428571428571;95.75;98.2352941176471;100;100;98.5714285714286;99.2857142857143;99.5555555555556
11.04.06;7.40494644565371;97;96.3461538461538;99;99;97;97.1333333333333;97.2857142857143;99;98.0588235294118;100;100;97.8571428571429;99.4285714285714;99.4444444444444
12.04.06;3.68377354511662;97;96.3846153846154;99;99;97;97.2666666666667;96.4285714285714;99;97.8823529411765;99.8571428571429;100;97.1428571428571;99.5714285714286;99.3333333333333
13.04.06;3.68;97;96.4230769230769;99;99;97;97.4;95.5714285714286;99;97.7058823529412;99.7142857142857;100;96.4285714285714;99.7142857142857;99.2222222222222
14.04.06;3.64711847408447;97;96.4615384615385;99;99;97;97.5333333333333;94.7142857142857;99;97.5294117647059;99.5714285714286;100;95.7142857142857;99.8571428571429;99.1111111111111
15.04.06;7.25830416224905;97;96.5;99;99;97;97.6666666666667;93.8571428571429;98.8333333333333;97.3529411764706;99.4285714285714;100;95;100;99
16.04.06;10.8342582088734;97;96.5384615384615;99;99;98;97.8;93;98.6666666666667;97.1764705882353;99.2857142857143;100;95.625;99.9230769230769;99.1428571428571
17.04.06;14.3756614346702;97;96.5769230769231;99;99;99;97.9333333333333;93.3846153846154;98.5;97;99.1428571428571;100;96.25;99.8461538461538;99.2857142857143
18.04.06;17.8831751146539;97;96.6153846153846;99;98.8;99;98.0666666666667;93.7692307692308;98.3333333333333;96;99;100;96.875;99.7692307692308;99.4285714285714
19.04.06;21.3574417192388;97;96.6538461538462;99;98.6;99;98.2;94.1538461538462;98.1666666666667;95;99.1;100;97.5;99.6923076923077;99.5714285714286
20.04.06;24.7990856205418;97;96.6923076923077;99;98.4;99;98.3333333333333;94.5384615384616;98;94;99.2;100;98.125;99.6153846153846;99.7142857142857
21.04.06;28.2087137658321;97;96.7307692307692;99;98.2;99;98.4666666666667;94.9230769230769;98.2857142857143;93;99.3;100;98.75;99.5384615384615;99.8571428571429
22.04.06;15.5485660594884;97;96.7692307692308;99;98;99;98.6;95.3076923076923;98.5714285714286;93.2857142857143;99.4;100;99.375;99.4615384615385;100
23.04.06;12.4354400731695;96.6666666666667;96.8076923076923;99;97.8;99;98.7333333333333;95.6923076923077;98.8571428571429;93.5714285714286;99.5;100;100;99.3846153846154;99.6
24.04.06;11.1642858878489;96.3333333333333;96.8461538461539;99;97.6;99;98.8666666666667;96.0769230769231;99.1428571428571;93.8571428571429;99.6;100;99.8333333333333;99.3076923076923;99.2
25.04.06;11.1642858878489;96;96.8846153846154;99;97.4;99;99;96.4615384615385;99.4285714285714;94.1428571428571;99.7;99.9285714285714;99.6666666666667;99.2307692307692;98.8
26.04.06;11.1642858878489;95.6666666666667;96.9230769230769;99;97.2;99;99;96.8461538461539;99.7142857142857;94.4285714285714;99.8;99.8571428571429;99.5;99.1538461538462;98.4
27.04.06;11.1642858878489;95.3333333333333;96.9615384615385;99;97;98.8;99;97.2307692307692;100;94.7142857142857;99.9;99.7857142857143;99.3333333333333;99.0769230769231;98
28.04.06;11.1642858878489;95;97;99;96.9;98.6;99;97.6153846153846;99.7333333333333;95;100;99.7142857142857;99.1666666666667;99;98.0666666666667
29.04.06;11.1642858878489;95.2;96.5;99;96.8;98.4;99;98;99.4666666666667;95.2857142857143;99.8333333333333;99.6428571428571;99;99;98.1333333333333
30.04.06;11.1642858878489;95.4;96;99;96.7;98.2;99;97.8888888888889;99.2;95.5714285714286;99.6666666666667;99.5714285714286;98.75;99;98.2
01.05.06;11.1642858878489;95.6;96;99;96.6;98;99;97.7777777777778;98.9333333333333;95.8571428571429;99.5;99.5;98.5;99;98.2666666666667
02.05.06;11.1642858878489;95.8;96;99;96.5;97.8;99;97.6666666666667;98.6666666666667;96.1428571428571;99.3333333333333;99.4285714285714;98.25;99;98.3333333333333
03.05.06;11.1642858878489;96;96;99;96.4;97.6;99;97.5555555555556;98.4;96.4285714285714;99.1666666666667;99.3571428571429;98;99;98.4
04.05.06;11.1642858878489;96.2;96;99;96.3;97.4;99;97.4444444444444;98.1333333333333;96.7142857142857;99;99.2857142857143;97.75;99;98.4666666666667
05.05.06;11.1642858878489;96.4;96.3;99;96.2;97.2;99;97.3333333333333;97.8666666666667;97;98.8333333333333;99.2142857142857;97.5;99;98.5333333333333
06.05.06;11.1642858878489;96.6;96.6;99;96.1;97;99;97.2222222222222;97.6;96.75;98.6666666666667;99.1428571428571;97.25;99;98.6
07.05.06;13.0585143026127;96.8;96.9;99;96;97.2857142857143;99;97.1111111111111;97.3333333333333;96.5;98.5;99.0714285714286;97;99;98.6666666666667
08.05.06;14.9625829091294;97;97.2;99;96.0408163265306;97.5714285714286;99;97;97.0666666666667;96.25;98.3333333333333;99;97.3333333333333;99;98.7333333333333
09.05.06;16.8765944777224;97.25;97.5;99;96.0816326530612;97.8571428571429;98.974358974359;95.8333333333333;96.8;96;98.1666666666667;99.1428571428571;97.6666666666667;99;98.8
10.05.06;18.8006533971605;97.5;97.8;99;96.1224489795918;98.1428571428571;98.9487179487179;94.6666666666667;96.5333333333333;95.75;98;99.2857142857143;98;99;98.8666666666667
11.05.06;21.3818780259566;97.75;98.1;99;96.1632653061225;98.4285714285714;98.9230769230769;93.5;96.2666666666667;95.5;98.3333333333333;99.4285714285714;98.3333333333333;99;98.9333333333333
12.05.06;23.9814093653329;98;98.4;98.25;96.2040816326531;98.7142857142857;98.8974358974359;92.3333333333333;96;95.25;98.6666666666667;99.5714285714286;98.6666666666667;98.6666666666667;99
13.05.06;26.5995089430384;97.8333333333333;98.7;97.5;96.2448979591837;99;98.8717948717949;91.1666666666667;96.1538461538462;95;99;99.7142857142857;99;98.3333333333333;99.1428571428571
14.05.06;23.9814093653329;97.6666666666667;99;96.75;96.2857142857143;99;98.8461538461538;90;96.3076923076923;94.75;99.3333333333333;99.8571428571429;99;98;99.2857142857143
15.05.06;21.3818780259566;97.5;98.8461538461538;96;96.3265306122449;99;98.8205128205128;91.2857142857143;96.4615384615385;94.5;99.6666666666667;100;99;98.4;99.4285714285714
16.05.06;18.8006533971605;97.3333333333333;98.6923076923077;95.25;96.3673469387755;99;98.7948717948718;92.5714285714286;96.6153846153846;94.25;100;99.875;99;98.8;99.5714285714286
17.05.06;14.9625829091294;97.1666666666667;98.5384615384615;94.5;96.4081632653061;98.6666666666667;98.7692307692308;93.8571428571429;96.7692307692308;94;99.8095238095238;99.75;99;99.2;99.7142857142857
18.05.06;11.1642858878489;97;98.3846153846154;93.75;96.4489795918367;98.3333333333333;98.7435897435897;95.1428571428572;96.9230769230769;94.4444444444444;99.6190476190476;99.625;99;99.6;99.8571428571429
19.05.06;7.40494644565371;97;98.2307692307692;93;96.4897959183674;98;98.7179487179487;96.4285714285714;97.0769230769231;94.8888888888889;99.4285714285714;99.5;99;100;100
20.05.06;8.65378030276453;97;98.0769230769231;92.25;96.530612244898;97.6666666666667;98.6923076923077;97.7142857142857;97.2307692307692;95.3333333333333;99.2380952380952;99.375;99.125;99.8;100
21.05.06;9.90688368563851;97;97.9230769230769;91.5;96.5714285714286;97.3333333333333;98.6666666666667;99;97.3846153846154;95.7777777777778;99.0476190476191;99.25;99.25;99.6;100
22.05.06;11.1642858878489;97;97.7692307692308;90.75;96.6122448979592;97;98.6410256410256;98.5714285714286;97.5384615384615;96.2222222222222;98.8571428571429;99.125;99.375;99.4;100
23.05.06;12.1101764321023;97.3333333333333;97.6153846153846;90;96.6530612244898;97.3333333333333;98.6153846153846;98.1428571428571;97.6923076923077;96.6666666666667;98.6666666666667;99;99.5;99.2;100
24.05.06;13.0585143026127;97.6666666666667;97.4615384615385;90.7272727272727;96.6938775510204;97.6666666666667;98.5897435897436;97.7142857142857;97.8461538461539;97.1111111111111;98.4761904761905;99.0714285714286;99.625;99;100
25.05.06;14.0093121962947;98;97.3076923076923;91.4545454545455;96.734693877551;98;98.5641025641026;97.2857142857143;98;97.5555555555556;98.2857142857143;99.1428571428571;99.75;98.8;100
26.05.06;14.9625829091294;97;97.1538461538462;92.1818181818182;96.7755102040816;98.3333333333333;98.5384615384615;96.8571428571429;98;98;98.0952380952381;99.2142857142857;99.875;98.6;100
27.05.06;14.9625829091294;96;97;92.9090909090909;96.8163265306122;98.6666666666667;98.5128205128205;96.4285714285714;98;97.6666666666667;97.9047619047619;99.2857142857143;100;98.4;100
28.05.06;14.9625829091294;96.2;97.1428571428571;93.6363636363636;96.8571428571429;99;98.4871794871795;96;98;97.3333333333333;97.7142857142857;99.3571428571429;99.5714285714286;98.2;100
29.05.06;14.9625829091294;96.4;97.2857142857143;94.3636363636364;96.8979591836735;99;98.4615384615385;96;98;97;97.5238095238095;99.4285714285714;99.1428571428571;98;100
30.05.06;15.9183393371966;96.6;97.4285714285714;95.0909090909091;96.9387755102041;99;98.4358974358974;96;98;96.6666666666667;97.3333333333333;99.5;98.7142857142857;97.8;100
31.05.06;16.8765944777224;96.8;97.5714285714286;95.8181818181818;96.9795918367347;99;98.4102564102564;96;98;96.3333333333333;97.1428571428572;99.5714285714286;98.2857142857143;97.6;100
01.06.06;17.8373614301393;97;97.7142857142857;96.5454545454546;97.0204081632653;99;98.3846153846154;96;98;96;96.952380952381;99.6428571428571;97.8571428571429;97.4;100
02.06.06;18.8006533971605;97.2;97.8571428571429;97.2727272727273;97.0612244897959;99;98.3589743589744;96;98;96.3333333333333;96.7619047619048;99.7142857142857;97.4285714285714;97.2;100
03.06.06;22.6793391417552;97.4;98;98;97.1020408163265;99;98.3333333333333;96;98;96.6666666666667;96.5714285714286;99.7857142857143;97;97;100
04.06.06;26.5995089430384;97.6;97.7692307692308;97.5714285714286;97.1428571428571;99;98.3076923076923;96;98;97;96.3809523809524;99.8571428571429;97.4285714285714;97.2142857142857;100
05.06.06;30.562059779517;97.8;97.5384615384615;97.1428571428571;97.1836734693878;99;98.2820512820513;96.4285714285714;98;97.3333333333333;96.1904761904762;99.9285714285714;97.8571428571429;97.4285714285714;100
06.06.06;34.567918039982;98;97.3076923076923;96.7142857142857;97.2244897959184;99;98.2564102564103;96.8571428571429;98;97.6666666666667;96;100;98.2857142857143;97.6428571428571;100
07.06.06;38.618040823474;98.2;97.0769230769231;96.2857142857143;97.265306122449;99;98.2307692307692;97.2857142857143;98;98;95.8888888888889;99.7142857142857;98.7142857142857;97.8571428571429;100
08.06.06;38.618040823474;98.4;96.8461538461538;95.8571428571429;97.3061224489796;99;98.2051282051282;97.7142857142857;98;98;95.7777777777778;99.4285714285714;99.1428571428571;98.0714285714286;100
09.06.06;38.618040823474;98.6;96.6153846153846;95.4285714285714;97.3469387755102;99;98.1794871794872;98.1428571428571;98;98;95.6666666666667;99.1428571428571;99.5714285714286;98.2857142857143;100
10.06.06;36.5873853110262;98.8;96.3846153846154;95;97.3877551020408;99;98.1538461538462;98.5714285714286;98;98;95.5555555555556;98.8571428571429;100;98.5;100
11.06.06;34.567918039982;99;96.1538461538462;95.4285714285714;97.4285714285714;99;98.1282051282051;99;98;98;95.4444444444444;98.5714285714286;100;98.7142857142857;100
12.06.06;34.567918039982;98.75;95.9230769230769;95.8571428571429;97.469387755102;99;98.1025641025641;98.5714285714286;98;98;95.3333333333333;98.2857142857143;100;98.9285714285714;100
13.06.06;34.567918039982;98.5;95.6923076923077;96.2857142857143;97.5102040816327;99;98.0769230769231;98.1428571428571;98;98;95.2222222222222;98;100;99.1428571428571;100
14.06.06;33.2277615836145;98.25;95.4615384615385;96.7142857142857;97.5510204081633;99;98.0512820512821;97.7142857142857;98;98;95.1111111111111;98;100;99.3571428571429;100
15.06.06;31.8924873109485;98;95.2307692307692;97.1428571428571;97.5918367346939;99;98.025641025641;97.2857142857143;98;98;95;98;100;99.5714285714286;100
16.06.06;30.562059779517;98.1428571428571;95;97.5714285714286;97.6326530612245;99;98;96.8571428571429;98;98;95.7142857142857;98;100;99.7857142857143;100
17.06.06;24.6341831486994;98.2857142857143;95.2857142857143;98;97.6734693877551;99;98.3333333333333;96.4285714285714;98;97.7142857142857;96.4285714285714;98;100;100;100
18.06.06;18.8006533971605;98.4285714285714;95.5714285714286;98;97.7142857142857;99;98.6666666666667;96;98;97.4285714285714;97.1428571428571;98;100;100;100
19.06.06;13.0585143026127;98.5714285714286;95.8571428571429;98;97.7551020408163;98.8571428571429;99;96.1666666666667;98;97.1428571428571;97.8571428571429;98;99.375;100;100
20.06.06;7.40494644565371;98.7142857142857;96.1428571428571;98;97.7959183673469;98.7142857142857;99.0909090909091;96.3333333333333;98;96.8571428571429;98.5714285714286;98;98.75;100;100
21.06.06;7.40494644565371;98.8571428571429;96.4285714285714;98;97.8367346938776;98.5714285714286;99.1818181818182;96.5;98;96.5714285714286;99.2857142857143;98;98.125;100;100
22.06.06;7.40494644565371;99;96.7142857142857;98;97.8775510204082;98.4285714285714;99.2727272727273;96.6666666666667;98;96.2857142857143;100;98;97.5;100;100
23.06.06;7.40494644565371;98.75;97;98;97.9183673469388;98.2857142857143;99.3636363636364;96.8333333333333;98;96;100;98;96.875;100;100
24.06.06;9.27979647967449;98.5;97;98;97.9591836734694;98.1428571428571;99.4545454545455;97;98;96.1428571428571;100;98;96.25;100;100
25.06.06;11.1642858878489;98.25;97;98;98;98;99.5454545454546;97.1666666666667;98.1666666666667;96.2857142857143;100;98;95.625;99.8571428571429;100
26.06.06;14.9625829091294;98;97;98;97.75;98;99.6363636363636;97.3333333333333;98.3333333333333;96.4285714285714;100;98;95;99.7142857142857;100
27.06.06;18.8006533971605;98.1;97;98;97.5;98;99.7272727272727;97.5;98.5;96.5714285714286;100;98;95.7142857142857;99.5714285714286;100
28.06.06;20.0889935020845;98.2;97;98;97.25;98;99.8181818181818;97.6666666666667;98.6666666666667;96.7142857142857;99.8571428571429;98;96.4285714285714;99.4285714285714;100
29.06.06;21.3818780259566;98.3;97;98;97;99;99.9090909090909;97.8333333333333;98.8333333333333;96.8571428571429;99.7142857142857;98;97.1428571428571;99.2857142857143;100
30.06.06;22.6793391417552;98.4;97;98;97.2727272727273;99;100;98;99;97;99.5714285714286;98;97.8571428571429;99.1428571428571;100
01.07.06;22.6793391417552;98.5;97;98;97.5454545454546;99;99.6666666666667;98;98.875;96.5714285714286;99.4285714285714;98;98.5714285714286;99;100
02.07.06;22.6793391417552;98.6;97;98;97.8181818181818;99;99.3333333333333;98;98.75;96.1428571428571;99.2857142857143;98;99.2857142857143;99.1666666666667;100
03.07.06;24.6341831486994;98.7;97;98;98.0909090909091;99;99;98;98.625;95.7142857142857;99.1428571428571;98;100;99.3333333333333;100
04.07.06;26.5995089430384;98.8;97;98;98.3636363636364;99;98.75;98;98.5;95.2857142857143;99;98;99.2;99.5;100
05.07.06;23.9814093653329;98.9;97;98;98.6363636363636;99;98.5;98;98.375;94.8571428571429;99;98;98.4;99.6666666666667;100
06.07.06;21.3818780259566;99;97;98;98.9090909090909;99;98.25;98;98.25;94.4285714285714;99;98;97.6;99.8333333333333;100
07.07.06;18.8006533971605;98.96875;97;98.0666666666667;99.1818181818182;99;98;98;98.125;94;99;98;96.8;100;100
08.07.06;17.8373614301393;98.9375;97;98.1333333333333;99.4545454545455;99;97.75;98;98;93.75;99;98;96;100;100
09.07.06;16.8765944777224;98.90625;97;98.2;99.7272727272727;99;97.5;98;98;93.5;99;98;96.0952380952381;100;100
10.07.06;15.9183393371966;98.875;97;98.2666666666667;100;99;97.25;98;98;93.25;99;98;96.1904761904762;100;100
11.07.06;14.9625829091294;98.84375;97;98.3333333333333;99.8;99;97;98;98;93;99;98;96.2857142857143;100;100
12.07.06;14.9625829091294;98.8125;97;98.4;99.6;99;97.0476190476191;98;98;94.6666666666667;99;98.1428571428571;96.3809523809524;100;100
13.07.06;14.9625829091294;98.78125;97;98.4666666666667;99.4;99;97.0952380952381;98;98;96.3333333333333;99;98.2857142857143;96.4761904761905;100;100
14.07.06;14.9625829091294;98.75;97;98.5333333333333;99.2;99;97.1428571428571;98;98;98;99;98.4285714285714;96.5714285714286;100;100
15.07.06;13.0585143026127;98.71875;97;98.6;99;99;97.1904761904762;98;98;98;99;98.5714285714286;96.6666666666667;100;100
16.07.06;11.1642858878489;98.6875;97;98.6666666666667;98.8;99;97.2380952380952;98;98;98;99;98.7142857142857;96.7619047619048;100;100
17.07.06;9.27979647967449;98.65625;97;98.7333333333333;98.6;99;97.2857142857143;98;98;98;99;98.8571428571429;96.8571428571429;100;100
18.07.06;7.40494644565371;98.625;97;98.8;98.4;99;97.3333333333333;98;98;98;99.0434782608696;99;96.952380952381;100;100
19.07.06;7.40494644565371;98.59375;97;98.8666666666667;98.2;99;97.3809523809524;98;98;98;99.0869565217391;98.8333333333333;97.0476190476191;100;100
20.07.06;7.40494644565371;98.5625;97;98.9333333333333;98;99;97.4285714285714;98;98;98;99.1304347826087;98.6666666666667;97.1428571428571;100;100
21.07.06;7.40494644565371;98.53125;97;99;98;99;97.4761904761905;98;98;98;99.1739130434783;98.5;97.2380952380952;100;100
22.07.06;7.40494644565371;98.5;97.1;98.8333333333333;98;99;97.5238095238095;98;98;97.9166666666667;99.2173913043478;98.3333333333333;97.3333333333333;99.875;99.6666666666667
23.07.06;7.40494644565371;98.46875;97.2;98.6666666666667;98;99;97.5714285714286;97.9130434782609;98;97.8333333333333;99.2608695652174;98.1666666666667;97.4285714285714;99.75;99.3333333333333
24.07.06;7.40494644565371;98.4375;97.3;98.5;98;99;97.6190476190476;97.8260869565217;98;97.75;99.304347826087;98;97.5238095238095;99.625;99
25.07.06;7.40494644565371;98.40625;97.4;98.3333333333333;98;99;97.6666666666667;97.7391304347826;98;97.6666666666667;99.3478260869565;98.2857142857143;97.6190476190476;99.5;98.6666666666667
26.07.06;8.65378030276453;98.375;97.5;98.1666666666667;98;98.875;97.7142857142857;97.6521739130435;98;97.5833333333333;99.3913043478261;98.5714285714286;97.7142857142857;99.375;98.3333333333333
27.07.06;9.90688368563851;98.34375;97.6;98;98;98.75;97.7619047619048;97.5652173913043;98;97.5;99.4347826086957;98.8571428571429;97.8095238095238;99.25;98
28.07.06;11.1642858878489;98.3125;97.7;97.8333333333333;98;98.625;97.8095238095238;97.4782608695652;98;97.4166666666667;99.4782608695652;99.1428571428571;97.9047619047619;99.125;98.25
29.07.06;11.1642858878489;98.28125;97.8;97.6666666666667;98;98.5;97.8571428571429;97.3913043478261;98;97.3333333333333;99.5217391304348;99.4285714285714;98;99;98.5
30.07.06;11.1642858878489;98.25;97.9;97.5;98;98.375;97.9047619047619;97.304347826087;98;97.25;99.5652173913043;99.7142857142857;98;99;98.75
31.07.06;11.1642858878489;98.21875;98;97.3333333333333;98;98.25;97.952380952381;97.2173913043478;98;97.1666666666667;99.6086956521739;100;98;99;99
01.08.06;11.1642858878489;98.1875;98.1;97.1666666666667;98;98.125;98;97.1304347826087;98;97.0833333333333;99.6521739130435;99.95;98;99;99.25
02.08.06;13.6921054413338;98.15625;98.2;97;98;98;98.1428571428571;97.0434782608696;98;97;99.6956521739131;99.9;98;99;99.5
03.08.06;16.2374794378819;98.125;98.3;96.9285714285714;97.875;98.1428571428571;98.2857142857143;96.9565217391304;98;97.2222222222222;99.7391304347826;99.85;98;99;99.75
04.08.06;18.8006533971605;98.09375;98.4;96.8571428571429;97.75;98.2857142857143;98.4285714285714;96.8695652173913;98;97.4444444444444;99.7826086956522;99.8;98;99;100
05.08.06;34.567918039982;98.0625;98.5;96.7857142857143;97.625;98.4285714285714;98.5714285714286;96.7826086956522;98;97.6666666666667;99.8260869565217;99.75;98;99;100
06.08.06;51.0440573289593;98.03125;98.6;96.7142857142857;97.5;98.5714285714286;98.7142857142857;96.6956521739131;98;97.8888888888889;99.8695652173913;99.7;98;99.1428571428571;100
07.08.06;28.5754295367731;98;98.7;96.6428571428571;97.375;98.7142857142857;98.8571428571429;96.6086956521739;98;98.1111111111111;99.9130434782609;99.65;98.3333333333333;99.2857142857143;100
08.08.06;7.40494644565371;97.6666666666667;98.8;96.5714285714286;97.25;98.8571428571429;99;96.5217391304348;98;98.3333333333333;99.9565217391304;99.6;98.6666666666667;99.4285714285714;100
09.08.06;8.65378030276453;97.3333333333333;98.9;96.5;97.125;99;97.7142857142857;96.4347826086957;98;98.5555555555556;100;99.55;99;99.5714285714286;100
10.08.06;9.90688368563851;97;99;96.4285714285714;97;98.5;96.4285714285714;96.3478260869565;98;98.7777777777778;100;99.5;99.3333333333333;99.7142857142857;100
11.08.06;11.1642858878489;97.2222222222222;98.8333333333333;96.3571428571429;97.1428571428571;98;95.1428571428571;96.2608695652174;98;99;100;99.45;99.6666666666667;99.8571428571429;99.8888888888889
12.08.06;11.1642858878489;97.4444444444444;98.6666666666667;96.2857142857143;97.2857142857143;97.5;93.8571428571428;96.1739130434783;98;98.8571428571429;100;99.4;100;100;99.7777777777778
13.08.06;11.1642858878489;97.6666666666667;98.5;96.2142857142857;97.4285714285714;97;92.5714285714286;96.0869565217391;98;98.7142857142857;100;99.35;99.875;100;99.6666666666667
14.08.06;11.1642858878489;97.8888888888889;98.3333333333333;96.1428571428571;97.5714285714286;96.6666666666667;91.2857142857143;96;98;98.5714285714286;100;99.3;99.75;100;99.5555555555556
15.08.06;11.1642858878489;98.1111111111111;98.1666666666667;96.0714285714286;97.7142857142857;96.3333333333333;90;96.4285714285714;98;98.4285714285714;100;99.25;99.625;100;99.4444444444444
16.08.06;11.1642858878489;98.3333333333333;98;96;97.8571428571429;96;90.6428571428571;96.8571428571429;98;98.2857142857143;100;99.2;99.5;100;99.3333333333333
17.08.06;11.1642858878489;98.5555555555556;98;96.1875;98;96.2307692307692;91.2857142857143;97.2857142857143;98;98.1428571428571;100;99.15;99.375;100;99.2222222222222
18.08.06;11.1642858878489;98.7777777777778;98;96.375;98.1428571428571;96.4615384615385;91.9285714285714;97.7142857142857;98.1428571428571;98;100;99.1;99.25;100;99.1111111111111
19.08.06;11.1642858878489;99;98;96.5625;98.2857142857143;96.6923076923077;92.5714285714286;98.1428571428571;98.2857142857143;97.9230769230769;100;99.05;99.125;100;99
20.08.06;11.1642858878489;97.5;98;96.75;98.4285714285714;96.9230769230769;93.2142857142857;98.5714285714286;98.4285714285714;97.8461538461538;100;99;99;100;99
21.08.06;13.0585143026127;96;98;96.9375;98.5714285714286;97.1538461538462;93.8571428571429;99;98.5714285714286;97.7692307692308;100;99.5;99.05;100;99
22.08.06;14.9625829091294;96.0476190476191;98;97.125;98.7142857142857;97.3846153846154;94.5;98.8333333333333;98.7142857142857;97.6923076923077;100;100;99.1;100;99
23.08.06;15.5994768703876;96.0952380952381;98;97.3125;98.8571428571429;97.6153846153846;95.1428571428571;98.6666666666667;98.8571428571429;97.6153846153846;100;99.75;99.15;100;99
24.08.06;16.2374794378819;96.1428571428571;98;97.5;99;97.8461538461539;95.7857142857143;98.5;99;97.5384615384615;100;99.5;99.2;100;99
25.08.06;16.8765944777224;96.1904761904762;98;97.6875;98.7692307692308;98.0769230769231;96.4285714285714;98.3333333333333;98.875;97.4615384615385;100;99.25;99.25;100;99
26.08.06;17.5168258762783;96.2380952380952;98;97.875;98.5384615384615;98.3076923076923;97.0714285714286;98.1666666666667;98.75;97.3846153846154;100;99;99.3;100;99
27.08.06;18.1581775403195;96.2857142857143;98;98.0625;98.3076923076923;98.5384615384616;97.7142857142857;98;98.625;97.3076923076923;100;98.75;99.35;97.8;99.25
28.08.06;18.8006533971605;96.3333333333333;98;98.25;98.0769230769231;98.7692307692308;98.3571428571429;98;98.5;97.2307692307692;100;98.5;99.4;95.6;99.5
29.08.06;17.5168258762783;96.3809523809524;98;98.4375;97.8461538461538;99;99;98;98.375;97.1538461538462;100;98.25;99.45;93.4;99.75
30.08.06;16.2374794378819;96.4285714285714;98;98.625;97.6153846153846;98.6666666666667;99.0476190476191;98;98.25;97.0769230769231;100;98;99.5;91.2;100
31.08.06;14.9625829091294;96.4761904761905;98;98.8125;97.3846153846154;98.3333333333333;99.0952380952381;98;98.125;97;100;98.1666666666667;99.55;89;99.875
01.09.06;13.6921054413338;96.5238095238095;98;99;97.1538461538462;98;99.1428571428571;98;98;97.0909090909091;100;98.3333333333333;99.6;90.25;99.75
02.09.06;12.4260165054851;96.5714285714286;98;98.9230769230769;96.9230769230769;97.6666666666667;99.1904761904762;98;98.08;97.1818181818182;100;98.5;99.65;91.5;99.625
03.09.06;11.1642858878489;96.6190476190476;98;98.8461538461538;96.6923076923077;97.3333333333333;99.2380952380952;98.0526315789474;98.16;97.2727272727273;100;98.6666666666667;99.7;92.75;99.5
04.09.06;9.27979647967449;96.6666666666667;98;98.7692307692308;96.4615384615385;97;99.2857142857143;98.1052631578947;98.24;97.3636363636364;100;98.8333333333333;99.75;94;99.375
05.09.06;7.40494644565371;96.7142857142857;98;98.6923076923077;96.2307692307692;97.1428571428571;99.3333333333333;98.1578947368421;98.32;97.4545454545455;100;99;99.8;95.25;99.25
06.09.06;7.40494644565371;96.7619047619048;98;98.6153846153846;96;97.2857142857143;99.3809523809524;98.2105263157895;98.4;97.5454545454546;100;99;99.85;96.5;99.125
07.09.06;7.40494644565371;96.8095238095238;98;98.5384615384615;95.625;97.4285714285714;99.4285714285714;98.2631578947368;98.48;97.6363636363636;100;99;99.9;97.75;99
08.09.06;7.40494644565371;96.8571428571429;98;98.4615384615385;95.25;97.5714285714286;99.4761904761905;98.3157894736842;98.56;97.7272727272727;100;99;99.95;99;99.0357142857143
09.09.06;9.27979647967449;96.9047619047619;98;98.3846153846154;94.875;97.7142857142857;99.5238095238095;98.3684210526316;98.64;97.8181818181818;100;99;100;99;99.0714285714286
10.09.06;11.1642858878489;96.952380952381;98;98.3076923076923;94.5;97.8571428571429;99.5714285714286;98.421052631579;98.72;97.9090909090909;100;99;100;99;99.1071428571429
11.09.06;14.9625829091294;97;98;98.2307692307692;94.125;98;99.6190476190476;98.4736842105263;98.8;98;100;99;100;99;99.1428571428571
12.09.06;18.8006533971605;97.6666666666667;98;98.1538461538462;93.75;98;99.6666666666667;98.5263157894737;98.88;97.875;99.8571428571429;99;100;99;99.1785714285714
13.09.06;14.9625829091294;98.3333333333333;98;98.0769230769231;93.375;98;99.7142857142857;98.5789473684211;98.96;97.75;99.7142857142857;99;100;99;99.2142857142857
14.09.06;11.1642858878489;99;98;98;93;98;99.7619047619048;98.6315789473684;99.04;97.625;99.5714285714286;99;100;99;99.25
15.09.06;7.40494644565371;99;98;98.0952380952381;93.3076923076923;98;99.8095238095238;98.6842105263158;99.12;97.5;99.4285714285714;99;100;99;99.2857142857143
16.09.06;7.40494644565371;99;98.3333333333333;98.1904761904762;93.6153846153846;98;99.8571428571429;98.7368421052632;99.2;97.375;99.2857142857143;99;100;99;99.3214285714286
17.09.06;7.40494644565371;99;98.6666666666667;98.2857142857143;93.9230769230769;98;99.9047619047619;98.7894736842105;99.28;97.25;99.1428571428571;99;100;99;99.3571428571429
18.09.06;7.40494644565371;99;99;98.3809523809524;94.2307692307692;98;99.952380952381;98.8421052631579;99.36;97.125;99;99;100;99;99.3928571428571
19.09.06;7.40494644565371;99;99.3333333333333;98.4761904761905;94.5384615384615;98;100;98.8947368421053;99.44;97;99;99;100;99;99.4285714285714
20.09.06;3.68377354511662;99;99.6666666666667;98.5714285714286;94.8461538461539;98.0909090909091;100;98.9473684210526;99.52;96.875;99;99;100;99;99.4642857142857
21.09.06;3.68;99;100;98.6666666666667;95.1538461538462;98.1818181818182;100;99;99.6;96.75;99;99;100;99;99.5
22.09.06;3.64711847408447;97.6666666666667;99.8;98.7619047619048;95.4615384615385;98.2727272727273;100;98.9;99.68;96.625;99;99;100;99;99.5357142857143
23.09.06;3.8372588968685;96.3333333333333;99.6;98.8571428571429;95.7692307692308;98.3636363636364;100;98.8;99.76;96.5;99;99;100;99;99.5714285714286
24.09.06;7.40494644565371;95;99.4;98.952380952381;96.0769230769231;98.4545454545455;100;98.7;99.84;96.375;99;99;100;99;99.6071428571429
25.09.06;9.27979647967449;95.0344827586207;99.2;99.0476190476191;96.3846153846154;98.5454545454546;100;98.6;99.92;96.25;99;99;100;99;99.6428571428571
26.09.06;11.1642858878489;95.0689655172414;99;99.1428571428571;96.6923076923077;98.6363636363636;100;98.5;100;96.125;99;99;100;99;99.6785714285714
27.09.06;14.9625829091294;95.1034482758621;98.8;99.2380952380952;97;98.7272727272727;100;98.4;99.5;96;99;99;100;99;99.7142857142857
28.09.06;18.8006533971605;95.1379310344828;98.6;99.3333333333333;97.1333333333333;98.8181818181818;100;98.3;99;96.1428571428571;99;99;100;99;99.75
29.09.06;22.6793391417552;95.1724137931034;98.4;99.4285714285714;97.2666666666667;98.9090909090909;100;98.2;98.5;96.2857142857143;99;99;100;99;99.7857142857143
30.09.06;26.5995089430384;95.2068965517241;98.2;99.5238095238095;97.4;99;100;98.1;98;96.4285714285714;99;99;100;99;99.8214285714286
01.10.06;30.562059779517;95.2413793103448;98;99.6190476190476;97.5333333333333;100;100;98;97.5;96.5714285714286;99;99;100;98.7142857142857;99.8571428571429
02.10.06;26.5995089430384;95.2758620689655;98;99.7142857142857;97.6666666666667;99;100;98;97;96.7142857142857;99;99;100;98.4285714285714;99.8928571428571
03.10.06;22.6793391417552;95.3103448275862;98;99.8095238095238;97.8;98.8095238095238;100;98;96.5;96.8571428571429;99;98.9285714285714;100;98.1428571428571;99.9285714285714
04.10.06;22.6793391417552;95.3448275862069;98;99.9047619047619;97.9333333333333;98.6190476190476;100;98;96;97;99;98.8571428571429;100;97.8571428571429;99.9642857142857
05.10.06;22.6793391417552;95.3793103448276;98;100;98.0666666666667;98.4285714285714;100;98;96.4444444444444;96.9230769230769;99;98.7857142857143;100;97.5714285714286;100
06.10.06;22.6793391417552;95.4137931034483;98;99.9333333333333;98.2;98.2380952380952;100;98;96.8888888888889;96.8461538461538;99;98.7142857142857;100;97.2857142857143;100
07.10.06;22.6793391417552;95.448275862069;98;99.8666666666667;98.3333333333333;98.0476190476191;100;98;97.3333333333333;96.7692307692308;99;98.6428571428571;100;97;100
08.10.06;18.8006533971605;95.4827586206897;97.8;99.8;98.4666666666667;97.8571428571429;100;98;97.7777777777778;96.6923076923077;99;98.5714285714286;100;97.15;100
09.10.06;14.9625829091294;95.5172413793104;97.6;99.7333333333333;98.6;97.6666666666667;99.9183673469388;98;98.2222222222222;96.6153846153846;99;98.5;99.5714285714286;97.3;100
10.10.06;11.1642858878489;95.551724137931;97.4;99.6666666666667;98.7333333333333;97.4761904761905;99.8367346938776;97.95;98.6666666666667;96.5384615384615;99;98.4285714285714;99.1428571428571;97.45;100
11.10.06;11.1642858878489;95.5862068965517;97.2;99.6;98.8666666666667;97.2857142857143;99.7551020408163;97.9;99.1111111111111;96.4615384615385;98.875;98.3571428571429;98.7142857142857;97.6;100
12.10.06;11.1642858878489;95.6206896551724;97;99.5333333333333;99;97.0952380952381;99.6734693877551;97.85;99.5555555555556;96.3846153846154;98.75;98.2857142857143;98.2857142857143;97.75;100
13.10.06;11.1642858878489;95.6551724137931;97.1;99.4666666666667;99;96.9047619047619;99.5918367346939;97.8;100;96.3076923076923;98.625;98.2142857142857;97.8571428571429;97.9;100
14.10.06;11.1642858878489;95.6896551724138;97.2;99.4;99;96.7142857142857;99.5102040816327;97.75;99.7;96.2307692307692;98.5;98.1428571428571;97.4285714285714;98.05;100
15.10.06;11.1642858878489;95.7241379310345;97.3;99.3333333333333;99;96.5238095238095;99.4285714285714;97.7;99.4;96.1538461538462;98.375;98.0714285714286;97;98.2;100
16.10.06;11.1642858878489;95.7586206896552;97.4;99.2666666666667;99;96.3333333333333;99.3469387755102;97.65;99.1;96.0769230769231;98.25;98;97.3333333333333;98.35;100
17.10.06;11.1642858878489;95.7931034482759;97.5;99.2;99;96.1428571428572;99.265306122449;97.6;98.8;96;98.125;98.25;97.6666666666667;98.5;100
18.10.06;11.1642858878489;95.8275862068966;97.6;99.1333333333333;99;95.952380952381;99.1836734693878;97.55;98.5;96;98;98.5;98;98.65;100
19.10.06;11.1642858878489;95.8620689655172;97.7;99.0666666666667;99;95.7619047619048;99.1020408163265;97.5;98.2;96;98.1428571428571;98.75;98.3333333333333;98.8;100
20.10.06;11.1642858878489;95.8965517241379;97.8;99;99;95.5714285714286;99.0204081632653;97.45;97.9;96;98.2857142857143;99;98.6666666666667;98.95;100
21.10.06;11.1642858878489;95.9310344827586;97.9;98.9444444444444;99;95.3809523809524;98.9387755102041;97.4;97.6;96;98.4285714285714;99.25;99;99.1;100
22.10.06;11.1642858878489;95.9655172413793;98;98.8888888888889;99;95.1904761904762;98.8571428571429;97.35;97.3;96;98.5714285714286;99.5;99.1428571428571;99.25;100
23.10.06;11.1642858878489;96;97.6363636363636;98.8333333333333;99;95;98.7755102040816;97.3;97;96;98.7142857142857;99.75;99.2857142857143;99.4;100
24.10.06;11.1642858878489;95.3333333333333;97.2727272727273;98.7777777777778;99;95.5;98.6938775510204;97.25;96.7;96;98.8571428571429;100;99.4285714285714;99.55;100
25.10.06;11.1642858878489;94.6666666666667;96.9090909090909;98.7222222222222;99;96;98.6122448979592;97.2;96.4;96;99;99.8333333333333;99.5714285714286;99.7;100
26.10.06;11.1642858878489;94;96.5454545454546;98.6666666666667;99;96.5;98.530612244898;97.15;96.1;96;99.1428571428571;99.6666666666667;99.7142857142857;99.85;100
27.10.06;11.1642858878489;94.125;96.1818181818182;98.6111111111111;99;97;98.4489795918367;97.1;95.8;96;99.2857142857143;99.5;99.8571428571429;100;100
28.10.06;11.1642858878489;94.25;95.8181818181818;98.5555555555556;99;97.5;98.3673469387755;97.05;95.5;96;99.4285714285714;99.3333333333333;100;100;100
29.10.06;11.1642858878489;94.375;95.4545454545455;98.5;99;98;98.2857142857143;97;95.2;96;99.5714285714286;99.1666666666667;100;100;100
30.10.06;11.1642858878489;94.5;95.0909090909091;98.4444444444444;99;98.5;98.2040816326531;97;94.9;96;99.7142857142857;99;100;100;100
31.10.06;11.1642858878489;94.625;94.7272727272727;98.3888888888889;99;99;98.1224489795918;97;94.6;96;99.8571428571429;99.125;100;100;100
01.11.06;11.1642858878489;94.75;94.3636363636364;98.3333333333333;99;99;98.0408163265306;97;94.3;96;100;99.25;100;100;100
02.11.06;11.1642858878489;94.875;94;98.2777777777778;99;99;97.9591836734694;97;94;96;100;99.375;100;100;100
03.11.06;11.1642858878489;95;94.3076923076923;98.2222222222222;99;99;97.8775510204082;97;94.25;96;100;99.5;100;100;100
04.11.06;11.1642858878489;95.125;94.6153846153846;98.1666666666667;99;99;97.7959183673469;97;94.5;96;100;99.625;100;100;100
05.11.06;11.1642858878489;95.25;94.9230769230769;98.1111111111111;99;99;97.7142857142857;97;94.75;96;100;99.75;100;100;100
06.11.06;11.1642858878489;95.375;95.2307692307692;98.0555555555556;99;99;97.6326530612245;97.2857142857143;95;96;100;99.875;100;100;100
07.11.06;11.1642858878489;95.5;95.5384615384615;98;99;99;97.5510204081633;97.5714285714286;95.25;96;100;100;100;100;100
08.11.06;11.1642858878489;95.625;95.8461538461539;97.9444444444444;99;99;97.4693877551021;97.8571428571429;95.5;96;100;100;100;100;100
09.11.06;11.1642858878489;95.75;96.1538461538462;97.8888888888889;99;99;97.3877551020408;98.1428571428571;95.75;96;100;100;100;100;100
10.11.06;11.1642858878489;95.875;96.4615384615385;97.8333333333333;99;99;97.3061224489796;98.4285714285714;96;96;100;100;100;100;99.8571428571429
11.11.06;12.4260165054851;96;96.7692307692308;97.7777777777778;99;99;97.2244897959184;98.7142857142857;96.25;96;100;100;100;100;99.7142857142857
12.11.06;13.6921054413338;96.0526315789474;97.0769230769231;97.7222222222222;99;99;97.1428571428571;99;96.5;96;100;100;100;100;99.5714285714286
13.11.06;14.9625829091294;96.1052631578947;97.3846153846154;97.6666666666667;99;99;97.0612244897959;98.7142857142857;96.75;96;100;99.7142857142857;100;100;99.4285714285714
14.11.06;15.9183393371966;96.1578947368421;97.6923076923077;97.6111111111111;99;99;96.9795918367347;98.4285714285714;97;96;100;99.4285714285714;100;100;99.2857142857143
15.11.06;16.8765944777224;96.2105263157895;98;97.5555555555556;99;99;96.8979591836735;98.1428571428571;96.7777777777778;96;100;99.1428571428571;100;100;99.1428571428571
16.11.06;17.8373614301393;96.2631578947368;98;97.5;99;98.5;96.8163265306122;97.8571428571429;96.5555555555556;96;100;98.8571428571429;100;100;99
17.11.06;18.8006533971605;96.3157894736842;98;97.4444444444444;99;98;96.734693877551;97.5714285714286;96.3333333333333;96;100;98.5714285714286;100;100;99.1111111111111
18.11.06;17.8373614301393;96.3684210526316;98;97.3888888888889;99;97.3333333333333;96.6530612244898;97.2857142857143;96.1111111111111;96;100;98.2857142857143;100;100;99.2222222222222
19.11.06;16.8765944777224;96.421052631579;98;97.3333333333333;99;96.6666666666667;96.5714285714286;97;95.8888888888889;96;100;98;100;100;99.3333333333333
20.11.06;15.9183393371966;96.4736842105263;98;97.2777777777778;99;96;96.4897959183674;96.7142857142857;95.6666666666667;96;100;98;99.8571428571429;100;99.4444444444444
21.11.06;14.9625829091294;96.5263157894737;98;97.2222222222222;99;96.1;96.4081632653061;96.4285714285714;95.4444444444444;96;99.9;98;99.7142857142857;100;99.5555555555556
22.11.06;16.1097900506018;96.5789473684211;98;97.1666666666667;99;96.2;96.3265306122449;96.1428571428571;95.2222222222222;96;99.8;98;99.5714285714286;100;99.6666666666667
23.11.06;17.2605991042354;96.6315789473684;98;97.1111111111111;99;96.3;96.2448979591837;95.8571428571429;95;96;99.7;98;99.4285714285714;100;99.7777777777778
24.11.06;18.415032759297;96.6842105263158;98;97.0555555555556;99;96.4;96.1632653061225;95.5714285714286;95.1428571428571;96;99.6;98;99.2857142857143;100;99.8888888888889
25.11.06;19.5731139201175;96.7368421052632;98;97;99;96.5;96.0816326530612;95.2857142857143;95.2857142857143;96;99.5;98;99.1428571428571;100;100
26.11.06;20.7348657088203;96.7894736842105;98;97;99;96.6;96;95;95.4285714285714;96;99.4;98;99;100;100
27.11.06;21.9003114680897;96.8421052631579;98;97;99;96.7;96;95;95.5714285714286;96;99.3;98;99;100;100
28.11.06;23.0694747639858;96.8947368421053;98;97;99;96.8;96;95;95.7142857142857;96;99.2;98;99;100;100
29.11.06;24.2423793888038;96.9473684210526;98;97;99;96.9;96;95;95.8571428571429;96;99.1;98;99;100;100
30.11.06;25.419049363979;97;98;97;99;97;96;95;96;96;99;98;99;100;100