01.12.05;148.285714285714;;;140;147;180;176;176;170;111;194;160;185;153;104;
02.12.05;149.857142857143;;;139.166666666667;145.833333333333;181.333333333333;176.5;176.375;169;110;194.166666666667;161.5;184.6;155;104.75;
03.12.05;151.428571428571;148;178;138.333333333333;144.666666666667;182.666666666667;177;176.75;169.380952380952;110.333333333333;194.333333333333;163;184.2;151;105.5;
04.12.05;153;148.5;177;137.5;143.5;184;177.5;177.125;169.761904761905;110.666666666667;194.5;164.5;183.8;147;106.25;
05.12.05;152.5;149;176;136.666666666667;142.333333333333;185.333333333333;178;177.5;170.142857142857;111;194.666666666667;166;183.4;143;107;
06.12.05;152;149.5;175;135.833333333333;141.166666666667;186.666666666667;178;177.875;170.52380952381;111.333333333333;194.833333333333;165.857142857143;183;139;107.75;
07.12.05;151.5;150;174;135;140;188;178;178.25;170.904761904762;111.666666666667;195;165.714285714286;186;135;108.5;
08.12.05;151;150.5;173;;140.933333333333;189.333333333333;178;178.625;171.285714285714;112;195.6;165.571428571429;189;131;109.25;
09.12.05;150.5;151;172;;141.866666666667;190.666666666667;178;179;171.666666666667;112.333333333333;196.2;165.428571428571;192;127;110;
10.12.05;150;151.5;171.6;;142.8;192;178;179.375;172.047619047619;112.666666666667;196.8;165.285714285714;195;123;108.166666666667;
11.12.05;150;152;171.2;;143.733333333333;193.333333333333;178;179.75;172.428571428571;113;197.4;165.142857142857;198;122.4;106.333333333333;
12.12.05;150;152.5;170.8;;144.666666666667;194.666666666667;178;180.125;172.809523809524;113.333333333333;198;165;201;121.8;104.5;
13.12.05;150;153;170.4;;145.6;196;178;180.5;173.190476190476;113.666666666667;198.6;164.857142857143;199.333333333333;121.2;102.666666666667;
14.12.05;150;153.5;170;;146.533333333333;195.1875;178;180.875;173.571428571429;114;199.2;164.714285714286;197.666666666667;120.6;100.833333333333;
15.12.05;150;154;166.5;;147.466666666667;194.375;178;181.25;173.952380952381;114.107142857143;199.8;164.571428571429;196;120;99;
16.12.05;150;153.8;163;;148.4;193.5625;178;181.625;174.333333333333;114.214285714286;200.4;164.428571428571;194.333333333333;121.384615384615;98.3846153846154;
17.12.05;150;153.6;162.137931034483;;149.333333333333;192.75;178;182;174.714285714286;114.321428571429;201;164.285714285714;192.666666666667;122.769230769231;97.7692307692308;
18.12.05;149.857142857143;153.4;161.275862068966;;150.266666666667;191.9375;178;182.074074074074;175.095238095238;114.428571428571;201.6;164.142857142857;191;124.153846153846;97.1538461538462;
19.12.05;149.714285714286;153.2;160.413793103448;;151.2;191.125;178;182.148148148148;175.47619047619;114.535714285714;202.2;164;196.142857142857;125.538461538462;96.5384615384616;
20.12.05;149.571428571429;153;159.551724137931;;152.133333333333;190.3125;178;182.222222222222;175.857142857143;114.642857142857;202.8;161.625;201.285714285714;126.923076923077;95.9230769230769;
21.12.05;149.428571428571;152.8;158.689655172414;;153.066666666667;189.5;178;182.296296296296;176.238095238095;114.75;203.4;159.25;206.428571428571;128.307692307692;95.3076923076923;
22.12.05;149.285714285714;152.6;157.827586206897;;154;188.6875;178;182.37037037037;176.619047619048;114.857142857143;204;156.875;211.571428571429;129.692307692308;94.6923076923077;
23.12.05;149.142857142857;152.4;156.965517241379;;154.346153846154;187.875;178;182.444444444444;177;114.964285714286;202.222222222222;154.5;216.714285714286;131.076923076923;94.0769230769231;
24.12.05;149;152.2;156.103448275862;;154.692307692308;187.0625;178;182.518518518519;177.571428571429;115.071428571429;200.444444444444;152.125;221.857142857143;132.461538461538;93.4615384615385;
25.12.05;149.6;152;155.241379310345;;155.038461538462;186.25;178;182.592592592593;178.142857142857;115.178571428571;198.666666666667;149.75;227;133.846153846154;92.8461538461539;
26.12.05;150.2;153.8;154.379310344828;;155.384615384615;185.4375;178;182.666666666667;178.714285714286;115.285714285714;196.888888888889;147.375;225.333333333333;135.230769230769;92.2307692307692;
27.12.05;150.8;155.6;153.51724137931;;155.730769230769;184.625;178.857142857143;182.740740740741;179.285714285714;115.392857142857;195.111111111111;145;223.666666666667;136.615384615385;91.6153846153846;
28.12.05;151.4;157.4;152.655172413793;;156.076923076923;183.8125;179.714285714286;182.814814814815;179.857142857143;115.5;193.333333333333;146.714285714286;222;138;91;
29.12.05;152;159.2;151.793103448276;;156.423076923077;183;180.571428571429;182.888888888889;180.428571428571;115.607142857143;191.555555555556;148.428571428571;220.333333333333;136.555555555556;92.2;
30.12.05;153.076923076923;161;150.931034482759;;156.769230769231;183.230769230769;181.428571428571;182.962962962963;181;115.714285714286;189.777777777778;150.142857142857;218.666666666667;135.111111111111;93.4;
31.12.05;154.153846153846;160.833333333333;150.068965517241;;157.115384615385;183.461538461538;182.285714285714;183.037037037037;181.571428571429;115.821428571429;188;151.857142857143;217;133.666666666667;94.6;
01.01.06;155.230769230769;160.666666666667;149.206896551724;;157.461538461538;183.692307692308;183.142857142857;183.111111111111;182.142857142857;115.928571428571;186.222222222222;153.571428571429;215.333333333333;132.222222222222;95.8;
02.01.06;156.307692307692;160.5;148.344827586207;;157.807692307692;183.923076923077;184;183.185185185185;182.714285714286;116.035714285714;184.444444444444;155.285714285714;213.666666666667;130.777777777778;97;
03.01.06;157.384615384615;160.333333333333;147.48275862069;;158.153846153846;184.153846153846;184.857142857143;183.259259259259;183.285714285714;116.142857142857;182.666666666667;157;212;129.333333333333;98.2;
04.01.06;158.461538461538;160.166666666667;146.620689655172;;158.5;184.384615384615;185.714285714286;183.333333333333;183.857142857143;116.25;180.888888888889;158.714285714286;210.333333333333;127.888888888889;99.4;
05.01.06;159.538461538462;160;145.758620689655;;158.846153846154;184.615384615385;186.571428571429;183.407407407407;184.428571428571;116.357142857143;179.111111111111;160.428571428571;208.666666666667;126.444444444444;100.6;
06.01.06;160.615384615385;159.833333333333;144.896551724138;;159.192307692308;184.846153846154;187.428571428571;183.481481481482;185;116.464285714286;177.333333333333;162.142857142857;207;125;101.8;
07.01.06;161.692307692308;159.666666666667;144.034482758621;;159.538461538462;185.076923076923;188.285714285714;183.555555555556;185.571428571429;116.571428571429;175.555555555556;163.857142857143;205.333333333333;123.555555555556;103;
08.01.06;162.769230769231;159.5;143.172413793103;;159.884615384615;185.307692307692;189.142857142857;183.62962962963;186.142857142857;116.678571428571;173.777777777778;165.571428571429;203.666666666667;122.111111111111;104.2;
09.01.06;163.846153846154;159.333333333333;142.310344827586;;160.230769230769;185.538461538462;190;183.703703703704;186.714285714286;116.785714285714;172;167.285714285714;202;120.666666666667;105.4;
10.01.06;164.923076923077;159.166666666667;141.448275862069;;160.576923076923;185.769230769231;189.25;183.777777777778;187.285714285714;116.892857142857;171.521739130435;169;201.833333333333;119.222222222222;106.6;
11.01.06;166;159;140.586206896552;;160.923076923077;186;188.5;183.851851851852;187.857142857143;117;171.04347826087;166.769230769231;201.666666666667;117.777777777778;107.8;
12.01.06;165.666666666667;157.2;139.724137931035;;161.269230769231;186.555555555556;187.75;183.925925925926;188.428571428571;117.727272727273;170.565217391304;164.538461538462;201.5;116.333333333333;109;
13.01.06;165.333333333333;155.4;138.862068965517;;161.615384615385;187.111111111111;187;184;189;118.454545454545;170.086956521739;162.307692307692;201.333333333333;114.888888888889;109.5;
14.01.06;165;153.6;138;;161.961538461538;187.666666666667;186.25;184.888888888889;187.666666666667;119.181818181818;169.608695652174;160.076923076923;201.166666666667;113.444444444444;110;
15.01.06;164.428571428571;151.8;138.074074074074;;162.307692307692;188.222222222222;185.5;185.777777777778;186.333333333333;119.909090909091;169.130434782609;157.846153846154;201;112;110.5;
16.01.06;163.857142857143;150;138.148148148148;;162.653846153846;188.777777777778;184.75;186.666666666667;185;120.636363636364;168.652173913043;155.615384615385;199.714285714286;113.636363636364;111;
17.01.06;163.285714285714;151.142857142857;138.222222222222;;163;189.333333333333;184;187.555555555556;183.666666666667;121.363636363636;168.173913043478;153.384615384615;198.428571428571;115.272727272727;111.5;
18.01.06;162.714285714286;152.285714285714;138.296296296296;;163;189.888888888889;184.5;188.444444444444;182.333333333333;122.090909090909;167.695652173913;151.153846153846;197.142857142857;116.909090909091;112;
19.01.06;162.142857142857;153.428571428571;138.37037037037;;163;190.444444444444;185;189.333333333333;181;122.818181818182;167.217391304348;148.923076923077;195.857142857143;118.545454545455;112.5;
20.01.06;161.571428571429;154.571428571429;138.444444444444;;163;191;185.5;190.222222222222;179.666666666667;123.545454545455;166.739130434783;146.692307692308;194.571428571429;120.181818181818;113;
21.01.06;161;155.714285714286;138.518518518519;;163;191.555555555556;186;191.111111111111;178.333333333333;124.272727272727;166.260869565217;144.461538461538;193.285714285714;121.818181818182;113.5;
22.01.06;159.5;156.857142857143;138.592592592593;;163;192.111111111111;186.5;192;177;125;165.782608695652;142.230769230769;192;123.454545454545;114;
23.01.06;158;158;138.666666666667;;163;192.666666666667;187;192.230769230769;175.666666666667;125.727272727273;165.304347826087;140;194.125;125.090909090909;114.5;
24.01.06;156.5;156.2;138.740740740741;;163;193.222222222222;187;192.461538461538;174.333333333333;126.454545454545;164.826086956522;142.076923076923;196.25;126.727272727273;115;
25.01.06;155;154.4;138.814814814815;;163;193.777777777778;187;192.692307692308;173;127.181818181818;164.347826086957;144.153846153846;198.375;128.363636363636;114.888888888889;
26.01.06;154;152.6;138.888888888889;;163;194.333333333333;187;192.923076923077;171.666666666667;127.909090909091;163.869565217391;146.230769230769;200.5;130;114.777777777778;
27.01.06;153;150.8;138.962962962963;;163;194.888888888889;187;193.153846153846;170.333333333333;128.636363636364;163.391304347826;148.307692307692;202.625;131.25;114.666666666667;
28.01.06;152;149;139.037037037037;;163;195.444444444444;187;193.384615384615;169;129.363636363636;162.913043478261;150.384615384615;204.75;132.5;114.555555555556;
29.01.06;151;150.8;139.111111111111;;163;196;187;193.615384615385;167.666666666667;130.090909090909;162.434782608696;152.461538461538;206.875;133.75;114.444444444444;
30.01.06;150;152.6;139.185185185185;;163;196.333333333333;187;193.846153846154;166.333333333333;130.818181818182;161.95652173913;154.538461538462;209;135;114.333333333333;
31.01.06;151.6;154.4;139.259259259259;;163;196.666666666667;187;194.076923076923;165;131.545454545455;161.478260869565;156.615384615385;209.846153846154;136.25;114.222222222222;
01.02.06;153.2;156.2;139.333333333333;;163;197;187;194.307692307692;163.666666666667;132.272727272727;161;158.692307692308;210.692307692308;137.5;114.111111111111;
02.02.06;154.8;158;139.407407407407;;163;197.333333333333;187;194.538461538462;162.333333333333;133;160.285714285714;160.769230769231;211.538461538462;138.75;114;
03.02.06;156.4;156.571428571429;139.481481481482;;163;197.666666666667;187;194.769230769231;161;132;159.571428571429;162.846153846154;212.384615384615;140;113.2;
04.02.06;158;155.142857142857;139.555555555556;;163;198;188.444444444444;195;159.846153846154;131;158.857142857143;164.923076923077;213.230769230769;139.136363636364;112.4;
05.02.06;158;153.714285714286;139.62962962963;;163;199;189.888888888889;195;158.692307692308;130;158.142857142857;167;214.076923076923;138.272727272727;111.6;
06.02.06;158;152.285714285714;139.703703703704;;163;200;191.333333333333;195;157.538461538462;129;157.428571428571;167.875;214.923076923077;137.409090909091;110.8;
07.02.06;158;150.857142857143;139.777777777778;;163;201;192.777777777778;195;156.384615384615;128;156.714285714286;168.75;215.769230769231;136.545454545455;110;
08.02.06;158;149.428571428571;139.851851851852;;163;202;194.222222222222;195;155.230769230769;127;156;169.625;216.615384615385;135.681818181818;109.2;
09.02.06;158;148;139.925925925926;;163;203;195.666666666667;195;154.076923076923;128.333333333333;155;170.5;217.461538461538;134.818181818182;108.4;
10.02.06;158;147;140;;163;204;197.111111111111;195;152.923076923077;129.666666666667;154;171.375;218.307692307692;133.954545454545;107.6;
11.02.06;158.166666666667;146;140.878787878788;;163;205;198.555555555556;195;151.769230769231;131;153;172.25;219.153846153846;133.090909090909;106.8;
12.02.06;158.333333333333;145;141.757575757576;;163;206;200;195;150.615384615385;132.333333333333;152;173.125;220;132.227272727273;106;
13.02.06;158.5;144;142.636363636364;;163;206.071428571429;200;195;149.461538461539;133.666666666667;151;174;215.4;131.363636363636;105.2;
14.02.06;158.666666666667;143;143.515151515152;;163;206.142857142857;200;196.166666666667;148.307692307692;135;150;173.846153846154;210.8;130.5;104.4;
15.02.06;158.833333333333;142.6;144.393939393939;;163;206.214285714286;200;197.333333333333;147.153846153846;136.333333333333;149;173.692307692308;206.2;129.636363636364;103.6;
16.02.06;159;142.2;145.272727272727;;163.703703703704;206.285714285714;200;198.5;146;137.666666666667;148;173.538461538462;201.6;128.772727272727;102.8;
17.02.06;159;141.8;146.151515151515;;164.407407407407;206.357142857143;200;199.666666666667;146.565217391304;139;147;173.384615384615;197;127.909090909091;102;
18.02.06;159;141.4;147.030303030303;;165.111111111111;206.428571428571;200;200.833333333333;147.130434782609;140.333333333333;146;173.230769230769;192.4;127.045454545455;103.461538461538;
19.02.06;159;141;147.909090909091;;165.814814814815;206.5;200;202;147.695652173913;141.666666666667;145;173.076923076923;187.8;126.181818181818;104.923076923077;
20.02.06;159;142.2;148.787878787879;;166.518518518519;206.571428571429;200;202;148.260869565217;143;145;172.923076923077;183.2;125.318181818182;106.384615384615;
21.02.06;159;143.4;149.666666666667;;167.222222222222;206.642857142857;200;202;148.826086956522;144.333333333333;145;172.769230769231;178.6;124.454545454545;107.846153846154;
22.02.06;159;144.6;150.545454545455;;167.925925925926;206.714285714286;200;202;149.391304347826;145.666666666667;145;172.615384615385;174;123.590909090909;109.307692307692;
23.02.06;158.833333333333;145.8;151.424242424242;;168.62962962963;206.785714285714;200;202;149.95652173913;147;145;172.461538461538;169.4;122.727272727273;110.769230769231;
24.02.06;158.666666666667;147;152.30303030303;;169.333333333333;206.857142857143;200;202;150.521739130435;148.333333333333;145;172.307692307692;164.8;121.863636363636;112.230769230769;
25.02.06;158.5;149.571428571429;153.181818181818;;170.037037037037;206.928571428571;200;202;151.086956521739;149.666666666667;145;172.153846153846;160.2;121;113.692307692308;
26.02.06;158.333333333333;152.142857142857;154.060606060606;;170.740740740741;207;200;202;151.652173913043;151;145;172;155.6;120.75;115.153846153846;
27.02.06;158.166666666667;154.714285714286;154.939393939394;;171.444444444444;207.071428571429;200.125;202;152.217391304348;152.333333333333;145;170.8;151;120.5;116.615384615385;
28.02.06;158;157.285714285714;155.818181818182;;172.148148148148;207.142857142857;200.25;202;152.782608695652;153.666666666667;145;169.6;145;120.25;118.076923076923;
01.03.06;173;159.857142857143;156.69696969697;;172.851851851852;207.214285714286;200.375;202;153.347826086957;155;145;168.4;139;120;119.538461538462;
02.03.06;180.5;162.428571428571;157.575757575758;;173.555555555556;207.285714285714;200.5;202;153.913043478261;155;145;167.2;133;119.75;121;
03.03.06;188;165;158.454545454545;;174.259259259259;207.357142857143;200.625;202;154.478260869565;155;145;166;127;119.5;118.888888888889;
04.03.06;188.333333333333;164.2;159.333333333333;;174.962962962963;207.428571428571;200.75;202;155.04347826087;155;145;164.8;121;119.25;116.777777777778;
05.03.06;188.666666666667;163.4;160.212121212121;;175.666666666667;207.5;200.875;202;155.608695652174;155;145;163.6;115;119;114.666666666667;
06.03.06;189;162.6;161.090909090909;;176.37037037037;207.571428571429;201;202;156.173913043478;155;145;162.4;109;118.75;112.555555555556;
07.03.06;189.333333333333;161.8;161.969696969697;;177.074074074074;207.642857142857;200;202.1;156.739130434783;155;144.5;161.2;103;118.5;110.444444444444;
08.03.06;189.666666666667;161;162.848484848485;;177.777777777778;207.714285714286;199;202.2;157.304347826087;155;144;160;97;118.25;108.333333333333;
09.03.06;190;160;163.727272727273;;178.481481481482;207.785714285714;198;202.3;157.869565217391;155;143.5;158.8;91;118;106.222222222222;
10.03.06;190.25;159;164.606060606061;;179.185185185185;207.857142857143;197;202.4;158.434782608696;154.833333333333;143;157.6;85;117.75;104.111111111111;
11.03.06;190.5;158;165.484848484849;;179.888888888889;207.928571428571;196;202.5;159;154.666666666667;142.5;156.4;79;117.5;102;
12.03.06;190.75;157;166.363636363636;;180.592592592593;208;195;202.6;158.461538461538;154.5;142;155.2;79.3684210526316;117.25;103.545454545455;
13.03.06;191;157;167.242424242424;;181.296296296296;208.666666666667;194;202.7;157.923076923077;154.333333333333;141.5;154;79.7368421052632;117;105.090909090909;
14.03.06;193;157;168.121212121212;;182;209.333333333333;194.25;202.8;157.384615384615;154.166666666667;141;157.428571428571;80.1052631578947;116.75;106.636363636364;
15.03.06;195;157;169;;181.428571428571;210;194.5;202.9;156.846153846154;154;140.5;160.857142857143;80.4736842105263;116.5;108.181818181818;
16.03.06;197;157;168.777777777778;;180.857142857143;210.666666666667;194.75;203;156.307692307692;150.428571428571;140;164.285714285714;80.8421052631579;116.25;109.727272727273;
17.03.06;199;157;168.555555555556;;180.285714285714;211.333333333333;195;203.1;155.769230769231;146.857142857143;139.5;167.714285714286;81.2105263157895;116;111.272727272727;
18.03.06;180;157;168.333333333333;;179.714285714286;212;195.25;203.2;155.230769230769;143.285714285714;139;171.142857142857;81.5789473684211;113.555555555556;112.818181818182;
19.03.06;161;157;168.111111111111;;179.142857142857;212.666666666667;195.5;203.3;154.692307692308;139.714285714286;138.5;174.571428571429;81.9473684210526;111.111111111111;114.363636363636;
20.03.06;155;157;167.888888888889;;178.571428571429;213.333333333333;195.75;203.4;154.153846153846;136.142857142857;138;178;82.3157894736842;108.666666666667;115.909090909091;
21.03.06;150;;167.666666666667;;178;214;196;203.5;153.615384615385;132.571428571429;137.5;179.428571428571;82.6842105263158;106.222222222222;117.454545454545;
22.03.06;147;;167.444444444444;;177.428571428571;214;196.25;203.6;153.076923076923;129;137;180.857142857143;83.0526315789474;103.777777777778;119;
23.03.06;144;;167.222222222222;;176.857142857143;214;196.5;203.7;152.538461538462;129.875;138;182.285714285714;83.421052631579;101.333333333333;118.571428571429;
24.03.06;141;;167;;176.285714285714;214;196.75;203.8;152;130.75;139;183.714285714286;83.7894736842105;98.8888888888889;118.142857142857;
25.03.06;138;;167;;175.714285714286;214;197;203.9;152;131.625;140;185.142857142857;84.1578947368421;96.4444444444445;117.714285714286;
26.03.06;138;;167;;175.142857142857;214;197.25;204;152;132.5;141;186.571428571429;84.5263157894737;94;117.285714285714;
27.03.06;139;;167;;174.571428571429;214;197.5;203.185185185185;152;133.375;142;188;84.8947368421053;100.8;116.857142857143;
28.03.06;138.714285714286;;167;;174;213;197.75;202.37037037037;152;134.25;143;187.375;85.2631578947369;107.6;116.428571428571;
29.03.06;138.428571428571;;167;;173.428571428571;212;198;201.555555555556;152;135.125;143;186.75;85.6315789473684;114.4;116;
30.03.06;138.142857142857;;167;202;172.857142857143;211;198.25;200.740740740741;152;136;143;186.125;86;121.2;117;
31.03.06;137.857142857143;;167;202;172.285714285714;210;198.5;199.925925925926;150.6;135.5;143;185.5;89.4444444444444;128;118;
01.04.06;137.571428571429;;167;202;171.714285714286;209;198.75;199.111111111111;149.2;135;143;184.875;92.8888888888889;128.590909090909;119;
02.04.06;137.285714285714;;167;202;171.142857142857;208;199;198.296296296296;147.8;134.5;143;184.25;96.3333333333333;129.181818181818;120;
03.04.06;137;;166.8;202;170.571428571429;206;198.25;197.481481481481;146.4;134;143;183.625;99.7777777777778;129.772727272727;121;
04.04.06;138;;166.6;202;170;204;197.5;196.666666666667;145;133.5;143;183;103.222222222222;130.363636363636;122;
05.04.06;140;;166.4;202;170.666666666667;202;196.75;195.851851851852;143.6;133;144.428571428571;183.666666666667;106.666666666667;130.954545454545;123;
06.04.06;142;;166.2;202.444444444444;171.333333333333;203.8;196;195.037037037037;142.2;132.5;145.857142857143;184.333333333333;110.111111111111;131.545454545455;124;
07.04.06;144;;166;202.888888888889;172;205.6;195.25;194.222222222222;140.8;132;147.285714285714;185;113.555555555556;132.136363636364;124.666666666667;
08.04.06;148;;165.8;203.333333333333;172.666666666667;207.4;194.5;193.407407407407;139.4;131.5;148.714285714286;185.666666666667;117;132.727272727273;125.333333333333;
09.04.06;152;;165.6;203.777777777778;173.333333333333;209.2;193.75;192.592592592593;138;131;150.142857142857;186.333333333333;119.285714285714;133.318181818182;126;
10.04.06;156;;165.4;204.222222222222;174;211;193;191.777777777778;136.6;130.5;151.571428571429;187;121.571428571429;133.909090909091;126.666666666667;
11.04.06;155.909090909091;;165.2;204.666666666667;174.666666666667;209.2;194;190.962962962963;135.2;130;153;186.571428571429;123.857142857143;134.5;127.333333333333;
12.04.06;155.818181818182;;165;205.111111111111;175.333333333333;207.4;195;190.148148148148;133.8;129.5;153;186.142857142857;126.142857142857;135.090909090909;128;
13.04.06;155.727272727273;;165.111111111111;205.555555555556;176;205.6;196;189.333333333333;132.4;129;153;185.714285714286;128.428571428571;135.681818181818;128.666666666667;
14.04.06;155.636363636364;;165.222222222222;206;176;203.8;197;188.518518518519;131;128.5;153;185.285714285714;130.714285714286;136.272727272727;129.333333333333;
15.04.06;155.545454545455;;165.333333333333;206.333333333333;176;202;198;187.703703703704;131;128;153;184.857142857143;133;136.863636363636;130;
16.04.06;155.454545454545;;165.444444444444;206.666666666667;176;204.2;199;186.888888888889;131;127.5;153;184.428571428571;134;137.454545454545;128.5;
17.04.06;155.363636363636;;165.555555555556;207;176;206.4;200;186.074074074074;131;127;153;184;135;138.045454545455;127;
18.04.06;155.272727272727;;165.666666666667;207.333333333333;178;208.6;200.625;185.259259259259;131;124.5;153;183.285714285714;136;138.636363636364;125.5;
19.04.06;155.181818181818;;165.777777777778;207.666666666667;178.333333333333;210.8;201.25;184.444444444444;131;122;152.5;182.571428571429;137;139.227272727273;124;
20.04.06;155.090909090909;;165.888888888889;208;178.666666666667;213;201.875;183.62962962963;131;119.5;152;181.857142857143;138;139.818181818182;122.5;
21.04.06;155;;166;208.5;179;212.333333333333;202.5;182.814814814815;130.571428571429;117;151.5;181.142857142857;139;140.409090909091;121;
22.04.06;153.666666666667;;166.111111111111;209;179.333333333333;211.666666666667;203.125;182;130.142857142857;115.5;151;180.428571428571;140;141;123.5;
23.04.06;152.333333333333;;166.222222222222;209.5;179.666666666667;211;203.75;181.863636363636;129.714285714286;114;150.5;179.714285714286;141;141;126;
24.04.06;151;;166.333333333333;210;180;210.333333333333;204.375;181.727272727273;129.285714285714;112.5;150;179;143.5;141;128.5;
25.04.06;151.666666666667;;166.444444444444;210.5;180.333333333333;209.666666666667;205;181.590909090909;128.857142857143;111;149.5;181.214285714286;146;141;131;
26.04.06;152.333333333333;;166.555555555556;211;180.666666666667;209;201.333333333333;181.454545454545;128.428571428571;109.5;149;183.428571428571;148.5;141;133.5;
27.04.06;153;;166.666666666667;211.555555555556;181;208;197.666666666667;181.318181818182;128;108;148.5;185.642857142857;151;141;136;
28.04.06;153.666666666667;;166.777777777778;212.111111111111;181.6;207;194;181.181818181818;125.625;109.5;148;187.857142857143;153.5;139.8125;135.266666666667;
29.04.06;154.333333333333;;166.888888888889;212.666666666667;182.2;206;195.1;181.045454545455;123.25;111;146.333333333333;190.071428571429;156;138.625;134.533333333333;
30.04.06;155;;167;213.222222222222;182.8;205.428571428571;196.2;180.909090909091;120.875;112.5;144.666666666667;192.285714285714;160.571428571429;137.4375;133.8;
01.05.06;155.666666666667;;167.75;213.777777777778;183.4;204.857142857143;197.3;180.772727272727;118.5;114;143;194.5;165.142857142857;136.25;133.066666666667;
02.05.06;156.333333333333;;168.5;214.333333333333;184;204.285714285714;198.4;180.636363636364;116.125;115.5;141.333333333333;196.714285714286;169.714285714286;135.0625;132.333333333333;
03.05.06;157;;169.25;214.888888888889;184.6;203.714285714286;199.5;180.5;113.75;117;139.666666666667;198.928571428571;174.285714285714;133.875;131.6;
04.05.06;157.666666666667;;170;215.444444444444;185.2;203.142857142857;200.6;180.363636363636;111.375;118.5;138;201.142857142857;178.857142857143;132.6875;130.866666666667;
05.05.06;158.333333333333;;169.75;216;185.8;202.571428571429;201.7;180.227272727273;109;120;136.333333333333;203.357142857143;183.428571428571;131.5;130.133333333333;
06.05.06;159;;169.5;217.8;186.4;202;202.8;180.090909090909;112;120;134.666666666667;205.571428571429;188;130.3125;129.4;
07.05.06;158;;169.25;219.6;187;202.9;203.9;179.954545454545;115;120;133;207.785714285714;189.857142857143;129.125;128.666666666667;
08.05.06;157;;169;221.4;187.6;203.8;205;179.818181818182;118;120;131.333333333333;210;191.714285714286;127.9375;127.933333333333;
09.05.06;156;;168.75;223.2;188.2;204.7;207;179.681818181818;121;120;129.666666666667;211.428571428571;193.571428571429;126.75;127.2;
10.05.06;155;;168.5;225;188.8;205.6;209;179.545454545455;124;120;128;212.857142857143;195.428571428571;125.5625;126.466666666667;
11.05.06;154;;168.25;224.538461538462;189.4;206.5;211;179.409090909091;127;120;130;214.285714285714;197.285714285714;124.375;125.733333333333;
12.05.06;153;175;168;224.076923076923;190;207.4;213;179.272727272727;130;120;132;215.714285714286;199.142857142857;123.1875;125;
13.05.06;152;175.833333333333;167.75;223.615384615385;190;208.3;215;179.136363636364;128.692307692308;121.8;134;217.142857142857;201;122;123.666666666667;
14.05.06;152;176.666666666667;167.5;223.153846153846;190;209.2;217;179;127.384615384615;123.6;136;218.571428571429;199;122;122.333333333333;
15.05.06;152;177.5;167.25;222.692307692308;190;210.1;215.75;179;126.076923076923;125.4;138;220;197;122;121;
16.05.06;152;178.333333333333;167;222.230769230769;190;211;214.5;179;124.769230769231;127.2;140;215.25;195;122;119.666666666667;
17.05.06;152.333333333333;179.166666666667;166.75;221.769230769231;190;211;213.25;179;123.461538461538;129;140;210.5;193;122;118.333333333333;
18.05.06;152.666666666667;180;166.5;221.307692307692;190;211;212;179;122.153846153846;129.333333333333;140;205.75;191;122;117;
19.05.06;153;180.571428571429;166.25;220.846153846154;190;211;210.75;179;120.846153846154;129.666666666667;140;201;189;122.75;114.833333333333;
20.05.06;152.333333333333;181.142857142857;166;220.384615384615;190;211;209.5;179;119.538461538462;130;140;196.25;190.625;123.5;112.666666666667;
21.05.06;151.666666666667;181.714285714286;165.75;219.923076923077;190;211;208.25;179;118.230769230769;130.333333333333;140;191.5;192.25;124.25;110.5;
22.05.06;151;182.285714285714;165.5;219.461538461538;190;211;207;178.357142857143;116.923076923077;130.666666666667;140;186.75;193.875;125;108.333333333333;
23.05.06;150.75;182.857142857143;165.25;219;190;211;204.928571428571;177.714285714286;115.615384615385;131;140;182;195.5;125.75;106.166666666667;
24.05.06;150.5;183.428571428571;165;218.454545454545;190;208.875;202.857142857143;177.071428571429;114.307692307692;131.333333333333;139.571428571429;184.428571428571;197.125;126.5;104;
25.05.06;150.25;184;164.75;217.909090909091;190;206.75;200.785714285714;176.428571428571;113;131.666666666667;139.142857142857;186.857142857143;198.75;127.25;103.888888888889;
26.05.06;150;184;164.5;217.363636363636;190;204.625;198.714285714286;175.785714285714;116.125;132;138.714285714286;189.285714285714;200.375;128;103.777777777778;
27.05.06;150;184;164.25;216.818181818182;190;202.5;196.642857142857;175.142857142857;119.25;132;138.285714285714;191.714285714286;202;128.75;103.666666666667;
28.05.06;150;182.4;164;216.272727272727;190;200.375;194.571428571429;174.5;122.375;132;137.857142857143;194.142857142857;198.142857142857;129.5;103.555555555556;
29.05.06;150;180.8;161.5;215.727272727273;190;198.25;192.5;173.857142857143;125.5;132;137.428571428571;196.571428571429;194.285714285714;130.25;103.444444444444;
30.05.06;149.75;179.2;159;215.181818181818;190;196.125;190.428571428571;173.214285714286;128.625;132;137;199;190.428571428571;131;103.333333333333;
31.05.06;149.5;177.6;156.5;214.636363636364;190;194;188.357142857143;172.571428571429;131.75;132;136.571428571429;201.428571428571;186.571428571429;131.75;103.222222222222;
01.06.06;149.25;176;154;214.090909090909;190.25;193.428571428571;186.285714285714;171.928571428571;134.875;132;136.142857142857;203.857142857143;182.714285714286;132.5;103.111111111111;
02.06.06;149;176;151.5;213.545454545455;190.5;192.857142857143;184.214285714286;171.285714285714;138;132.333333333333;135.714285714286;206.285714285714;178.857142857143;133.25;103;
03.06.06;148;176;149;213;190.75;192.285714285714;182.142857142857;170.642857142857;136.25;132.666666666667;135.285714285714;208.714285714286;175;134;105.428571428571;
04.06.06;147;176;149.538461538462;212.285714285714;191;191.714285714286;180.071428571429;170;134.5;133;134.857142857143;211.142857142857;177.428571428571;130.5;107.857142857143;
05.06.06;148;177.25;150.076923076923;211.571428571429;191.25;191.142857142857;178;170.428571428571;132.75;133.333333333333;134.428571428571;213.571428571429;179.857142857143;127;110.285714285714;
06.06.06;149;178.5;150.615384615385;210.857142857143;191.5;190.571428571429;176.727272727273;170.857142857143;131;133.666666666667;134;216;182.285714285714;123.5;112.714285714286;
07.06.06;150;179.75;151.153846153846;210.142857142857;191.75;190;175.454545454545;171.285714285714;129.25;134;136.285714285714;212.142857142857;184.714285714286;120;115.142857142857;
08.06.06;150.5;181;151.692307692308;209.428571428571;192;189.384615384615;174.181818181818;171.714285714286;127.5;134.444444444444;138.571428571429;208.285714285714;187.142857142857;116.5;117.571428571429;
09.06.06;151;181.333333333333;152.230769230769;208.714285714286;192.25;188.769230769231;172.909090909091;172.142857142857;125.75;134.888888888889;140.857142857143;204.428571428571;189.571428571429;113;120;
10.06.06;151;181.666666666667;152.769230769231;208;192.5;188.153846153846;171.636363636364;172.571428571429;124;135.333333333333;143.142857142857;200.571428571429;192;115.333333333333;120.857142857143;
11.06.06;151;182;153.307692307692;207.714285714286;192.75;187.538461538462;170.363636363636;173;126.428571428571;135.777777777778;145.428571428571;196.714285714286;188;117.666666666667;121.714285714286;
12.06.06;152;180.25;153.846153846154;207.428571428571;193;186.923076923077;169.090909090909;171.857142857143;128.857142857143;136.222222222222;147.714285714286;192.857142857143;184;120;122.571428571429;
13.06.06;153;178.5;154.384615384615;207.142857142857;193;186.307692307692;167.818181818182;170.714285714286;131.285714285714;136.666666666667;150;189;180;122.333333333333;123.428571428571;
14.06.06;154;176.75;154.923076923077;206.857142857143;193;185.692307692308;166.545454545455;169.571428571429;133.714285714286;137.111111111111;152.285714285714;193.833333333333;176;124.666666666667;124.285714285714;
15.06.06;155;175;155.461538461538;206.571428571429;193;185.076923076923;165.272727272727;168.428571428571;136.142857142857;137.555555555556;154.571428571429;198.666666666667;172;127;125.142857142857;
16.06.06;156;174.181818181818;156;206.285714285714;192;184.461538461538;164;167.285714285714;138.571428571429;138;156.857142857143;203.5;168;129.333333333333;126;
17.06.06;157;173.363636363636;155.142857142857;206;191;183.846153846154;165;166.142857142857;141;136.857142857143;159.142857142857;208.333333333333;164;131.666666666667;126.571428571429;
18.06.06;158;172.545454545455;154.285714285714;204.941176470588;190;183.230769230769;166;165;137.571428571429;135.714285714286;161.428571428571;213.166666666667;160;134;127.142857142857;
19.06.06;158;171.727272727273;153.428571428571;203.882352941177;189.571428571429;182.615384615385;167;163.857142857143;134.142857142857;134.571428571429;163.714285714286;218;160;136.333333333333;127.714285714286;
20.06.06;;170.909090909091;152.571428571429;202.823529411765;189.142857142857;182;165.25;162.714285714286;130.714285714286;133.428571428571;166;217.25;160;138.666666666667;128.285714285714;
21.06.06;;170.090909090909;151.714285714286;201.764705882353;188.714285714286;180.8;163.5;161.571428571429;127.285714285714;132.285714285714;168.285714285714;216.5;160;141;128.857142857143;
22.06.06;;169.272727272727;150.857142857143;200.705882352941;188.285714285714;179.6;161.75;160.428571428571;123.857142857143;131.142857142857;170.571428571429;215.75;160;143.333333333333;129.428571428571;
23.06.06;;168.454545454545;150;199.647058823529;187.857142857143;178.4;160;159.285714285714;120.428571428571;130;172.857142857143;215;160;145.666666666667;130;
24.06.06;;167.636363636364;150.352941176471;198.588235294118;187.428571428571;177.2;163;158.142857142857;117;130.428571428571;175.142857142857;214.25;160;148;129.428571428571;
25.06.06;;166.818181818182;150.705882352941;197.529411764706;187;176;166;157;116.357142857143;130.857142857143;177.428571428572;213.5;160;147.142857142857;128.857142857143;
26.06.06;;166;151.058823529412;196.470588235294;187.5;178;169;157;115.714285714286;131.285714285714;179.714285714286;212.75;160;146.285714285714;128.285714285714;
27.06.06;;166.666666666667;151.411764705882;195.411764705882;188;180;168;157;115.071428571429;131.714285714286;182;212;162.714285714286;145.428571428571;127.714285714286;
28.06.06;;167.333333333333;151.764705882353;194.352941176471;188;182;167;157;114.428571428571;132.142857142857;180;213.714285714286;165.428571428571;144.571428571429;127.142857142857;
29.06.06;;168;152.117647058824;193.294117647059;188;177.142857142857;166;157;113.785714285714;132.571428571429;178;215.428571428571;168.142857142857;143.714285714286;126.571428571429;
30.06.06;;169.142857142857;152.470588235294;192.235294117647;188.5;172.285714285714;165;157;113.142857142857;133;176;217.142857142857;170.857142857143;142.857142857143;126;
01.07.06;;170.285714285714;152.823529411765;191.176470588235;189;167.428571428571;167;158.5;112.5;132.571428571429;174;218.857142857143;173.571428571429;142;126.333333333333;
02.07.06;;171.428571428571;153.176470588235;190.117647058824;189;162.571428571429;169;160;111.857142857143;132.142857142857;172;220.571428571429;176.285714285714;142.642857142857;126.666666666667;
03.07.06;;172.571428571429;153.529411764706;189.058823529412;189;157.714285714286;166.666666666667;159.083333333333;111.214285714286;131.714285714286;170;222.285714285714;179;143.285714285714;127;
04.07.06;;173.714285714286;153.882352941176;188;189;152.857142857143;164.333333333333;158.166666666667;110.571428571429;131.285714285714;168;224;179.8;143.928571428571;127.333333333333;
05.07.06;;174.857142857143;154.235294117647;188;189;148;162;157.25;109.928571428571;130.857142857143;170.25;223.428571428571;180.6;144.571428571429;127.666666666667;
06.07.06;;176;154.588235294118;188;189;148;159.666666666667;156.333333333333;109.285714285714;130.428571428571;172.5;222.857142857143;181.4;145.214285714286;128;
07.07.06;;178.608695652174;154.941176470588;186.866666666667;189.5;148;157.333333333333;155.416666666667;108.642857142857;130;174.75;222.285714285714;182.2;145.857142857143;128.571428571429;
08.07.06;;181.217391304348;155.294117647059;185.733333333333;190;148;155;154.5;108;129;177;221.714285714286;183;146.5;129.142857142857;
09.07.06;;183.826086956522;155.647058823529;184.6;191.5;148;152.666666666667;153.583333333333;110;128;179.25;221.142857142857;182.111111111111;147.142857142857;129.714285714286;
10.07.06;;186.434782608696;156;183.466666666667;193;148;150.333333333333;152.666666666667;112;127;181.5;220.571428571429;181.222222222222;147.785714285714;130.285714285714;
11.07.06;;189.04347826087;156.705882352941;182.333333333333;190.75;148;148;151.75;114;126;183.75;220;180.333333333333;148.428571428571;130.857142857143;
12.07.06;;191.652173913043;157.411764705882;181.2;188.5;148.333333333333;150.666666666667;150.833333333333;116;126.666666666667;186;222.428571428571;179.444444444444;149.071428571429;131.428571428571;
13.07.06;;194.260869565217;158.117647058824;180.066666666667;186.25;148.666666666667;153.333333333333;149.916666666667;118;127.333333333333;188.25;224.857142857143;178.555555555556;149.714285714286;132;
14.07.06;;196.869565217391;158.823529411765;178.933333333333;184;149;156;149;120;128;190.5;227.285714285714;177.666666666667;150.357142857143;131.75;
15.07.06;;199.478260869565;159.529411764706;177.8;181.75;149.272727272727;157.5;149;120.3;125;192.75;229.714285714286;176.777777777778;151;131.5;
16.07.06;;202.086956521739;160.235294117647;176.666666666667;179.5;149.545454545455;159;149;120.6;122;195;232.142857142857;175.888888888889;148.166666666667;131.25;
17.07.06;;204.695652173913;160.941176470588;175.533333333333;177.25;149.818181818182;160.5;149;120.9;119;197.25;234.571428571429;175;145.333333333333;131;
18.07.06;;207.304347826087;161.647058823529;174.4;175;150.090909090909;162;149;121.2;116;199.5;237;177.916666666667;142.5;130.75;
19.07.06;;209.913043478261;162.352941176471;173.266666666667;176.5;150.363636363636;164.285714285714;149;121.5;113;201.75;233.5;180.833333333333;139.666666666667;130.5;
20.07.06;;212.521739130435;163.058823529412;172.133333333333;178;150.636363636364;166.571428571429;149;121.8;110;204;230;183.75;136.833333333333;130.25;
21.07.06;;215.130434782609;163.764705882353;171;179.5;150.909090909091;168.857142857143;149;122.1;107;206.25;226.5;186.666666666667;134;130;
22.07.06;;217.739130434783;164.470588235294;168.571428571429;181;151.181818181818;171.142857142857;149;122.4;107.333333333333;208.5;223;189.583333333333;135;128.5;
23.07.06;;220.347826086956;165.176470588235;166.142857142857;182.5;151.454545454545;173.428571428571;148.5;122.7;107.666666666667;210.75;219.5;192.5;136;127;
24.07.06;;222.95652173913;165.882352941176;163.714285714286;184;151.727272727273;175.714285714286;148;123;108;213;216;195.416666666667;137;125.5;
25.07.06;;225.565217391304;166.588235294118;161.285714285714;185.5;152;178;147.5;123.3;108.333333333333;209.65;211.428571428571;198.333333333333;138;124;
26.07.06;;228.173913043478;167.294117647059;158.857142857143;187;152.625;180.285714285714;147;123.6;108.666666666667;206.3;206.857142857143;201.25;139;122.5;
27.07.06;;230.782608695652;168;156.428571428571;187;153.25;182.571428571429;146.5;123.9;109;202.95;202.285714285714;204.166666666667;140;121;
28.07.06;;233.391304347826;168.727272727273;154;187;153.875;184.857142857143;146;124.2;109.333333333333;199.6;197.714285714286;207.083333333333;141;122.625;
29.07.06;;236;169.454545454545;154.8;187;154.5;187.142857142857;145.5;124.5;109.666666666667;196.25;193.142857142857;210;142;124.25;
30.07.06;;235.6;170.181818181818;155.6;187;155.125;189.428571428571;145;124.8;110;192.9;188.571428571429;208.526315789474;143;125.875;
31.07.06;;235.2;170.909090909091;156.4;187;155.75;191.714285714286;145.363636363636;125.1;110.333333333333;189.55;184;207.052631578947;144;127.5;
01.08.06;;234.8;171.636363636364;157.2;187;156.375;194;145.727272727273;125.4;110.666666666667;186.2;187.9;205.578947368421;145;129.125;
02.08.06;155.333333333333;234.4;172.363636363636;158;187;157;189;146.090909090909;125.7;111;182.85;191.8;204.105263157895;146;130.75;
03.08.06;155.666666666667;234;173.090909090909;156.928571428571;187.75;157.285714285714;184;146.454545454545;126;111.444444444444;179.5;195.7;202.631578947368;147;132.375;
04.08.06;156;234.25;173.818181818182;155.857142857143;188.5;157.571428571429;179;146.818181818182;124.642857142857;111.888888888889;176.15;199.6;201.157894736842;148;134;
05.08.06;157;234.5;174.545454545455;154.785714285714;189.25;157.857142857143;174;147.181818181818;123.285714285714;112.333333333333;172.8;203.5;199.684210526316;149;134.428571428571;
06.08.06;158;234.75;175.272727272727;153.714285714286;190;158.142857142857;169;147.545454545455;121.928571428571;112.777777777778;169.45;207.4;198.21052631579;147.857142857143;134.857142857143;
07.08.06;158;235;176;152.642857142857;190.75;158.428571428571;164;147.909090909091;120.571428571429;113.222222222222;166.1;211.3;196.736842105263;146.714285714286;135.285714285714;
08.08.06;158;235;176.727272727273;151.571428571429;191.5;158.714285714286;159;148.272727272727;119.214285714286;113.666666666667;162.75;215.2;195.263157894737;145.571428571429;135.714285714286;
09.08.06;157.333333333333;235;177.454545454545;150.5;192.25;159;158.285714285714;148.636363636364;117.857142857143;114.111111111111;159.4;219.1;193.789473684211;144.428571428571;136.142857142857;
10.08.06;156.666666666667;235;178.181818181818;149.428571428571;193;156;157.571428571429;149;116.5;114.555555555556;156.05;223;192.315789473684;143.285714285714;136.571428571429;
11.08.06;156;226.333333333333;178.909090909091;148.357142857143;192.714285714286;153;156.857142857143;149.363636363636;115.142857142857;115;152.7;226.9;190.842105263158;142.142857142857;137;
12.08.06;155;217.666666666667;179.636363636364;147.285714285714;192.428571428571;150;156.142857142857;149.727272727273;113.785714285714;115.142857142857;149.35;230.8;189.368421052632;141;134.25;
13.08.06;154;209;180.363636363636;146.214285714286;192.142857142857;147;155.428571428571;150.090909090909;112.428571428571;115.285714285714;146;234.7;187.894736842105;143;131.5;
14.08.06;153;210.5;181.090909090909;145.142857142857;191.857142857143;144;154.714285714286;150.454545454545;111.071428571429;115.428571428571;147.058823529412;238.6;186.421052631579;145;128.75;
15.08.06;152;212;181.818181818182;144.071428571429;191.571428571429;141;154;150.818181818182;109.714285714286;115.571428571429;148.117647058824;242.5;184.947368421053;147;126;
16.08.06;151.333333333333;213.5;182.545454545455;143;191.285714285714;138;153.285714285714;151.181818181818;108.357142857143;115.714285714286;149.176470588235;246.4;183.473684210526;149;123.25;
17.08.06;150.666666666667;215;183.272727272727;143.666666666667;191;139.4;152.571428571429;151.545454545455;107;115.857142857143;150.235294117647;250.3;182;151;120.5;
18.08.06;150;213;184;144.333333333333;190.714285714286;140.8;151.857142857143;151.909090909091;108;116;151.294117647059;254.2;185;150;117.75;
19.08.06;148;211;182.25;145;190.428571428571;142.2;151.142857142857;152.272727272727;109;116.571428571429;152.352941176471;258.1;188;149;115;
20.08.06;146;217;180.5;145.666666666667;190.142857142857;143.6;150.428571428571;152.636363636364;110;117.142857142857;153.411764705882;262;191;148;115.571428571429;
21.08.06;146.5;223;178.75;146.333333333333;189.857142857143;145;149.714285714286;153;111;117.714285714286;154.470588235294;254;194;147;116.142857142857;
22.08.06;147;222.333333333333;177;147;189.571428571429;146.4;149;153.666666666667;112;118.285714285714;155.529411764706;246;197;146;116.714285714286;
23.08.06;147.5;221.666666666667;175.25;147.666666666667;189.285714285714;147.8;148.285714285714;154.333333333333;113;118.857142857143;156.588235294118;241.25;200;145;117.285714285714;
24.08.06;148;221;173.5;148.333333333333;189;149.2;147.571428571429;155;114;119.428571428571;157.647058823529;236.5;203;144;117.857142857143;
25.08.06;148.5;220.75;171.75;149;188.692307692308;150.6;146.857142857143;155.666666666667;115;120;158.705882352941;231.75;206;143;118.428571428571;
26.08.06;149;220.5;170;149.666666666667;188.384615384615;152;146.142857142857;156.333333333333;116;120.285714285714;159.764705882353;227;209;142;119;
27.08.06;149.5;220.25;168.25;150.333333333333;188.076923076923;149;145.428571428571;157;117;120.571428571429;160.823529411765;222.25;206.642857142857;141;121.5;
28.08.06;150;220;166.5;151;187.769230769231;146;144.714285714286;156.6;118;120.857142857143;161.882352941176;217.5;204.285714285714;140;124;
29.08.06;150.5;218.666666666667;164.75;151.666666666667;187.461538461538;143;144;156.2;119;121.142857142857;162.941176470588;212.75;201.928571428571;139;126.5;
30.08.06;151;217.333333333333;163;152.333333333333;187.153846153846;143;144.8;155.8;120;121.428571428571;164;208;199.571428571429;138;129;
31.08.06;151.5;216;162.454545454545;153;186.846153846154;143;145.6;155.4;121;121.714285714286;162.5;210;197.214285714286;137;125.75;
01.09.06;152;215.75;161.909090909091;153;186.538461538462;143;146.4;155;122;122;161;212;194.857142857143;136;122.5;
02.09.06;152.5;215.5;161.363636363636;153;186.230769230769;143;147.2;155.3;121.04;122.1;159.5;214;192.5;135;119.25;
03.09.06;153;215.25;160.818181818182;153;185.923076923077;143;148;155.6;120.08;122.2;158;216;190.142857142857;134;116;
04.09.06;151.5;215;160.272727272727;153;185.615384615385;143;147;155.9;119.12;122.3;156.5;218;187.785714285714;133;112.75;
05.09.06;150;214;159.727272727273;153;185.307692307692;143;146;156.2;118.16;122.4;155;220;185.428571428571;132;109.5;
06.09.06;151;213;159.181818181818;153;185;143;145.785714285714;156.5;117.2;122.5;153.5;222.074074074074;183.071428571429;131;106.25;
07.09.06;152;212;158.636363636364;153;183.625;143;145.571428571429;156.8;116.24;122.6;152;224.148148148148;180.714285714286;130;103;
08.09.06;153;211;158.090909090909;153;182.25;143;145.357142857143;157.1;115.28;122.7;150.5;226.222222222222;178.357142857143;129;103.571428571429;
09.09.06;149.5;208.333333333333;157.545454545455;153;180.875;143;145.142857142857;157.4;114.32;122.8;149;228.296296296296;176;128.521739130435;104.142857142857;
10.09.06;146;205.666666666667;157;153;179.5;143;144.928571428571;157.7;113.36;122.9;147.5;230.37037037037;175.409090909091;128.04347826087;104.714285714286;
11.09.06;146.5;203;155.909090909091;153;178.125;143;144.714285714286;158;112.4;123;146;232.444444444444;174.818181818182;127.565217391304;105.285714285714;
12.09.06;147;206.333333333333;154.818181818182;153;176.75;143;144.5;157.5;111.44;121.6875;144.571428571429;234.518518518518;174.227272727273;127.086956521739;105.857142857143;
13.09.06;148;209.666666666667;153.727272727273;153;175.375;147.714285714286;144.285714285714;157;110.48;120.375;143.142857142857;236.592592592593;173.636363636364;126.608695652174;106.428571428571;
14.09.06;149;213;152.636363636364;153;174;152.428571428571;144.071428571429;156.5;109.52;119.0625;141.714285714286;238.666666666667;173.045454545455;126.130434782609;107;
15.09.06;150;213.666666666667;151.545454545455;152.857142857143;174;157.142857142857;143.857142857143;156;108.56;117.75;140.285714285714;240.740740740741;172.454545454546;125.652173913043;107.571428571429;
16.09.06;150;214.333333333333;150.454545454545;152.714285714286;174;161.857142857143;143.642857142857;155.5;107.6;116.4375;138.857142857143;242.814814814815;171.863636363636;125.173913043478;108.142857142857;
17.09.06;150;215;149.363636363636;152.571428571429;174;166.571428571429;143.428571428571;155;106.64;115.125;137.428571428571;244.888888888889;171.272727272727;124.695652173913;108.714285714286;
18.09.06;150;216.25;148.272727272727;152.428571428571;174;171.285714285714;143.214285714286;154.5;105.68;113.8125;136;246.962962962963;170.681818181818;124.217391304348;109.285714285714;
19.09.06;150;217.5;147.181818181818;152.285714285714;174;176;143;154;104.72;112.5;137.777777777778;249.037037037037;170.090909090909;123.739130434783;109.857142857143;
20.09.06;148.666666666667;218.75;146.090909090909;152.142857142857;174;174.384615384615;143.789473684211;153.5;103.76;111.1875;139.555555555556;251.111111111111;169.5;123.260869565217;110.428571428571;
21.09.06;147.333333333333;220;145;152;174;172.769230769231;144.578947368421;153;102.8;109.875;141.333333333333;253.185185185185;168.909090909091;122.782608695652;111;
22.09.06;146;220;144.774193548387;151.857142857143;174;171.153846153846;145.368421052632;153.666666666667;101.84;108.5625;143.111111111111;255.259259259259;168.318181818182;122.304347826087;111.571428571429;
23.09.06;146;220;144.548387096774;151.714285714286;174;169.538461538462;146.157894736842;154.333333333333;100.88;107.25;144.888888888889;257.333333333333;167.727272727273;121.826086956522;112.142857142857;
24.09.06;146;220;144.322580645161;151.571428571429;174;167.923076923077;146.947368421053;155;99.92;105.9375;146.666666666667;259.407407407407;167.136363636364;121.347826086957;112.714285714286;
25.09.06;145;218.75;144.096774193548;151.428571428571;174;166.307692307692;147.736842105263;155.666666666667;98.96;104.625;148.444444444444;261.481481481481;166.545454545455;120.869565217391;113.285714285714;
26.09.06;144;217.5;143.870967741936;151.285714285714;174;164.692307692308;148.526315789474;156.333333333333;98;103.3125;150.222222222222;263.555555555556;165.954545454545;120.391304347826;113.857142857143;
27.09.06;144;216.25;143.645161290323;151.142857142857;174;163.076923076923;149.315789473684;157;99;102;152;265.62962962963;165.363636363636;119.913043478261;114.428571428571;
28.09.06;144;215;143.41935483871;151;173.733333333333;161.461538461538;150.105263157895;157.666666666667;100;105.166666666667;153.307692307692;267.703703703704;164.772727272727;119.434782608696;115;
29.09.06;144;213.75;143.193548387097;150.857142857143;173.466666666667;159.846153846154;150.894736842105;158.333333333333;101;108.333333333333;154.615384615385;269.777777777778;164.181818181818;118.95652173913;115.571428571429;
30.09.06;144;212.5;142.967741935484;150.714285714286;173.2;158.230769230769;151.684210526316;159;102;111.5;155.923076923077;271.851851851852;163.590909090909;118.478260869565;116.142857142857;
01.10.06;144;211.25;142.741935483871;150.571428571429;172.933333333333;156.615384615385;152.473684210526;159.666666666667;103;114.666666666667;157.230769230769;273.925925925926;163;118;116.714285714286;
02.10.06;143.5;210;142.516129032258;150.428571428571;172.666666666667;155;153.263157894737;160.333333333333;104;117.833333333333;158.538461538462;276;163.571428571429;117.653846153846;117.285714285714;
03.10.06;143;209.333333333333;142.290322580645;150.285714285714;172.4;155;154.052631578947;161;105;121;159.846153846154;272.625;164.142857142857;117.307692307692;117.857142857143;
04.10.06;142.75;208.666666666667;142.064516129032;150.142857142857;172.133333333333;155;154.842105263158;161.666666666667;106;121.142857142857;161.153846153846;269.25;164.714285714286;116.961538461538;118.428571428571;
05.10.06;142.5;208;141.838709677419;150;171.866666666667;155;155.631578947368;162.333333333333;105.222222222222;121.285714285714;162.461538461538;265.875;165.285714285714;116.615384615385;119;
06.10.06;142.25;207.333333333333;141.612903225806;150;171.6;155;156.421052631579;163;104.444444444444;121.428571428571;163.769230769231;262.5;165.857142857143;116.269230769231;115.333333333333;
07.10.06;142;206.666666666667;141.387096774194;150;171.333333333333;155;157.210526315789;163.666666666667;103.666666666667;121.571428571429;165.076923076923;259.125;166.428571428571;115.923076923077;111.666666666667;
08.10.06;141.333333333333;206;141.161290322581;150;171.066666666667;155;158;164.333333333333;102.888888888889;121.714285714286;166.384615384615;255.75;167;115.576923076923;108;
09.10.06;140.666666666667;205;140.935483870968;150;170.8;155;157.5;165;102.111111111111;121.857142857143;167.692307692308;252.375;168.571428571429;115.230769230769;104.333333333333;
10.10.06;140;204;140.709677419355;150;170.533333333333;155;157;165;101.333333333333;122;169;249;170.142857142857;114.884615384615;100.666666666667;
11.10.06;140.666666666667;203;140.483870967742;150;170.266666666667;155;156.5;165;100.555555555556;122.142857142857;168.375;250.857142857143;171.714285714286;114.538461538462;97;
12.10.06;141.333333333333;202;140.258064516129;150;170;155.55;156;165;99.7777777777778;122.285714285714;167.75;252.714285714286;173.285714285714;114.192307692308;96.8571428571429;
13.10.06;142;199.727272727273;140.032258064516;150;169.6;156.1;155.5;165;99;122.428571428571;167.125;254.571428571429;174.857142857143;113.846153846154;96.7142857142857;
14.10.06;142;197.454545454545;139.806451612903;150;169.2;156.65;155;165;102.833333333333;122.571428571429;166.5;256.428571428571;176.428571428571;113.5;96.5714285714286;
15.10.06;142;195.181818181818;139.58064516129;150;168.8;157.2;154.5;165;106.666666666667;122.714285714286;165.875;258.285714285714;178;113.153846153846;96.4285714285715;
16.10.06;142;192.909090909091;139.354838709677;150;168.4;157.75;154;165;110.5;122.857142857143;165.25;260.142857142857;176.166666666667;112.807692307692;96.2857142857143;
17.10.06;142.2;190.636363636364;139.129032258065;150;168;158.3;154.133333333333;165;114.333333333333;123;164.625;262;174.333333333333;112.461538461538;96.1428571428572;
18.10.06;142.4;188.363636363636;138.903225806452;150;167.6;158.85;154.266666666667;165;118.166666666667;126.571428571429;164;261.714285714286;172.5;112.115384615385;96;
19.10.06;142.6;186.090909090909;138.677419354839;150;167.2;159.4;154.4;165;122;130.142857142857;167.428571428571;261.428571428571;170.666666666667;111.769230769231;95.8571428571429;
20.10.06;142.8;183.818181818182;138.451612903226;150;166.8;159.95;154.533333333333;165;121.214285714286;133.714285714286;170.857142857143;261.142857142857;168.833333333333;111.423076923077;95.7142857142857;
21.10.06;143;181.545454545455;138.225806451613;149.277777777778;166.4;160.5;154.666666666667;165.625;120.428571428571;137.285714285714;174.285714285714;260.857142857143;167;111.076923076923;95.5714285714286;
22.10.06;143.333333333333;179.272727272727;138;148.555555555556;166;161.05;154.8;166.25;119.642857142857;140.857142857143;177.714285714286;260.571428571429;166.142857142857;110.730769230769;95.4285714285714;
23.10.06;143.666666666667;180.272727272727;140.090909090909;147.833333333333;166.3;161.6;154.933333333333;166.875;118.857142857143;144.428571428571;181.142857142857;260.285714285714;165.285714285714;110.384615384615;95.2857142857143;
24.10.06;144;181.272727272727;142.181818181818;147.111111111111;166.6;162.15;155.066666666667;167.5;118.071428571429;148;184.571428571429;260;164.428571428571;110.038461538462;95.1428571428572;
25.10.06;144.333333333333;182.272727272727;144.272727272727;146.388888888889;166.9;162.7;155.2;168.125;117.285714285714;149.25;188;257.666666666667;163.571428571429;109.692307692308;95;
26.10.06;144.666666666667;183.272727272727;146.363636363636;145.666666666667;167.2;163.25;155.333333333333;168.75;116.5;150.5;188;255.333333333333;162.714285714286;109.346153846154;94.8571428571429;
27.10.06;145;184.272727272727;148.454545454545;144.944444444444;167.5;163.8;155.466666666667;169.375;115.714285714286;151.75;188;253;161.857142857143;109;94.7142857142857;
28.10.06;146;185.272727272727;150.545454545455;144.222222222222;167.8;164.35;155.6;170;114.928571428571;153;188;250.666666666667;161;109.714285714286;94.5714285714286;
29.10.06;147;186.272727272727;152.636363636364;143.5;168.1;164.9;155.733333333333;170.625;114.142857142857;154.25;188;248.333333333333;161;110.428571428571;94.4285714285714;
30.10.06;148;187.272727272727;154.727272727273;142.777777777778;168.4;165.45;155.866666666667;171.25;113.357142857143;155.5;188;246;161;111.142857142857;94.2857142857143;
31.10.06;148.5;186.509090909091;156.818181818182;142.055555555556;168.7;166;156;171.875;112.571428571429;156.75;188;241.875;161;111.857142857143;94.1428571428572;
01.11.06;149;185.745454545455;158.909090909091;141.333333333333;169;167.142857142857;156.730769230769;172.5;111.785714285714;158;188;237.75;161;112.571428571429;94;
02.11.06;149.2;184.981818181818;161;140.611111111111;169.611111111111;168.285714285714;157.461538461538;173.125;111;157.285714285714;183;233.625;161;113.285714285714;94.7142857142857;
03.11.06;149.4;184.218181818182;160.230769230769;139.888888888889;170.222222222222;169.428571428571;158.192307692308;173.75;110.428571428571;156.571428571429;178;229.5;161;114;95.4285714285714;
04.11.06;149.6;183.454545454546;159.461538461538;139.166666666667;170.833333333333;170.571428571429;158.923076923077;174.375;109.857142857143;155.857142857143;173;225.375;161;114.714285714286;96.1428571428571;
05.11.06;149.8;182.690909090909;158.692307692308;138.444444444444;171.444444444444;171.714285714286;159.653846153846;175;109.285714285714;155.142857142857;168;221.25;161;115.428571428571;96.8571428571429;
06.11.06;150;181.927272727273;157.923076923077;137.722222222222;172.055555555556;172.857142857143;160.384615384615;175;108.714285714286;154.428571428571;163;217.125;161.5;116.142857142857;97.5714285714286;
07.11.06;149.75;181.163636363636;157.153846153846;137;172.666666666667;174;161.115384615385;175;108.142857142857;153.714285714286;158;213;162;116.857142857143;98.2857142857143;
08.11.06;149.5;180.4;156.384615384615;137.555555555556;173.277777777778;174.285714285714;161.846153846154;175;107.571428571429;153;163.375;215;162.5;117.571428571429;99;
09.11.06;149.25;179.636363636364;155.615384615385;138.111111111111;173.888888888889;174.571428571429;162.576923076923;175;107;152.285714285714;168.75;217;163;118.285714285714;100.714285714286;
10.11.06;149;178.872727272727;154.846153846154;138.666666666667;174.5;174.857142857143;163.307692307692;175;107.285714285714;151.571428571429;174.125;219;163.5;119;102.428571428571;
11.11.06;148;178.109090909091;154.076923076923;139.222222222222;175.111111111111;175.142857142857;164.038461538462;175;107.571428571429;150.857142857143;179.5;221;164;118.142857142857;104.142857142857;
12.11.06;147;177.345454545455;153.307692307692;139.777777777778;175.722222222222;175.428571428571;164.769230769231;175;107.857142857143;150.142857142857;184.875;223;160.5;117.285714285714;105.857142857143;
13.11.06;146;176.581818181818;152.538461538462;140.333333333333;176.333333333333;175.714285714286;165.5;175.333333333333;108.142857142857;149.428571428571;190.25;221.714285714286;157;116.428571428571;107.571428571429;
14.11.06;145.75;175.818181818182;151.769230769231;140.888888888889;176.944444444444;176;166.230769230769;175.666666666667;108.428571428571;148.714285714286;195.625;220.428571428571;153.5;115.571428571429;109.285714285714;
15.11.06;145.5;175.054545454545;151;141.444444444444;177.555555555556;176;166.961538461538;176;108.714285714286;148;201;219.142857142857;150;114.714285714286;111;
16.11.06;145.25;174.290909090909;150.428571428571;142;178.166666666667;176;167.692307692308;176.333333333333;109;148.333333333333;197.5;217.857142857143;146.5;113.857142857143;109.6;
17.11.06;145;173.527272727273;149.857142857143;142.555555555556;178.777777777778;176;168.423076923077;176.666666666667;109.285714285714;148.666666666667;194;216.571428571429;143;113;108.2;
18.11.06;145.25;172.763636363636;149.285714285714;143.111111111111;179.388888888889;176;169.153846153846;177;109.571428571429;149;190.5;215.285714285714;139.5;113;106.8;
19.11.06;145.5;172;148.714285714286;143.666666666667;180;176;169.884615384615;176.416666666667;109.857142857143;149.333333333333;187;214;136;113;105.4;
20.11.06;145.75;172.545454545455;148.142857142857;144.222222222222;180;176;170.615384615385;175.833333333333;110.142857142857;149.666666666667;183.5;210.777777777778;137.571428571429;113;104;
21.11.06;146;173.090909090909;147.571428571429;144.777777777778;180;176;171.346153846154;175.25;110.428571428571;150;180;207.555555555556;139.142857142857;113;102.6;
22.11.06;149.8;173.636363636364;147;145.333333333333;180;176;172.076923076923;174.666666666667;110.714285714286;150.333333333333;176.5;204.333333333333;140.714285714286;113;101.2;
23.11.06;149.6;174.181818181818;147;145.888888888889;180;176;172.807692307692;174.083333333333;111;150.666666666667;173;201.111111111111;142.285714285714;113;99.8;
24.11.06;149.4;174.727272727273;147;146.444444444444;180;176;173.538461538462;173.5;111;151;169.5;197.888888888889;143.857142857143;113;98.4;
25.11.06;149.2;175.272727272727;147;147;180;176;174.269230769231;172.916666666667;111;151.333333333333;166;194.666666666667;145.428571428571;111.333333333333;97;
26.11.06;149;175.818181818182;147;147;180;176;175;172.333333333333;111;151.666666666667;162.5;191.444444444444;147;109.666666666667;99;
27.11.06;148.8;176.363636363636;147;147;180;176;175.25;171.75;111;152;159;188.222222222222;148.5;108;101;
28.11.06;148.6;176.909090909091;147;147;180;176;175.5;171.166666666667;111;152.333333333333;159.333333333333;185;150;106.333333333333;103;
29.11.06;148.4;177.454545454545;147;147;180;176;175.75;170.583333333333;111;152.666666666667;159.666666666667;185;151.5;104.666666666667;105;
30.11.06;148.2;178;147;147;180;176;176;170;111;153;160;185;153;103;107;
