01.12.05;4.7;;;4;5;6.2;6.3;5.1;5.8;5.3;6.6;6;6.5;6.9;7
02.12.05;4.5;6;;3.76666666666667;5.16666666666667;6.125;6.225;4.93333333333333;5.74285714285714;5.2;6.56190476190476;5.95;6.52;6.7;6.9125
03.12.05;4.3;5.92307692307692;6.1;3.53333333333333;5.33333333333333;6.05;6.15;4.76666666666667;5.68571428571429;5.16363636363636;6.52380952380952;5.9;6.54;6.55;6.825
04.12.05;4.1;5.84615384615385;5.75;3.3;5.5;5.975;6.075;4.6;5.62857142857143;5.12727272727273;6.48571428571429;5.85;6.56;6.4;6.7375
05.12.05;4.1;5.76923076923077;5.4;3.06666666666667;5.66666666666667;5.9;6;4.63846153846154;5.57142857142857;5.09090909090909;6.44761904761905;5.8;6.58;6.25;6.65
06.12.05;4.1;5.69230769230769;5.05;2.83333333333334;5.83333333333334;5.7625;5.98095238095238;4.67692307692308;5.51428571428571;5.05454545454546;6.40952380952381;5.825;6.6;6.1;6.5625
07.12.05;4.1;5.61538461538462;4.7;2.6;6;5.625;5.96190476190476;4.71538461538462;5.45714285714286;5.01818181818182;6.37142857142857;5.85;6.56666666666667;5.95;6.475
08.12.05;4.1;5.53846153846154;4.35;2.61111111111111;5.89333333333333;5.4875;5.94285714285714;4.75384615384615;5.4;4.98181818181818;6.33333333333333;5.875;6.53333333333333;5.8;6.3875
09.12.05;4.1;5.46153846153846;4;2.62222222222222;5.78666666666667;5.35;5.92380952380952;4.79230769230769;5.34285714285714;4.94545454545455;6.2952380952381;5.9;6.5;5.65;6.3
10.12.05;4.1;5.38461538461539;3.62;2.63333333333333;5.68;5.2125;5.9047619047619;4.83076923076923;5.28571428571429;4.90909090909091;6.25714285714286;5.925;6.46666666666667;5.5;6.22105263157895
11.12.05;4.08571428571429;5.30769230769231;3.24;2.64444444444444;5.57333333333333;5.075;5.88571428571429;4.86923076923077;5.22857142857143;4.87272727272727;6.21904761904762;5.95;6.43333333333333;5.46;6.14210526315789
12.12.05;4.07142857142857;5.23076923076923;2.86;2.65555555555556;5.46666666666667;4.9375;5.86666666666667;4.90769230769231;5.17142857142857;4.83636363636364;6.18095238095238;5.975;6.4;5.42;6.06315789473684
13.12.05;4.05714285714286;5.15384615384615;2.48;2.66666666666667;5.36;4.8;5.84761904761905;4.94615384615385;5.11428571428572;4.8;6.14285714285714;6;6.38;5.38;5.98421052631579
14.12.05;4.04285714285714;5.07692307692308;2.1;2.67777777777778;5.25333333333333;4.5;5.82857142857143;4.98461538461539;5.05714285714286;4.7125;6.1047619047619;5.86666666666667;6.36;5.34;5.90526315789474
15.12.05;4.02857142857143;5;2.02857142857143;2.68888888888889;5.14666666666666;4.2;5.80952380952381;5.02307692307692;5;4.625;6.06666666666667;5.73333333333333;6.34;5.3;5.82631578947368
16.12.05;4.01428571428571;4.85;1.95714285714286;2.7;5.04;4.18888888888889;5.79047619047619;5.06153846153846;5;4.5375;6.02857142857143;5.6;6.32;5.3;5.74736842105263
17.12.05;4;4.7;1.88571428571429;2.71153846153846;4.93333333333333;4.17777777777778;5.77142857142857;5.1;5;4.45;5.99047619047619;5.46666666666667;6.3;5.3;5.66842105263158
18.12.05;3.9;4.55;1.81428571428571;2.72307692307692;4.82666666666666;4.16666666666667;5.75238095238095;5.03703703703704;5;4.3625;5.95238095238095;5.33333333333334;6.3;5.3;5.58947368421053
19.12.05;3.8;4.4;1.74285714285714;2.73461538461538;4.72;4.15555555555556;5.73333333333333;4.97407407407407;5;4.275;5.91428571428571;5.2;6.3;5.3;5.51052631578947
20.12.05;3.7;4.25;1.67142857142857;2.74615384615385;4.61333333333333;4.14444444444445;5.71428571428571;4.91111111111111;5;4.1875;5.87619047619048;5.15;6.3;5.3;5.43157894736842
21.12.05;3.6;4.1;1.6;2.75769230769231;4.50666666666666;4.13333333333333;5.69523809523809;4.84814814814815;5;4.1;5.83809523809524;5.1;6.3;5.3;5.35263157894737
22.12.05;3.5;3.95;1.6;2.76923076923077;4.4;4.12222222222222;5.67619047619048;4.78518518518519;5;4.09047619047619;5.8;5.05;6.3;5.3;5.27368421052632
23.12.05;3.4;3.8;1.6;2.78076923076923;4.38461538461538;4.11111111111111;5.65714285714286;4.72222222222222;5;4.08095238095238;5.82;5;6.3;5.3;5.19473684210526
24.12.05;3.3;3.65;1.6;2.79230769230769;4.36923076923076;4.1;5.63809523809524;4.65925925925926;4.92857142857143;4.07142857142857;5.84;4.95;6.3;5.3;5.11578947368421
25.12.05;3.2;3.5;1.6;2.80384615384615;4.35384615384615;4.08888888888889;5.61904761904762;4.5962962962963;4.85714285714286;4.06190476190476;5.86;4.9;6.3;5.3;5.03684210526316
26.12.05;3.1;3.34705882352941;1.59;2.81538461538462;4.33846153846154;4.07777777777778;5.6;4.53333333333333;4.78571428571429;4.05238095238095;5.88;4.85;6.24666666666667;5.3;4.95789473684211
27.12.05;3;3.19411764705882;1.58;2.82692307692308;4.32307692307692;4.06666666666667;5.56428571428571;4.47037037037037;4.71428571428571;4.04285714285714;5.9;4.8;6.19333333333333;5.3;4.87894736842105
28.12.05;2.9;3.04117647058824;1.57;2.83846153846154;4.3076923076923;4.05555555555556;5.52857142857143;4.40740740740741;4.64285714285714;4.03333333333333;5.85714285714286;4.75714285714286;6.14;5.3;4.8
29.12.05;2.8;2.88823529411765;1.56;2.85;4.29230769230769;4.04444444444445;5.49285714285714;4.34444444444444;4.57142857142857;4.02380952380952;5.81428571428572;4.71428571428571;6.08666666666667;5.24444444444444;4.77333333333333
30.12.05;2.7;2.73529411764706;1.55;2.86153846153846;4.27692307692307;4.03333333333333;5.45714285714286;4.28148148148148;4.5;4.01428571428571;5.77142857142857;4.67142857142857;6.03333333333333;5.18888888888889;4.74666666666667
31.12.05;2.6;2.58235294117647;1.54;2.87307692307692;4.26153846153846;4.02222222222222;5.42142857142857;4.21851851851852;4.42857142857143;4.00476190476191;5.72857142857143;4.62857142857143;5.98;5.13333333333333;4.72
01.01.06;2.5;2.42941176470588;1.53;2.88461538461538;4.24615384615384;4.01111111111111;5.38571428571429;4.15555555555556;4.35714285714286;3.9952380952381;5.68571428571429;4.58571428571429;5.92666666666667;5.07777777777778;4.69333333333333
02.01.06;2.4;2.2764705882353;1.52;2.89615384615385;4.23076923076923;4;5.35;4.09259259259259;4.28571428571429;3.98571428571429;5.64285714285714;4.54285714285714;5.87333333333333;5.02222222222222;4.66666666666667
03.01.06;2.3;2.12352941176471;1.51;2.90769230769231;4.21538461538461;3.98888888888889;5.31428571428571;4.02962962962963;4.21428571428571;3.97619047619048;5.6;4.5;5.82;4.96666666666667;4.64
04.01.06;2.2;1.97058823529412;1.5;2.91923076923077;4.2;3.97777777777778;5.27857142857143;3.96666666666667;4.14285714285714;3.96666666666667;5.55714285714286;4.45714285714286;5.76666666666667;4.91111111111111;4.61333333333333
05.01.06;2.1;1.81764705882353;1.49;2.93076923076923;4.18461538461538;3.96666666666667;5.24285714285714;3.9037037037037;4.07142857142857;3.95714285714286;5.51428571428571;4.41428571428572;5.71333333333333;4.85555555555556;4.58666666666667
06.01.06;2;1.66470588235294;1.48;2.94230769230769;4.16923076923077;3.95555555555556;5.20714285714286;3.84074074074074;4;3.94761904761905;5.47142857142857;4.37142857142857;5.66;4.8;4.56
07.01.06;1.9;1.51176470588236;1.47;2.95384615384615;4.15384615384615;3.94444444444444;5.17142857142857;3.77777777777778;3.92857142857143;3.93809523809524;5.42857142857143;4.32857142857143;5.60666666666667;4.74444444444444;4.53333333333333
08.01.06;1.80000000000001;1.35882352941177;1.46;2.96538461538461;4.13846153846154;3.93333333333333;5.13571428571429;3.71481481481481;3.85714285714286;3.92857142857143;5.38571428571429;4.28571428571429;5.55333333333333;4.68888888888889;4.50666666666667
09.01.06;1.70000000000001;1.20588235294118;1.45;2.97692307692308;4.12307692307692;3.92222222222222;5.1;3.65185185185185;3.78571428571429;3.91904761904762;5.34285714285714;4.24285714285714;5.5;4.63333333333333;4.48
10.01.06;1.60000000000001;1.05294117647059;1.44;2.98846153846154;4.10769230769231;3.91111111111111;5.00714285714286;3.58888888888889;3.71428571428572;3.90952380952381;5.3;4.2;5.48333333333333;4.57777777777778;4.45333333333333
11.01.06;1.50000000000001;0.900000000000004;1.43;3;4.09230769230769;3.9;4.91428571428571;3.52592592592593;3.64285714285714;3.9;5.22;4.18461538461539;5.46666666666667;4.52222222222222;4.42666666666667
12.01.06;1.40000000000001;1.1;1.42;2.94772727272727;4.07692307692308;3.78333333333333;4.82142857142857;3.46296296296296;3.57142857142857;3.90769230769231;5.14;4.16923076923077;5.45;4.46666666666667;4.4
13.01.06;1.30000000000001;1.3;1.41;2.89545454545455;4.06153846153846;3.66666666666667;4.72857142857143;3.4;3.5;3.91538461538462;5.06;4.15384615384615;5.43333333333333;4.41111111111111;4.43333333333333
14.01.06;1.30000000000001;1.5;1.4;2.84318181818182;4.04615384615385;3.55;4.63571428571429;3.31111111111111;3.52222222222222;3.92307692307692;4.98;4.13846153846154;5.41666666666667;4.35555555555555;4.46666666666667
15.01.06;1.30000000000001;1.7;1.37307692307692;2.79090909090909;4.03076923076923;3.43333333333333;4.54285714285714;3.22222222222222;3.54444444444444;3.93076923076923;4.9;4.12307692307692;5.4;4.3;4.5
16.01.06;1.30000000000001;1.9;1.34615384615385;2.73863636363636;4.01538461538462;3.31666666666666;4.45;3.13333333333333;3.56666666666667;3.93846153846154;4.82;4.10769230769231;5.41428571428572;4.34545454545455;4.53333333333333
17.01.06;1.30000000000001;2.1;1.31923076923077;2.68636363636364;4;3.2;4.35714285714286;3.04444444444444;3.58888888888889;3.94615384615385;4.74;4.09230769230769;5.42857142857143;4.39090909090909;4.56666666666667
18.01.06;1.30000000000001;2.3;1.29230769230769;2.63409090909091;3.91034482758621;3.08333333333333;4.26428571428571;2.95555555555556;3.61111111111111;3.95384615384615;4.66;4.07692307692308;5.44285714285714;4.43636363636364;4.6
19.01.06;1.30000000000001;2.5;1.26538461538462;2.58181818181818;3.82068965517241;2.96666666666666;4.17142857142857;2.86666666666667;3.63333333333333;3.96153846153846;4.58;4.06153846153846;5.45714285714286;4.48181818181818;4.63333333333333
20.01.06;1.30000000000001;2.7;1.23846153846154;2.52954545454545;3.73103448275862;2.85;4.07857142857143;2.77777777777778;3.65555555555556;3.96923076923077;4.5;4.04615384615385;5.47142857142857;4.52727272727273;4.66666666666667
21.01.06;1.3;2.9;1.21153846153846;2.47727272727273;3.64137931034483;2.73333333333333;3.98571428571429;2.68888888888889;3.67777777777778;3.97692307692308;4.42;4.03076923076923;5.48571428571429;4.57272727272727;4.7
22.01.06;1.7;3.1;1.18461538461538;2.425;3.55172413793103;2.61666666666666;3.89285714285714;2.6;3.7;3.98461538461538;4.34;4.01538461538462;5.5;4.61818181818182;4.73333333333333
23.01.06;2.1;3.3;1.15769230769231;2.37272727272727;3.46206896551724;2.5;3.8;2.64615384615385;3.70833333333333;3.99230769230769;4.26;4;5.4;4.66363636363636;4.76666666666667
24.01.06;2.5;3.26;1.13076923076923;2.32045454545455;3.37241379310345;2.38333333333333;3.56363636363636;2.69230769230769;3.71666666666667;4;4.18;4.01538461538462;5.3;4.70909090909091;4.8
25.01.06;2.9;3.22;1.10384615384615;2.26818181818182;3.28275862068966;2.26666666666666;3.32727272727273;2.73846153846154;3.725;3.94;4.1;4.03076923076923;5.2;4.75454545454545;4.81111111111111
26.01.06;2.9;3.18;1.07692307692308;2.21590909090909;3.19310344827586;2.15;3.09090909090909;2.78461538461539;3.73333333333333;3.88;4.14285714285714;4.04615384615385;5.1;4.8;4.82222222222222
27.01.06;2.9;3.14;1.05;2.16363636363636;3.10344827586207;2.03333333333333;2.85454545454546;2.83076923076923;3.74166666666667;3.82;4.18571428571429;4.06153846153846;5;4.7;4.83333333333333
28.01.06;2.9;3.1;1.02307692307692;2.11136363636364;3.01379310344828;1.91666666666666;2.61818181818182;2.87692307692308;3.75;3.76;4.22857142857143;4.07692307692308;4.9;4.6;4.84444444444445
29.01.06;2.9;2.78;0.996153846153846;2.05909090909091;2.92413793103448;1.79999999999999;2.38181818181818;2.92307692307692;3.75833333333333;3.7;4.27142857142857;4.09230769230769;4.8;4.5;4.85555555555556
30.01.06;2.9;2.46;0.96923076923077;2.00681818181818;2.83448275862069;1.85;2.14545454545455;2.96923076923077;3.76666666666667;3.64;4.31428571428571;4.10769230769231;4.7;4.4;4.86666666666667
31.01.06;2.9;2.14;0.942307692307693;1.95454545454545;2.7448275862069;1.9;1.90909090909091;3.01538461538462;3.775;3.58;4.35714285714286;4.12307692307692;4.71666666666667;4.3;4.87777777777778
01.02.06;2.9;1.82;0.915384615384616;1.90227272727273;2.6551724137931;1.95;1.67272727272728;3.06153846153846;3.78333333333333;3.52;4.4;4.13846153846154;4.73333333333333;4.2;4.88888888888889
02.02.06;2.9;1.5;0.888461538461539;1.85;2.56551724137931;2;1.43636363636364;3.10769230769231;3.79166666666667;3.46;4.44285714285714;4.15384615384615;4.75;4.1;4.9
03.02.06;2.9;1.61428571428571;0.861538461538462;1.79772727272727;2.47586206896552;2.05;1.2;3.15384615384615;3.8;3.4;4.48571428571429;4.16923076923077;4.76666666666667;4;4.88666666666667
04.02.06;2.9;1.72857142857143;0.834615384615385;1.74545454545455;2.38620689655172;2.1;1.43;3.2;3.77931034482759;3.34;4.52857142857143;4.18461538461538;4.78333333333333;3.96923076923077;4.87333333333333
05.02.06;2.9;1.84285714285714;0.807692307692308;1.69318181818182;2.29655172413793;2.125;1.66;3.12666666666667;3.75862068965517;3.28;4.57142857142857;4.2;4.8;3.93846153846154;4.86
06.02.06;2.9;1.95714285714286;0.780769230769231;1.64090909090909;2.20689655172414;2.15;1.89;3.05333333333333;3.73793103448276;3.22;4.61428571428572;4.2;4.75714285714286;3.90769230769231;4.84666666666667
07.02.06;2.9;2.07142857142857;0.753846153846154;1.58863636363636;2.11724137931035;2.175;2.12;2.98;3.71724137931034;3.16;4.65714285714286;4.2;4.71428571428571;3.87692307692308;4.83333333333333
08.02.06;2.9;2.18571428571428;0.726923076923077;1.53636363636364;2.02758620689655;2.2;2.35;2.90666666666667;3.69655172413793;3.1;4.7;4.2;4.67142857142857;3.84615384615385;4.82
09.02.06;2.9;2.3;0.700000000000001;1.48409090909091;1.93793103448276;2.225;2.58;2.83333333333333;3.67586206896552;3.1;4.62727272727273;4.2;4.62857142857143;3.81538461538462;4.80666666666667
10.02.06;2.9;2.28;0.705882352941177;1.43181818181818;1.84827586206897;2.25;2.81;2.76;3.6551724137931;3.1;4.55454545454546;4.2;4.58571428571429;3.78461538461538;4.79333333333333
11.02.06;2.9;2.26;0.711764705882353;1.37954545454545;1.75862068965517;2.275;3.04;2.68666666666667;3.63448275862069;3.1;4.48181818181818;4.2;4.54285714285714;3.75384615384615;4.78
12.02.06;2.9;2.24;0.71764705882353;1.32727272727273;1.66896551724138;2.3;3.27;2.61333333333333;3.61379310344828;3.1;4.40909090909091;4.2;4.5;3.72307692307692;4.76666666666667
13.02.06;2.9;2.22;0.723529411764706;1.275;1.57931034482759;2.42857142857143;3.5;2.54;3.59310344827586;3.1;4.33636363636364;4.2;4.35714285714286;3.69230769230769;4.75333333333333
14.02.06;2.9;2.2;0.729411764705883;1.22272727272727;1.48965517241379;2.55714285714286;3.45384615384615;2.46666666666667;3.57241379310345;3.1;4.26363636363636;4.19166666666667;4.21428571428571;3.66153846153846;4.74
15.02.06;2.9;2.18;0.735294117647059;1.17045454545454;1.4;2.68571428571429;3.40769230769231;2.39333333333333;3.55172413793103;3.1;4.19090909090909;4.18333333333333;4.07142857142857;3.63076923076923;4.72666666666667
16.02.06;2.9;2.16;0.741176470588236;1.11818181818182;1.42592592592593;2.81428571428572;3.36153846153846;2.32;3.53103448275862;3.1;4.11818181818182;4.175;3.92857142857143;3.6;4.71333333333333
17.02.06;2.9;2.14;0.747058823529412;1.06590909090909;1.45185185185185;2.94285714285715;3.31538461538462;2.24666666666667;3.51034482758621;3.1;4.04545454545455;4.16666666666667;3.78571428571429;3.54444444444444;4.7
18.02.06;2.9;2.12;0.752941176470589;1.01363636363636;1.47777777777778;3.07142857142857;3.26923076923077;2.17333333333333;3.48965517241379;3.1;3.97272727272727;4.15833333333333;3.64285714285714;3.48888888888889;4.67692307692308
19.02.06;2.9;2.1;0.758823529411765;0.961363636363636;1.5037037037037;3.2;3.22307692307692;2.1;3.46896551724138;3.1;3.9;4.15;3.5;3.43333333333333;4.65384615384616
20.02.06;2.9;2;0.764705882352942;0.909090909090908;1.52962962962963;3.15714285714286;3.17692307692308;2.28571428571429;3.44827586206897;3.1;3.89333333333333;4.14166666666667;3.6625;3.37777777777778;4.63076923076923
21.02.06;2.9;1.9;0.770588235294118;0.856818181818181;1.55555555555556;3.11428571428571;3.13076923076923;2.47142857142857;3.42758620689655;3.1;3.88666666666667;4.13333333333333;3.825;3.32222222222222;4.60769230769231
22.02.06;2.9;1.8;0.776470588235295;0.804545454545453;1.58148148148148;3.07142857142857;3.08461538461538;2.65714285714286;3.40689655172414;3.1625;3.88;4.125;3.9875;3.26666666666667;4.58461538461539
23.02.06;2.95;1.7;0.782352941176471;0.752272727272726;1.60740740740741;3.02857142857143;3.03846153846154;2.84285714285714;3.38620689655172;3.225;3.87333333333333;4.11666666666667;4.15;3.21111111111111;4.56153846153846
24.02.06;3;1.6;0.788235294117647;0.699999999999999;1.63333333333333;2.98571428571429;2.99230769230769;3.02857142857143;3.36551724137931;3.2875;3.86666666666667;4.10833333333333;4.3125;3.15555555555556;4.53846153846154
25.02.06;3.05;1.62857142857143;0.794117647058824;0.724999999999999;1.65925925925926;2.94285714285714;2.94615384615385;3.21428571428572;3.3448275862069;3.35;3.86;4.1;4.475;3.1;4.51538461538462
26.02.06;3.1;1.65714285714286;0.8;0.749999999999999;1.68518518518519;2.9;2.9;3.4;3.32413793103448;3.4125;3.85333333333333;4.0875;4.6375;3.22;4.49230769230769
27.02.06;3.15;1.68571428571429;0.805882352941177;0.774999999999999;1.71111111111111;2.85714285714286;2.9;3.25;3.30344827586207;3.475;3.84666666666667;4.075;4.8;3.34;4.46923076923077
28.02.06;3.2;1.71428571428571;0.811764705882353;0.799999999999999;1.73703703703704;2.81428571428571;2.9;3.1;3.28275862068965;3.5375;3.84;4.0625;4.61666666666667;3.46;4.44615384615385
01.03.06;3.25;1.74285714285714;0.81764705882353;0.824999999999999;1.76296296296296;2.77142857142857;2.9;2.95;3.26206896551724;3.6;3.83333333333333;4.05;4.43333333333333;3.58;4.42307692307692
02.03.06;3.275;1.77142857142857;0.823529411764706;0.849999999999999;1.78888888888889;2.72857142857143;2.9;2.8;3.24137931034483;3.65;3.82666666666667;4.0375;4.25;3.7;4.4
03.03.06;3.3;1.8;0.829411764705883;0.875;1.81481481481481;2.68571428571429;2.9;2.65;3.22068965517241;3.7;3.82;4.025;4.06666666666667;3.65555555555556;4.375
04.03.06;3.23333333333333;1.86;0.835294117647059;0.9;1.84074074074074;2.64285714285714;2.9;2.5;3.2;3.75;3.81333333333333;4.0125;3.88333333333333;3.61111111111111;4.35
05.03.06;3.16666666666667;1.92;0.841176470588236;0.925;1.86666666666667;2.6;2.9;2.35;3.15;3.8;3.80666666666667;4;3.7;3.56666666666667;4.325
06.03.06;3.1;1.98;0.847058823529412;0.95;1.89259259259259;2.55714285714286;2.9;2.2;3.1;3.85;3.8;3.9875;3.65;3.52222222222222;4.3
07.03.06;3.03333333333333;2.04;0.852941176470589;0.975;1.91851851851852;2.51428571428571;3;2.38;3.05;3.9;3.81875;3.975;3.6;3.47777777777778;4.275
08.03.06;2.96666666666667;3.04;0.858823529411765;1;1.94444444444444;2.47142857142857;3.1;2.56;3;3.95;3.8375;3.9625;3.55;3.43333333333333;4.25
09.03.06;2.9;4.04;0.864705882352941;1.025;1.97037037037037;2.42857142857143;3.2;2.74;2.95;4;3.85625;3.95;3.5;3.38888888888889;4.225
10.03.06;2.75;5.04;0.870588235294118;1.05;1.9962962962963;2.38571428571429;3.3;2.92;2.9;3.98333333333333;3.875;3.9375;3.45;3.34444444444444;4.2
11.03.06;2.6;6.04;0.876470588235294;1.075;2.02222222222222;2.34285714285714;3.4;3.1;2.85;3.96666666666667;3.89375;3.925;3.4;3.3;4.20833333333333
12.03.06;2.45;7.04;0.882352941176471;1.1;2.04814814814815;2.3;3.5;3.07333333333333;2.8;3.95;3.9125;3.9125;3.46315789473684;3.41666666666667;4.21666666666667
13.03.06;2.3;6.435;0.888235294117647;1.125;2.07407407407407;2.38888888888889;3.6;3.04666666666667;2.75;3.93333333333333;3.93125;3.9;3.52631578947368;3.53333333333333;4.225
14.03.06;2.775;5.83;0.894117647058824;1.15;2.1;2.47777777777778;3.425;3.02;2.7;3.91666666666667;3.95;3.9625;3.58947368421053;3.65;4.23333333333333
15.03.06;3.25;5.225;0.9;1.175;2.11428571428571;2.56666666666667;3.25;2.99333333333333;2.65;3.9;3.96875;4.025;3.65263157894737;3.76666666666667;4.24166666666667
16.03.06;3.725;4.62;0.877777777777778;1.2;2.12857142857143;2.65555555555556;3.075;2.96666666666667;2.6;3.9;3.9875;4.0875;3.71578947368421;3.88333333333333;4.25
17.03.06;4.2;4.015;0.855555555555556;1.22142857142857;2.14285714285714;2.74444444444444;2.9;2.94;2.55;3.9;4.00625;4.15;3.77894736842105;4;4.25833333333333
18.03.06;3.94;3.41;0.833333333333334;1.24285714285714;2.15714285714286;2.83333333333333;2.725;2.91333333333333;2.5;3.9;4.025;4.2125;3.84210526315789;4;4.26666666666667
19.03.06;3.68;2.805;0.811111111111111;1.26428571428571;2.17142857142857;2.92222222222222;2.55;2.88666666666667;2.45;3.9;4.04375;4.275;3.90526315789474;4;4.275
20.03.06;3.42;2.2;0.788888888888889;1.28571428571429;2.18571428571429;3.01111111111111;2.375;2.86;2.4;3.9;4.0625;4.3375;3.96842105263158;4;4.28333333333333
21.03.06;3.16;2.23;0.766666666666667;1.30714285714286;2.2;3.1;2.2;2.83333333333333;2.35;3.9;4.08125;4.4;4.03157894736842;4;4.29166666666667
22.03.06;2.9;2.26;0.744444444444445;1.32857142857143;2.21428571428571;3.06666666666667;2.20769230769231;2.80666666666667;2.3;3.9;4.1;4.41666666666667;4.09473684210526;4;4.3
23.03.06;2.98;2.29;0.722222222222222;1.35;2.22857142857143;3.03333333333333;2.21538461538462;2.78;2.25;3.82222222222222;4.06153846153846;4.43333333333333;4.15789473684211;4;4.31428571428571
24.03.06;3.06;2.32;0.7;1.37142857142857;2.24285714285714;3;2.22307692307692;2.75333333333333;2.2;3.74444444444444;4.02307692307692;4.45;4.22105263157895;4;4.32857142857143
25.03.06;3.14;2.35;0.822222222222222;1.39285714285714;2.25714285714286;2.96666666666667;2.23076923076923;2.72666666666667;2.35;3.66666666666667;3.98461538461538;4.46666666666667;4.28421052631579;4;4.34285714285714
26.03.06;3.22;2.38;0.944444444444444;1.41428571428571;2.27142857142857;2.93333333333333;2.23846153846154;2.7;2.5;3.58888888888889;3.94615384615385;4.48333333333333;4.34736842105263;4;4.35714285714286
27.03.06;3.3;2.41;1.06666666666667;1.43571428571429;2.28571428571429;2.9;2.24615384615385;2.7;2.65;3.51111111111111;3.90769230769231;4.5;4.41052631578947;4.06;4.37142857142857
28.03.06;3.24285714285714;2.44;1.18888888888889;1.45714285714286;2.3;2.86666666666667;2.25384615384615;2.7;2.8;3.43333333333333;3.86923076923077;4.5;4.47368421052632;4.12;4.38571428571429
29.03.06;3.18571428571429;2.47;1.31111111111111;1.47857142857143;2.31428571428571;2.83333333333333;2.26153846153846;2.7;2.95;3.35555555555556;3.83076923076923;4.5;4.53684210526316;4.18;4.4
30.03.06;3.12857142857143;2.5;1.43333333333333;1.5;2.32857142857143;2.8;2.26923076923077;2.7;3.1;3.27777777777778;3.79230769230769;4.5;4.6;4.24;4.4125
31.03.06;3.07142857142857;2.5;1.55555555555555;1.65;2.34285714285714;2.76666666666667;2.27692307692308;2.7;3.1375;3.2;3.75384615384615;4.5;4.58888888888889;4.3;4.425
01.04.06;3.01428571428571;2.5;1.67777777777778;1.8;2.35714285714286;2.73333333333333;2.28461538461538;2.7;3.175;3.28333333333333;3.71538461538462;4.5;4.57777777777778;4.325;4.4375
02.04.06;2.95714285714286;2.5;1.8;1.95;2.37142857142857;2.7;2.29230769230769;2.7;3.2125;3.36666666666667;3.67692307692308;4.5;4.56666666666667;4.35;4.45
03.04.06;2.9;2.5;1.8;2.1;2.38571428571429;2.83333333333333;2.3;2.78571428571429;3.25;3.45;3.63846153846154;4.5;4.55555555555556;4.375;4.4625
04.04.06;3.1;2.5;1.8;2.25;2.4;2.96666666666667;2.42857142857143;2.87142857142857;3.2875;3.53333333333333;3.6;4.5;4.54444444444444;4.4;4.475
05.04.06;3.23333333333333;2.48333333333333;1.8;2.4;2.47777777777778;3.1;2.55714285714286;2.95714285714286;3.325;3.61666666666667;3.71428571428571;4.53333333333333;4.53333333333333;4.425;4.4875
06.04.06;3.36666666666667;2.46666666666667;1.8;2.41111111111111;2.55555555555556;3.1;2.68571428571429;3.04285714285714;3.3625;3.7;3.82857142857143;4.56666666666667;4.52222222222222;4.45;4.5
07.04.06;3.5;2.45;1.8;2.42222222222222;2.63333333333333;3.1;2.81428571428572;3.12857142857143;3.4;3.7;3.94285714285714;4.6;4.51111111111111;4.475;4.53333333333333
08.04.06;3.66666666666667;2.43333333333333;1.8;2.43333333333333;2.71111111111111;3.1;2.94285714285715;3.21428571428571;3.33333333333333;3.7;4.05714285714286;4.63333333333333;4.5;4.5;4.56666666666667
09.04.06;3.83333333333333;2.41666666666667;1.8;2.44444444444444;2.78888888888889;3.1;3.07142857142857;3.3;3.26666666666667;3.7;4.17142857142857;4.66666666666667;4.51333333333333;4.54285714285714;4.6
10.04.06;4;2.4;1.8;2.45555555555556;2.86666666666667;3.1;3.2;3.3;3.2;3.7;4.28571428571429;4.7;4.52666666666667;4.58571428571429;4.63333333333333
11.04.06;4.06363636363636;2.4;1.8;2.46666666666667;2.94444444444444;2.98;3.27222222222222;3.3;3.13333333333333;3.7;4.4;4.68571428571429;4.54;4.62857142857143;4.66666666666667
12.04.06;4.12727272727273;2.4;1.8;2.47777777777778;3.02222222222222;2.86;3.34444444444444;3.3;3.06666666666667;3.7;4.38571428571428;4.67142857142857;4.55333333333333;4.67142857142857;4.7
13.04.06;4.19090909090909;2.4;1.825;2.48888888888889;3.1;2.74;3.41666666666667;3.3;3;3.7;4.37142857142857;4.65714285714286;4.56666666666667;4.71428571428571;4.73333333333333
14.04.06;4.25454545454545;2.4;1.85;2.5;3.125;2.62;3.48888888888889;3.3;3.12;3.85;4.35714285714286;4.64285714285714;4.58;4.75714285714286;4.76666666666667
15.04.06;4.31818181818182;2.4;1.875;2.5;3.15;2.5;3.56111111111111;3.3;3.24;4;4.34285714285714;4.62857142857143;4.59333333333333;4.8;4.8
16.04.06;4.38181818181818;2.4;1.9;2.5;3.175;2.5;3.63333333333333;3.3;3.36;3.85;4.32857142857143;4.61428571428571;4.60666666666667;4.72857142857143;4.8
17.04.06;4.44545454545455;2.4;1.925;2.5;3.2;2.5;3.70555555555556;3.32857142857143;3.48;3.7;4.31428571428571;4.6;4.62;4.65714285714286;4.8
18.04.06;4.50909090909091;2.4;1.95;2.5;3.3;2.6;3.77777777777778;3.35714285714286;3.6;3.55;4.3;4.65714285714286;4.63333333333333;4.58571428571429;4.8
19.04.06;4.57272727272727;2.4;1.975;2.5;3.4;2.7;3.85;3.38571428571429;3.8;3.4;4.3;4.71428571428571;4.64666666666667;4.51428571428571;4.8
20.04.06;4.63636363636364;2.4;2;2.5;3.5;2.8;3.92222222222222;3.41428571428571;4;3.25;4.3;4.77142857142857;4.66;4.44285714285714;4.8
21.04.06;4.7;2.4;2.025;2.5;3.6;2.9;3.99444444444444;3.44285714285714;4.1;3.1;4.3;4.82857142857143;4.67333333333333;4.37142857142857;4.8
22.04.06;4.7;2.4;2.05;2.5;3.7;3;4.06666666666667;3.47142857142857;4.2;3.26666666666667;4.3;4.88571428571429;4.68666666666667;4.3;4.83333333333333
23.04.06;4.7;2.46666666666667;2.075;2.5;3.8;3.1;4.13888888888889;3.5;4.3;3.43333333333333;4.3;4.94285714285714;4.7;4.3;4.86666666666667
24.04.06;4.7;2.53333333333333;2.1;2.5;3.9;3.2;4.21111111111111;3.61666666666667;4.4;3.6;4.3;5;4.73333333333333;4.3;4.9
25.04.06;4.73333333333333;2.6;2.125;2.5;4;3.3;4.28333333333333;3.73333333333333;4.5;3.76666666666667;4.3;5.02857142857143;4.76666666666667;4.3;4.93333333333333
26.04.06;4.76666666666667;2.66666666666667;2.15;2.5;4.1;3.4;4.35555555555556;3.85;4.6;3.93333333333334;4.3;5.05714285714286;4.8;4.3;4.96666666666667
27.04.06;4.8;2.73333333333333;2.175;2.5;4.2;3.56666666666667;4.42777777777778;3.96666666666667;4.7;4.1;4.3;5.08571428571429;4.83333333333333;4.3;5
28.04.06;4.86666666666667;2.8;2.2;2.6375;4.3;3.73333333333333;4.5;4.08333333333334;4.825;4.1875;4.3;5.11428571428572;4.86666666666667;4.3;5.02
29.04.06;4.93333333333333;2.96666666666667;2.35;2.775;4.4;3.9;4.59583333333333;4.2;4.95;4.275;4.33333333333333;5.14285714285714;4.9;4.35;5.04
30.04.06;5;3.13333333333333;2.5;2.9125;4.5;3.97142857142857;4.69166666666667;4.28888888888889;5.075;4.3625;4.36666666666667;5.17142857142857;4.9625;4.4;5.06
01.05.06;5.06666666666667;3.3;2.675;3.05;4.6;4.04285714285714;4.7875;4.37777777777778;5.2;4.45;4.4;5.2;5.025;4.45;5.08
02.05.06;5.13333333333333;3.46666666666667;2.85;3.1875;4.7;4.11428571428572;4.88333333333333;4.46666666666667;5.325;4.5375;4.43333333333333;5.22857142857143;5.0875;4.5;5.1
03.05.06;5.2;3.63333333333333;3.025;3.325;4.8;4.18571428571429;4.97916666666667;4.55555555555556;5.45;4.625;4.46666666666667;5.25714285714286;5.15;4.55;5.12
04.05.06;5.3;3.8;3.2;3.4625;4.9;4.25714285714286;5.075;4.64444444444445;5.575;4.7125;4.5;5.28571428571429;5.2125;4.6;5.14
05.05.06;5.4;3.9;3.31;3.6;5;4.32857142857143;5.17083333333333;4.73333333333333;5.7;4.8;4.53333333333333;5.31428571428572;5.275;4.65;5.16
06.05.06;5.5;4;3.42;3.76666666666667;5.1;4.4;5.26666666666667;4.82222222222222;5.8;4.86666666666667;4.56666666666667;5.34285714285714;5.3375;4.7;5.18
07.05.06;5.6;4.1;3.53;3.93333333333333;5.2;4.54285714285714;5.3625;4.91111111111111;5.9;4.93333333333333;4.6;5.37142857142857;5.4;4.75;5.2
08.05.06;5.7;4.2;3.64;4.1;5.3;4.68571428571429;5.45833333333333;5;6;5;4.63333333333333;5.4;5.41666666666667;4.8;5.22
09.05.06;5.8;4.3;3.75;4.26666666666667;5.4;4.82857142857143;5.55416666666667;5.13333333333333;6.1;5.06666666666667;4.66666666666667;5.525;5.43333333333333;4.85;5.24
10.05.06;5.9;4.4;3.86;4.43333333333334;5.5;4.97142857142857;5.65;5.26666666666667;6.2;5.13333333333333;4.7;5.65;5.45;4.9;5.26
11.05.06;6.03333333333333;4.5;3.97;4.6;5.6;5.11428571428572;5.74583333333333;5.4;6.3;5.2;4.77692307692308;5.775;5.46666666666667;4.95;5.28
12.05.06;6.16666666666667;4.6;4.08;4.8;5.7;5.25714285714286;5.84166666666667;5.53333333333333;6.4;5.26666666666667;4.85384615384616;5.9;5.48333333333333;5;5.3
13.05.06;6.3;4.65;4.19;5;5.79375;5.4;5.9375;5.66666666666667;6.51428571428571;5.33333333333333;4.93076923076923;5.90909090909091;5.5;4.95;5.32857142857143
14.05.06;6.3;4.7;4.3;5.2;5.8875;6.03333333333333;6.03333333333333;5.8;6.62857142857143;5.4;5.00769230769231;5.91818181818182;5.53333333333333;4.9;5.35714285714286
15.05.06;6.3;4.75;4.40833333333333;5.4;5.98125;6.66666666666667;6.12916666666667;5.97;6.74285714285714;5.46666666666667;5.08461538461539;5.92727272727273;5.56666666666667;5;5.38571428571429
16.05.06;6.3;4.8;4.51666666666667;5.6;6.075;7.3;6.225;6.14;6.85714285714286;5.53333333333333;5.16153846153846;5.93636363636364;5.6;5.1;5.41428571428572
17.05.06;6.3;4.85;4.625;5.8;6.16875;7.31428571428571;6.32083333333333;6.31;6.97142857142857;5.6;5.23846153846154;5.94545454545455;5.63333333333333;5.2;5.44285714285714
18.05.06;6.3;4.9;4.73333333333333;6;6.2625;7.32857142857143;6.41666666666667;6.48;7.08571428571428;5.71111111111111;5.31538461538462;5.95454545454546;5.66666666666667;5.3;5.47142857142857
19.05.06;6.3;5.04285714285714;4.84166666666667;6.06875;6.35625;7.34285714285714;6.5125;6.65;7.2;5.82222222222222;5.39230769230769;5.96363636363636;5.7;5.38125;5.5
20.05.06;6.36666666666667;5.18571428571429;4.95;6.1375;6.45;7.35714285714286;6.60833333333333;6.82;7.31666666666667;5.93333333333333;5.46923076923077;5.97272727272727;5.7375;5.4625;5.53333333333333
21.05.06;6.43333333333333;5.32857142857143;5.05833333333333;6.20625;6.54375;7.37142857142857;6.70416666666667;6.99;7.43333333333333;6.04444444444444;5.54615384615385;5.98181818181818;5.775;5.54375;5.56666666666667
22.05.06;6.5;5.47142857142857;5.16666666666666;6.275;6.6375;7.38571428571429;6.8;7.16;7.55;6.15555555555556;5.62307692307692;5.99090909090909;5.8125;5.625;5.6
23.05.06;6.525;5.61428571428572;5.275;6.34375;6.73125;7.4;6.85714285714286;7.33;7.66666666666667;6.26666666666667;5.7;6;5.85;5.70625;5.63333333333333
24.05.06;6.55;5.75714285714286;5.38333333333333;6.4125;6.825;7.425;6.91428571428572;7.5;7.78333333333334;6.37777777777778;5.72857142857143;6.06428571428571;5.8875;5.7875;5.66666666666667
25.05.06;6.575;5.9;5.49166666666666;6.48125;6.91875;7.45;6.97142857142857;7.67;7.9;6.48888888888889;5.75714285714286;6.12857142857143;5.925;5.86875;5.7
26.05.06;6.6;5.8;5.6;6.55;7.0125;7.475;7.02857142857143;7.84;7.9875;6.6;5.78571428571429;6.19285714285714;5.9625;5.95;5.74285714285714
27.05.06;6.66666666666667;5.7;5.7375;6.61875;7.10625;7.5;7.08571428571429;8.01;8.075;6.65;5.81428571428572;6.25714285714286;6;6.03125;5.78571428571429
28.05.06;6.73333333333333;5.8;5.875;6.6875;7.2;7.525;7.14285714285714;8.18;8.1625;6.7;5.84285714285714;6.32142857142857;6.05714285714286;6.1125;5.82857142857143
29.05.06;6.8;5.9;6.0125;6.75625;7.32222222222222;7.55;7.2;8.35;8.25;6.75;5.87142857142857;6.38571428571429;6.11428571428572;6.19375;5.87142857142857
30.05.06;6.925;6;6.15;6.825;7.44444444444444;7.575;7.44285714285714;8.52;8.3375;6.8;5.9;6.45;6.17142857142857;6.275;5.91428571428572
31.05.06;7.05;6.1;6.2875;6.89375;7.56666666666667;7.6;7.68571428571429;8.69;8.425;6.85;5.92857142857143;6.51428571428571;6.22857142857143;6.35625;5.95714285714286
01.06.06;7.175;6.2;6.425;6.9625;7.68888888888889;7.7;7.92857142857143;8.86;8.5125;6.9;5.95714285714286;6.57857142857143;6.28571428571429;6.4375;6
02.06.06;7.3;6.4;6.5625;7.03125;7.81111111111111;7.8;8.17142857142857;9.03;8.6;6.96;5.98571428571429;6.64285714285714;6.34285714285714;6.51875;6.05
03.06.06;7.55;6.6;6.7;7.1;7.93333333333333;7.9;8.41428571428572;9.2;8.6875;7.02;6.01428571428571;6.70714285714286;6.4;6.6;6.1
04.06.06;7.8;6.8;6.77692307692308;7.28333333333333;8.05555555555555;8;8.65714285714286;9.225;8.775;7.08;6.04285714285714;6.77142857142857;6.46;6.55;6.15
05.06.06;7.66666666666667;6.725;6.85384615384615;7.46666666666667;8.17777777777778;8.1;8.9;9.25;8.8625;7.14;6.07142857142857;6.83571428571429;6.52;6.5;6.2
06.06.06;7.53333333333333;6.65;6.93076923076923;7.65;8.3;8.2;8.91818181818182;9.275;8.95;7.2;6.1;6.9;6.58;6.45;6.25
07.06.06;7.4;6.575;7.00769230769231;7.83333333333333;8.42222222222222;8.3;8.93636363636364;9.3;9.0375;7.29;6.15625;6.88571428571429;6.64;6.4;6.3
08.06.06;7.25;6.5;7.08461538461538;8.01666666666666;8.54444444444444;8.475;8.95454545454546;9.325;9.125;7.38;6.2125;6.87142857142857;6.7;6.35;6.35
09.06.06;7.1;6.6;7.16153846153846;8.2;8.66666666666666;8.65;8.97272727272727;9.35;9.2125;7.47;6.26875;6.85714285714286;6.72;6.3;6.4
10.06.06;7.1;6.7;7.23846153846154;8.2625;8.78888888888889;8.825;8.99090909090909;9.375;9.3;7.56;6.325;6.84285714285714;6.74;6.375;6.43571428571429
11.06.06;7.1;6.8;7.31538461538462;8.325;8.91111111111111;9;9.00909090909091;9.4;9.38571428571429;7.65;6.38125;6.82857142857143;6.76;6.45;6.47142857142857
12.06.06;7.2;7.125;7.39230769230769;8.3875;9.03333333333333;9;9.02727272727273;9.625;9.47142857142857;7.74;6.4375;6.81428571428571;6.78;6.525;6.50714285714286
13.06.06;7.3;7.45;7.46923076923077;8.45;9.15555555555555;9;9.04545454545455;9.85;9.55714285714286;7.83;6.49375;6.8;6.8;6.6;6.54285714285714
14.06.06;7.4;7.775;7.54615384615385;8.5125;9.27777777777778;9;9.06363636363636;10.075;9.64285714285714;7.92;6.55;6.9;6.82;6.675;6.57857142857143
15.06.06;7.5;8.1;7.62307692307692;8.575;9.4;9;9.08181818181818;10.3;9.72857142857143;8.01;6.60625;7;6.84;6.75;6.61428571428572
16.06.06;7.6;8.15;7.7;8.6375;9.52;9.2;9.1;10.33;9.81428571428572;8.1;6.6625;7.1;6.86;6.825;6.65
17.06.06;7.65;8.2;7.65714285714286;8.7;9.64;9.4;9.2;10.36;9.9;8.17142857142857;6.71875;7.2;6.88;6.9;6.68571428571429
18.06.06;7.7;8.2;7.61428571428572;8.83636363636364;9.76;9.6;9.3;10.39;10.0571428571429;8.24285714285714;6.775;7.3;6.9;6.95;6.72142857142857
19.06.06;7.75;8.2;7.57142857142857;8.97272727272727;9.88;9.8;9.4;10.42;10.2142857142857;8.31428571428571;6.83125;7.4;6.9375;7;6.75714285714286
20.06.06;7.8;8.2;7.52857142857143;9.10909090909091;10;10;9.225;10.45;10.3714285714286;8.38571428571429;6.8875;7.4375;6.975;7.05;6.79285714285714
21.06.06;7.86666666666667;8.2;7.48571428571429;9.24545454545454;10.12;10.1125;9.05;10.48;10.5285714285714;8.45714285714286;6.94375;7.475;7.0125;7.1;6.82857142857143
22.06.06;7.93333333333333;8.2;7.44285714285714;9.38181818181818;10.24;10.225;8.875;10.51;10.6857142857143;8.52857142857143;7;7.5125;7.05;7.15;6.86428571428572
23.06.06;8;8.175;7.4;9.51818181818182;10.36;10.3375;8.7;10.54;10.8428571428571;8.6;7.08;7.55;7.0875;7.2;6.9
24.06.06;8.05;8.15;7.48333333333333;9.65454545454545;10.48;10.45;8.975;10.57;11;8.67142857142857;7.16;7.5875;7.125;7.25;6.93846153846154
25.06.06;8.1;8.125;7.56666666666667;9.79090909090909;10.6;10.5625;9.25;10.6;11;8.74285714285714;7.24;7.625;7.1625;7.3;6.97692307692308
26.06.06;8.35;8.1;7.65;9.92727272727272;10.65;10.675;9.525;10.68;11;8.81428571428571;7.32;7.6625;7.2;7.35;7.01538461538462
27.06.06;8.6;8.33333333333333;7.73333333333333;10.0636363636364;10.7;10.7875;9.8;10.76;11;8.88571428571429;7.4;7.7;7.25714285714286;7.4;7.05384615384615
28.06.06;8.63333333333333;8.56666666666667;7.81666666666667;10.2;10.75;10.9;9.66666666666667;10.84;11;8.95714285714286;7.4;7.7;7.31428571428571;7.45;7.09230769230769
29.06.06;8.66666666666667;8.8;7.9;10.3;10.8;10.9;9.53333333333334;10.92;11;9.02857142857143;7.4;7.7;7.37142857142857;7.5;7.13076923076923
30.06.06;8.7;8.93333333333333;7.96363636363636;10.4;10.9090909090909;10.9;9.4;11;11;9.1;7.4;7.7;7.42857142857143;7.55;7.16923076923077
01.07.06;8.7;9.06666666666667;8.02727272727273;10.5;11.0181818181818;10.9;9.53333333333333;11.2;11.0571428571429;9.17142857142857;7.4;7.7;7.48571428571429;7.6;7.20769230769231
02.07.06;8.7;9.2;8.09090909090909;10.6;11.1272727272727;10.9;9.66666666666667;11.4;11.1142857142857;9.24285714285714;7.4;7.7;7.54285714285714;7.63333333333333;7.24615384615385
03.07.06;8.75;9.2;8.15454545454545;10.7;11.2363636363636;10.9;9.8;11.4166666666667;11.1714285714286;9.31428571428571;7.4;7.7;7.6;7.66666666666667;7.28461538461539
04.07.06;8.8;9.2;8.21818181818182;10.8;11.3454545454545;10.9;9.875;11.4333333333333;11.2285714285714;9.38571428571429;7.4;7.7;7.66;7.7;7.32307692307692
05.07.06;8.86666666666667;9.2;8.28181818181818;10.8823529411765;11.4545454545455;10.9;9.95;11.45;11.2857142857143;9.45714285714286;7.42857142857143;7.75714285714286;7.72;7.73333333333333;7.36153846153846
06.07.06;8.93333333333333;9.2;8.34545454545455;10.9647058823529;11.5636363636364;11;10.025;11.4666666666667;11.3428571428571;9.52857142857143;7.45714285714286;7.81428571428571;7.78;7.76666666666667;7.4
07.07.06;9;9.2;8.40909090909091;11.0470588235294;11.6727272727273;11.1;10.1;11.4833333333333;11.4;9.6;7.48571428571429;7.87142857142857;7.84;7.8;7.5
08.07.06;9.05;9.2;8.47272727272727;11.1294117647059;11.7818181818182;11.2;10.175;11.5;11.4571428571429;9.81428571428571;7.51428571428571;7.92857142857143;7.9;7.85172413793103;7.6
09.07.06;9.1;9.2;8.53636363636364;11.2117647058824;11.8909090909091;11.2764705882353;10.25;11.5166666666667;11.5142857142857;10.0285714285714;7.54285714285714;7.98571428571429;7.92222222222222;7.90344827586207;7.7
10.07.06;9.15;9.2;8.6;11.2941176470588;12;11.3529411764706;10.325;11.5333333333333;11.5714285714286;10.2428571428571;7.57142857142857;8.04285714285714;7.94444444444445;7.9551724137931;7.8
11.07.06;9.2;9.2;8.625;11.3764705882353;11.925;11.4294117647059;10.4;11.55;11.6285714285714;10.4571428571429;7.6;8.1;7.96666666666667;8.00689655172414;7.9
12.07.06;9.23333333333333;9.2;8.65;11.4588235294118;11.85;11.5058823529412;10.5142857142857;11.5666666666667;11.6857142857143;10.6714285714286;7.67142857142857;8.12857142857143;7.98888888888889;8.05862068965517;8
13.07.06;9.26666666666667;9.2;8.675;11.5411764705882;11.775;11.5823529411765;10.6285714285714;11.5833333333333;11.7428571428571;10.8857142857143;7.74285714285714;8.15714285714286;8.01111111111111;8.11034482758621;8.1
14.07.06;9.3;9.16666666666667;8.7;11.6235294117647;11.7;11.6588235294118;10.7428571428571;11.6;11.8;11.1;7.81428571428571;8.18571428571429;8.03333333333333;8.16206896551724;8.1125
15.07.06;9.35;9.13333333333333;8.88571428571429;11.7058823529412;11.625;11.7352941176471;10.8571428571429;11.65;11.82;10.9571428571429;7.88571428571429;8.21428571428572;8.05555555555556;8.21379310344828;8.125
16.07.06;9.4;9.1;9.07142857142857;11.7882352941176;11.55;11.8117647058824;10.9714285714286;11.7;11.84;10.8142857142857;7.95714285714286;8.24285714285714;8.07777777777778;8.26551724137931;8.1375
17.07.06;9.45;9.11666666666667;9.25714285714286;11.8705882352941;11.475;11.8882352941176;11.0857142857143;11.75;11.86;10.6714285714286;8.02857142857143;8.27142857142857;8.1;8.31724137931034;8.15
18.07.06;9.5;9.13333333333333;9.44285714285714;11.9529411764706;11.4;11.9647058823529;11.2;11.8;11.88;10.5285714285714;8.1;8.3;8.21666666666667;8.36896551724138;8.1625
19.07.06;9.56666666666667;9.15;9.62857142857143;12.0352941176471;11.46;12.0411764705882;11.2357142857143;11.85;11.9;10.3857142857143;8.15454545454545;8.35;8.33333333333333;8.42068965517241;8.175
20.07.06;9.63333333333333;9.16666666666667;9.81428571428572;12.1176470588235;11.52;12.1176470588235;11.2714285714286;11.9;11.92;10.2428571428571;8.20909090909091;8.4;8.45;8.47241379310345;8.1875
21.07.06;9.7;9.18333333333333;10;12.2;11.58;12.1941176470588;11.3071428571429;11.95;11.94;10.1;8.26363636363636;8.45;8.56666666666667;8.52413793103448;8.2
22.07.06;9.8;9.2;10.07;12.2;11.64;12.2705882352941;11.3428571428571;12;11.96;10.3083333333333;8.31818181818182;8.5;8.68333333333334;8.57586206896552;8.3
23.07.06;9.9;9.3;10.14;12.2;11.7;12.3470588235294;11.3785714285714;12.05;11.98;10.5166666666667;8.37272727272727;8.55;8.8;8.62758620689655;8.4
24.07.06;9.9;9.4;10.21;12.2;11.7;12.4235294117647;11.4142857142857;12.1;12;10.725;8.42727272727273;8.6;8.9;8.67931034482759;8.5
25.07.06;9.9;9.5;10.28;12.2;11.7;12.5;11.45;12.15;12.02;10.9333333333333;8.48181818181818;8.6;9;8.73103448275862;8.6
26.07.06;9.96666666666667;9.6;10.35;12.2;11.7;12.5;11.4857142857143;12.2;12.04;11.1416666666667;8.53636363636364;8.6;9.1;8.78275862068966;8.7
27.07.06;10.0333333333333;9.7;10.42;12.2;11.7571428571429;12.5;11.5214285714286;12.25;12.06;11.35;8.59090909090909;8.6;9.2;8.83448275862069;8.8
28.07.06;10.1;9.8;10.49;12.2;11.8142857142857;12.5;11.5571428571429;12.3;12.08;11.5583333333333;8.64545454545455;8.6;9.3;8.88620689655173;8.8875
29.07.06;10.05;9.9;10.56;12.34;11.8714285714286;12.5;11.5928571428571;12.35;12.1;11.7666666666667;8.7;8.6;9.4;8.93793103448276;8.975
30.07.06;10;9.9;10.63;12.48;11.9285714285714;12.5;11.6285714285714;12.4;12.12;11.975;8.75454545454545;8.6;9.45;8.98965517241379;9.0625
31.07.06;10.2;9.9;10.7;12.62;11.9857142857143;12.5;11.6642857142857;12.4285714285714;12.14;12.1833333333333;8.80909090909091;8.6;9.5;9.04137931034483;9.15
01.08.06;10.4;9.9;10.77;12.76;12.0428571428571;12.5;11.7;12.4571428571429;12.16;12.3916666666667;8.86363636363636;8.635;9.55;9.09310344827586;9.2375
02.08.06;10.4333333333333;9.9;10.84;12.9;12.1;12.5;11.7285714285714;12.4857142857143;12.18;12.6;8.91818181818182;8.67;9.6;9.1448275862069;9.325
03.08.06;10.4666666666667;9.9;10.91;12.862962962963;12.25;12.5;11.7571428571429;12.5142857142857;12.2;12.60625;8.97272727272727;8.705;9.65;9.19655172413793;9.4125
04.08.06;10.5;10.15;10.98;12.8259259259259;12.4;12.5;11.7857142857143;12.5428571428571;12.2642857142857;12.6125;9.02727272727273;8.74;9.7;9.24827586206897;9.5
05.08.06;10.55;10.4;11.05;12.7888888888889;12.55;12.5;11.8142857142857;12.5714285714286;12.3285714285714;12.61875;9.08181818181818;8.775;9.75;9.3;9.52857142857143
06.08.06;10.6;10.3;11.12;12.7518518518519;12.7;12.5;11.8428571428571;12.6;12.3928571428571;12.625;9.13636363636364;8.81;9.8;9.32;9.55714285714286
07.08.06;10.75;10.2;11.19;12.7148148148148;12.925;12.5;11.8714285714286;12.6;12.4571428571429;12.63125;9.19090909090909;8.845;9.86666666666667;9.34;9.58571428571429
08.08.06;10.9;10.1;11.26;12.6777777777778;13.15;12.5;11.9;12.6;12.5214285714286;12.6375;9.24545454545455;8.88;9.93333333333333;9.36;9.61428571428571
09.08.06;10.9;10;11.33;12.6407407407407;13.375;12.5;11.8857142857143;12.6;12.5857142857143;12.64375;9.3;8.915;10;9.38;9.64285714285714
10.08.06;10.9;9.9;11.4;12.6037037037037;13.6;12.4;11.8714285714286;12.6;12.65;12.65;9.225;8.95;10.0666666666667;9.4;9.67142857142857
11.08.06;10.9;7.9;11.45;12.5666666666667;13.55;12.3;11.8571428571429;12.6;12.7142857142857;12.65625;9.15;8.985;10.1333333333333;9.44285714285714;9.7
12.08.06;10.9;5.9;11.5;12.5296296296296;13.5;12.2;11.8428571428571;12.6;12.7785714285714;12.6625;9.075;9.02;10.2;9.48571428571429;9.71578947368421
13.08.06;10.9;3.9;11.55;12.4925925925926;13.45;12.1;11.8285714285714;12.6;12.8428571428571;12.66875;9;9.055;10.22;9.52857142857143;9.73157894736842
14.08.06;10.95;5.06666666666667;11.6;12.4555555555556;13.4;12.4666666666667;11.8142857142857;12.6;12.9071428571429;12.675;9.06875;9.09;10.24;9.57142857142857;9.74736842105263
15.08.06;11;6.23333333333334;11.65;12.4185185185185;13.35;12.8333333333333;11.8;12.6;12.9714285714286;12.68125;9.1375;9.125;10.26;9.61428571428571;9.76315789473684
16.08.06;10.9666666666667;7.40000000000001;11.7;12.3814814814815;13.3;13.2;11.8285714285714;12.6;13.0357142857143;12.6875;9.20625;9.16;10.28;9.65714285714286;9.77894736842105
17.08.06;10.9333333333333;8.56666666666668;11.7;12.3444444444444;13.25;13.15;11.8571428571429;12.6;13.1;12.69375;9.275;9.195;10.3;9.7;9.79473684210526
18.08.06;10.9;9.73333333333335;11.7;12.3074074074074;13.2;13.1;11.8857142857143;12.6;13.0857142857143;12.7;9.34375;9.23;10.2666666666667;9.73333333333333;9.81052631578947
19.08.06;10.9;10.9;11.7;12.2703703703704;13.15;13.05;11.9142857142857;12.6;13.0714285714286;12.6571428571429;9.4125;9.265;10.2333333333333;9.76666666666667;9.82631578947368
20.08.06;10.9;10.9;11.7;12.2333333333333;13.1;13;11.9428571428571;12.6;13.0571428571429;12.6142857142857;9.48125;9.3;10.2;9.8;9.84210526315789
21.08.06;10.95;10.9;11.7;12.1962962962963;13.05;12.95;11.9714285714286;12.6;13.0428571428571;12.5714285714286;9.55;9.55;10.1666666666667;9.83333333333333;9.85789473684211
22.08.06;11;10.9;11.7;12.1592592592593;13;12.9;12;12.552380952381;13.0285714285714;12.5285714285714;9.61875;9.8;10.1333333333333;9.86666666666667;9.87368421052632
23.08.06;11.0666666666667;10.9;11.7;12.1222222222222;12.95;12.85;12.0285714285714;12.5047619047619;13.0142857142857;12.4857142857143;9.6875;9.7625;10.1;9.9;9.88947368421053
24.08.06;11.1333333333333;10.9;11.6;12.0851851851852;12.9;12.8;12.0571428571429;12.4571428571429;13;12.4428571428571;9.75625;9.725;10.0666666666667;9.93333333333333;9.90526315789474
25.08.06;11.2;10.9;11.5;12.0481481481482;12.8538461538462;12.75;12.0857142857143;12.4095238095238;13;12.4;9.825;9.6875;10.0333333333333;9.96666666666667;9.92105263157895
26.08.06;11.2666666666667;10.9;11.4;12.0111111111111;12.8076923076923;12.7;12.1142857142857;12.3619047619048;13;12.4428571428571;9.89375;9.65;10;10;9.93684210526316
27.08.06;11.3333333333333;10.9;11.3;11.9740740740741;12.7615384615385;12.6888888888889;12.1428571428571;12.3142857142857;13;12.4857142857143;9.9625;9.6125;10.0071428571429;10.02;9.95263157894737
28.08.06;11.4;10.9;11.2;11.937037037037;12.7153846153846;12.6777777777778;12.1714285714286;12.2666666666667;13;12.5285714285714;10.03125;9.575;10.0142857142857;10.04;9.96842105263158
29.08.06;11.4166666666667;10.9;11.1;11.9;12.6692307692308;12.6666666666667;12.2;12.2190476190476;13;12.5714285714286;10.1;9.5375;10.0214285714286;10.06;9.98421052631579
30.08.06;11.4333333333333;10.9;11;12;12.6230769230769;12.6555555555556;12.2142857142857;12.1714285714286;13;12.6142857142857;10.0923076923077;9.5;10.0285714285714;10.08;10
31.08.06;11.45;10.9;10.9;12.1;12.5769230769231;12.6444444444444;12.2285714285714;12.1238095238095;13;12.6571428571429;10.0846153846154;9.55;10.0357142857143;10.1;10.0058823529412
01.09.06;11.4666666666667;10.9;10.8;12.2;12.5307692307692;12.6333333333333;12.2428571428571;12.0761904761905;13;12.7;10.0769230769231;9.6;10.0428571428571;10.1;10.0117647058824
02.09.06;11.4833333333333;10.9;10.7666666666667;12.1769230769231;12.4846153846154;12.6222222222222;12.2571428571429;12.0285714285714;12.9857142857143;12.63;10.0692307692308;9.65;10.05;10.1;10.0176470588235
03.09.06;11.5;10.9;10.7333333333333;12.1538461538462;12.4384615384615;12.6111111111111;12.2714285714286;11.9809523809524;12.9714285714286;12.56;10.0615384615385;9.7;10.0571428571429;10.1;10.0235294117647
04.09.06;11.8;10.9;10.7;12.1307692307692;12.3923076923077;12.6;12.2857142857143;11.9333333333333;12.9571428571429;12.49;10.0538461538462;9.75;10.0642857142857;10.1;10.0294117647059
05.09.06;12.1;10.875;10.6666666666667;12.1076923076923;12.3461538461538;12.5733333333333;12.3;11.8857142857143;12.9428571428571;12.42;10.0461538461538;9.8;10.0714285714286;10.1;10.0352941176471
06.09.06;11.7666666666667;10.85;10.6333333333333;12.0846153846154;12.3;12.5466666666667;12.2071428571429;11.8380952380952;12.9285714285714;12.35;10.0384615384615;9.79259259259259;10.0785714285714;10.1;10.0411764705882
07.09.06;11.4333333333333;10.825;10.6;12.0615384615385;12.2625;12.52;12.1142857142857;11.7904761904762;12.9142857142857;12.28;10.0307692307692;9.78518518518519;10.0857142857143;10.1;10.0470588235294
08.09.06;11.1;10.8;10.5666666666667;12.0384615384615;12.225;12.4933333333333;12.0214285714286;11.7428571428571;12.9;12.21;10.0230769230769;9.77777777777778;10.0928571428571;10.1;10.0529411764706
09.09.06;12.1;10.8666666666667;10.5333333333333;12.0153846153846;12.1875;12.4666666666667;11.9285714285714;11.6952380952381;12.8166666666667;12.14;10.0153846153846;9.77037037037037;10.1;10.0826086956522;10.0588235294118
10.09.06;12;10.9333333333333;10.5;11.9923076923077;12.15;12.44;11.8357142857143;11.647619047619;12.7333333333333;12.07;10.0076923076923;9.76296296296296;10.0954545454545;10.0652173913043;10.0647058823529
11.09.06;11.9;11;10.56;11.9692307692308;12.1125;12.4133333333333;11.7428571428571;11.6;12.65;12;10;9.75555555555556;10.0909090909091;10.0478260869565;10.0705882352941
12.09.06;11.8;10.9;10.62;11.9461538461538;12.075;12.3866666666667;11.65;11.58;12.5666666666667;11.93125;10;9.74814814814815;10.0863636363636;10.0304347826087;10.0764705882353
13.09.06;11.7;10.8;10.68;11.9230769230769;12.0375;12.36;11.5571428571429;11.56;12.4833333333333;11.8625;10;9.74074074074074;10.0818181818182;10.0130434782609;10.0823529411765
14.09.06;11.6;10.7;10.74;11.9;12;12.3333333333333;11.4642857142857;11.54;12.4;11.79375;10;9.73333333333333;10.0772727272727;9.99565217391304;10.0882352941176
15.09.06;11.5;10.6333333333333;10.8;11.8238095238095;11.96;12.3066666666667;11.3714285714286;11.52;12.3166666666667;11.725;10;9.72592592592593;10.0727272727273;9.97826086956522;10.0941176470588
16.09.06;11.4;10.5666666666667;10.8666666666667;11.747619047619;11.92;12.28;11.2785714285714;11.5;12.2333333333333;11.65625;10;9.71851851851852;10.0681818181818;9.96086956521739;10.1
17.09.06;11.3;10.5;10.9333333333333;11.6714285714286;11.88;12.2533333333333;11.1857142857143;11.48;12.15;11.5875;10;9.71111111111111;10.0636363636364;9.94347826086957;10.0947368421053
18.09.06;11.2;10.375;11;11.5952380952381;11.84;12.2266666666667;11.0928571428571;11.46;12.0666666666667;11.51875;10;9.7037037037037;10.0590909090909;9.92608695652174;10.0894736842105
19.09.06;11.1;10.25;11.0666666666667;11.5190476190476;11.8;12.2;11;11.44;11.9833333333333;11.45;9.97272727272727;9.6962962962963;10.0545454545455;9.90869565217391;10.0842105263158
20.09.06;11;10.125;11.1333333333333;11.4428571428571;11.7125;12.0538461538462;10.9315789473684;11.42;11.9;11.38125;9.94545454545455;9.68888888888889;10.05;9.89130434782609;10.0789473684211
21.09.06;10.9;10;11.2;11.3666666666667;11.625;11.9076923076923;10.8631578947368;11.4;11.8166666666667;11.3125;9.91818181818182;9.68148148148148;10.0454545454545;9.87391304347826;10.0736842105263
22.09.06;10.8;10.1666666666667;11.03;11.2904761904762;11.5375;11.7615384615385;10.7947368421053;11.34;11.7333333333333;11.24375;9.89090909090909;9.67407407407407;10.0409090909091;9.85652173913043;10.0684210526316
23.09.06;10.7;10.3333333333333;10.86;11.2142857142857;11.45;11.6153846153846;10.7263157894737;11.28;11.65;11.175;9.86363636363636;9.66666666666667;10.0363636363636;9.83913043478261;10.0631578947368
24.09.06;10.6;10.5;10.69;11.1380952380952;11.3625;11.4692307692308;10.6578947368421;11.22;11.5666666666667;11.10625;9.83636363636364;9.65925925925926;10.0318181818182;9.82173913043478;10.0578947368421
25.09.06;10.5;10.4;10.52;11.0619047619048;11.275;11.3230769230769;10.5894736842105;11.16;11.4833333333333;11.0375;9.80909090909091;9.65185185185185;10.0272727272727;9.80434782608696;10.0526315789474
26.09.06;9.6;10.3;10.35;10.9857142857143;11.1875;11.1769230769231;10.5210526315789;11.1;11.4;10.96875;9.78181818181818;9.64444444444444;10.0227272727273;9.78695652173913;10.0473684210526
27.09.06;9.66;10.2;10.18;10.9095238095238;11.1;11.0307692307692;10.4526315789474;11.04;11.3058823529412;10.9;9.75454545454545;9.63703703703704;10.0181818181818;9.7695652173913;10.0421052631579
28.09.06;9.72;10.1;10.01;10.8333333333333;11.0466666666667;10.8846153846154;10.3842105263158;10.98;11.2117647058824;10.6571428571429;9.72727272727273;9.62962962962963;10.0136363636364;9.75217391304348;10.0368421052632
29.09.06;9.78;10;9.84;10.7571428571429;10.9933333333333;10.7384615384615;10.3157894736842;10.92;11.1176470588235;10.4142857142857;9.7;9.62222222222222;10.0090909090909;9.73478260869565;10.0315789473684
30.09.06;9.84;9.9;9.67;10.6809523809524;10.94;10.5923076923077;10.2473684210526;10.86;11.0235294117647;10.1714285714286;9.67272727272727;9.61481481481481;10.0045454545455;9.71739130434783;10.0263157894737
01.10.06;9.9;9.8;9.5;10.6047619047619;10.8866666666667;10.4461538461538;10.1789473684211;10.8;10.9294117647059;9.92857142857143;9.64545454545455;9.60740740740741;10;9.7;10.0210526315789
02.10.06;10;9.7;9.42857142857143;10.5285714285714;10.8333333333333;10.3;10.1105263157895;10.6375;10.8352941176471;9.68571428571429;9.61818181818182;9.6;9.97142857142857;9.65;10.0157894736842
03.10.06;10.1;9.63333333333333;9.35714285714286;10.452380952381;10.78;10.2888888888889;10.0421052631579;10.475;10.7411764705882;9.44285714285714;9.59090909090909;9.525;9.94285714285714;9.6;10.0105263157895
04.10.06;10.125;9.56666666666667;9.28571428571429;10.3761904761905;10.7266666666667;10.2777777777778;9.97368421052632;10.3125;10.6470588235294;9.2;9.56363636363636;9.45;9.91428571428572;9.55;10.0052631578947
05.10.06;10.15;9.5;9.21428571428572;10.3;10.6733333333333;10.2666666666667;9.90526315789474;10.15;10.5529411764706;9.20769230769231;9.53636363636364;9.375;9.88571428571429;9.5;10
06.10.06;10.175;9.33333333333333;9.14285714285714;10.2466666666667;10.62;10.2555555555556;9.83684210526316;9.9875;10.4588235294118;9.21538461538462;9.50909090909091;9.3;9.85714285714286;9.45;9.95714285714286
07.10.06;10.2;9.16666666666667;9.07142857142857;10.1933333333333;10.5666666666667;10.2444444444444;9.76842105263158;9.825;10.3647058823529;9.22307692307692;9.48181818181818;9.225;9.82857142857143;9.4;9.91428571428572
08.10.06;9.96666666666667;9;9;10.14;10.5133333333333;10.2333333333333;9.7;9.6625;10.2705882352941;9.23076923076923;9.45454545454545;9.15;9.8;9.355;9.87142857142857
09.10.06;9.73333333333333;8.8;8.92857142857143;10.0866666666667;10.46;10.2222222222222;9.61111111111111;9.5;10.1764705882353;9.23846153846154;9.42727272727273;9.075;9.8;9.31;9.82857142857143
10.10.06;9.5;8.6;8.85714285714286;10.0333333333333;10.4066666666667;10.2111111111111;9.52222222222222;9.43636363636364;10.0823529411765;9.24615384615385;9.4;9;9.8;9.265;9.78571428571429
11.10.06;9.43333333333333;8.4;8.78571428571429;9.98;10.3533333333333;10.2;9.43333333333333;9.37272727272727;9.98823529411765;9.25384615384616;9.4125;8.98571428571429;9.8;9.22;9.74285714285714
12.10.06;9.36666666666667;8.2;8.71428571428572;9.92666666666667;10.3;10.0083333333333;9.34444444444445;9.30909090909091;9.89411764705882;9.26153846153846;9.425;8.97142857142857;9.8;9.175;9.7
13.10.06;9.3;8.21428571428571;8.64285714285714;9.87333333333333;10.26;9.81666666666667;9.25555555555556;9.24545454545455;9.8;9.26923076923077;9.4375;8.95714285714286;9.8;9.13;9.63076923076923
14.10.06;9.23333333333333;8.22857142857143;8.57142857142857;9.82;10.22;9.625;9.16666666666667;9.18181818181818;9.67692307692308;9.27692307692308;9.45;8.94285714285714;9.8;9.085;9.56153846153846
15.10.06;9.16666666666667;8.24285714285714;8.5;9.76666666666667;10.18;9.43333333333333;9.07777777777778;9.11818181818182;9.55384615384616;9.28461538461539;9.4625;8.92857142857143;9.8;9.04;9.49230769230769
16.10.06;9.1;8.25714285714286;8.42857142857143;9.71333333333333;10.14;9.24166666666666;8.98888888888889;9.05454545454546;9.43076923076923;9.29230769230769;9.475;8.91428571428572;9.68333333333333;8.995;9.42307692307692
17.10.06;9.08;8.27142857142857;8.35714285714286;9.66;10.1;9.05;8.9;8.99090909090909;9.30769230769231;9.3;9.4875;8.9;9.56666666666667;8.95;9.35384615384615
18.10.06;9.06;8.28571428571429;8.28571428571429;9.60666666666667;10.06;8.85833333333333;8.81428571428572;8.92727272727273;9.18461538461539;9.08571428571429;9.5;8.92857142857143;9.45;8.905;9.28461538461539
19.10.06;9.04;8.3;8.21428571428572;9.55333333333333;10.02;8.66666666666666;8.72857142857143;8.86363636363636;9.06153846153846;8.87142857142857;9.4;8.95714285714286;9.33333333333333;8.86;9.21538461538462
20.10.06;9.02;8.3;8.14285714285714;9.5;9.98;8.475;8.64285714285714;8.8;8.93846153846154;8.65714285714286;9.3;8.98571428571429;9.21666666666667;8.815;9.14615384615385
21.10.06;9;8.3;8.07142857142857;9.36666666666667;9.94;8.28333333333333;8.55714285714286;8.7;8.81538461538462;8.44285714285715;9.2;9.01428571428571;9.1;8.77;9.07692307692308
22.10.06;8.93333333333333;8.3;8;9.23333333333333;9.9;8.09166666666666;8.47142857142857;8.6;8.69230769230769;8.22857142857143;9.1;9.04285714285714;9.05;8.725;9.00769230769231
23.10.06;8.86666666666667;8.3;7.94545454545455;9.1;9.76;7.9;8.38571428571429;8.5;8.56923076923077;8.01428571428572;9;9.07142857142857;9;8.68;8.93846153846154
24.10.06;8.8;8.13333333333333;7.89090909090909;8.96666666666667;9.62;8;8.3;8.4;8.44615384615385;7.8;8.9;9.1;8.95;8.635;8.86923076923077
25.10.06;8.7;7.96666666666667;7.83636363636364;8.83333333333334;9.48;8.1;8.21428571428572;8.3;8.32307692307693;7.7625;8.8;9;8.9;8.59;8.8
26.10.06;8.6;7.8;7.78181818181818;8.7;9.34;8.2;8.12857142857143;8.2;8.2;7.725;8.7;8.9;8.85;8.545;8.71428571428572
27.10.06;8.5;7.65;7.72727272727273;8.56666666666667;9.2;8.3;8.04285714285714;8.1;8.11428571428571;7.6875;8.6;8.8;8.8;8.5;8.62857142857143
28.10.06;8.43333333333333;7.5;7.67272727272727;8.43333333333334;9.06;8.4;7.95714285714286;8;8.02857142857143;7.65;8.5;8.7;8.78888888888889;8.46428571428571;8.54285714285714
29.10.06;8.36666666666667;7.35;7.61818181818182;8.3;8.92;8.5;7.87142857142857;7.9;7.94285714285714;7.6125;8.4;8.6;8.77777777777778;8.42857142857143;8.45714285714286
30.10.06;8.3;7.2;7.56363636363636;8.16666666666667;8.78;8.6;7.78571428571429;7.88571428571429;7.85714285714286;7.575;8.3;8.5;8.76666666666667;8.39285714285714;8.37142857142857
31.10.06;8.15;7.06666666666667;7.50909090909091;8.03333333333334;8.64;8.7;7.7;7.87142857142857;7.77142857142857;7.5375;8.2;8.475;8.75555555555556;8.35714285714286;8.28571428571429
01.11.06;8;6.93333333333333;7.45454545454546;7.9;8.5;8.7;7.66923076923077;7.85714285714286;7.68571428571429;7.5;8.1;8.45;8.74444444444444;8.32142857142857;8.2
02.11.06;7.92;6.8;7.4;7.76666666666667;8.41818181818182;8.7;7.63846153846154;7.84285714285714;7.6;7.4551724137931;8.11428571428571;8.425;8.73333333333333;8.28571428571429;8.2
03.11.06;7.84;6.73333333333333;7.4;7.63333333333334;8.33636363636364;8.7;7.60769230769231;7.82857142857143;7.51428571428571;7.41034482758621;8.12857142857143;8.4;8.72222222222222;8.25;8.2
04.11.06;7.76;6.66666666666667;7.4;7.50000000000001;8.25454545454545;8.7;7.57692307692308;7.81428571428571;7.42857142857143;7.36551724137931;8.14285714285714;8.375;8.71111111111111;8.21428571428572;8.2
05.11.06;7.68;6.6;7.4;7.36666666666667;8.17272727272727;8.7;7.54615384615385;7.8;7.34285714285714;7.32068965517241;8.15714285714286;8.35;8.7;8.17857142857143;8.2
06.11.06;7.6;6.53333333333333;7.4;7.23333333333334;8.09090909090909;8.7;7.51538461538462;7.69230769230769;7.25714285714286;7.27586206896552;8.17142857142857;8.325;8.61666666666667;8.14285714285714;8.2
07.11.06;7.575;6.46666666666667;7.4;7.10000000000001;8.00909090909091;8.7;7.48461538461539;7.58461538461538;7.17142857142857;7.23103448275862;8.18571428571429;8.3;8.53333333333333;8.10714285714286;8.2
08.11.06;7.55;6.4;7.4;7.00833333333334;7.92727272727273;8.6;7.45384615384615;7.47692307692308;7.08571428571429;7.18620689655173;8.2;8.24;8.45;8.07142857142857;8.2
09.11.06;7.525;6.33333333333333;7.4;6.91666666666667;7.84545454545455;8.5;7.42307692307692;7.36923076923077;7;7.14137931034483;8.10526315789474;8.18;8.36666666666667;8.03571428571429;8.125
10.11.06;7.5;6.26666666666667;7.4;6.825;7.76363636363636;8.4;7.39230769230769;7.26153846153846;6.84;7.09655172413793;8.01052631578947;8.12;8.28333333333333;8;8.05
11.11.06;7.43333333333333;6.2;7.4;6.73333333333334;7.68181818181818;8.3;7.36153846153846;7.15384615384615;6.68;7.05172413793104;7.91578947368421;8.06;8.2;7.82857142857143;7.975
12.11.06;7.36666666666667;6.13333333333333;7.4;6.64166666666667;7.6;8.2;7.33076923076923;7.04615384615384;6.52;7.00689655172414;7.82105263157895;8;8.075;7.65714285714286;7.9
13.11.06;7.3;6.06666666666667;7.4;6.55;7.54285714285714;8.1;7.3;6.93846153846154;6.36;6.96206896551724;7.72631578947368;7.97142857142857;7.95;7.48571428571429;7.825
14.11.06;7.25;6;7.4;6.45833333333334;7.48571428571429;8;7.15384615384615;6.83076923076923;6.2;6.91724137931035;7.63157894736842;7.94285714285714;7.825;7.31428571428572;7.75
15.11.06;7.2;5.93333333333333;7.4;6.36666666666667;7.42857142857143;7.9;7.00769230769231;6.72307692307692;6.16666666666667;6.87241379310345;7.53684210526316;7.91428571428572;7.7;7.14285714285715;7.675
16.11.06;7.15;5.86666666666667;7.08571428571429;6.275;7.37142857142857;7.8;6.86153846153846;6.61538461538461;6.13333333333333;6.82758620689655;7.44210526315789;7.88571428571429;7.575;6.97142857142857;7.6
17.11.06;7.1;5.8;6.77142857142857;6.18333333333333;7.31428571428571;7.7;6.71538461538462;6.5076923076923;6.1;6.78275862068966;7.34736842105263;7.85714285714286;7.45;6.8;7.5
18.11.06;6.975;5.73333333333333;6.45714285714286;6.09166666666667;7.25714285714286;7.6;6.56923076923077;6.4;6.06666666666667;6.73793103448276;7.25263157894737;7.82857142857143;7.325;6.68571428571429;7.4
19.11.06;6.85;5.66666666666667;6.14285714285714;6;7.2;7.5;6.42307692307692;6.3625;6.03333333333333;6.69310344827586;7.15789473684211;7.8;7.2;6.57142857142857;7.3
20.11.06;6.725;5.6;5.82857142857143;5.83333333333333;7.10909090909091;7.4;6.27692307692308;6.325;6;6.64827586206897;7.06315789473684;7.65555555555556;7.21666666666667;6.45714285714286;7.2
21.11.06;6.6;5.53333333333334;5.51428571428572;5.66666666666667;7.01818181818182;7.3;6.13076923076923;6.2875;5.96666666666667;6.60344827586207;6.96842105263158;7.51111111111111;7.23333333333333;6.34285714285714;7.1
22.11.06;6.09;5.46666666666667;5.2;5.5;6.92727272727273;7.2;5.98461538461539;6.25;5.93333333333333;6.55862068965517;6.87368421052632;7.36666666666667;7.25;6.22857142857143;7
23.11.06;6.08;5.4;5.175;5.33333333333333;6.83636363636364;7.1;5.83846153846154;6.2125;5.9;6.51379310344828;6.77894736842105;7.22222222222222;7.26666666666667;6.11428571428571;6.9
24.11.06;6.07;5.47142857142857;5.15;5.16666666666667;6.74545454545455;7;5.69230769230769;6.175;5.81428571428572;6.46896551724138;6.68421052631579;7.07777777777778;7.28333333333333;6;6.8
25.11.06;6.06;5.54285714285714;5.125;5;6.65454545454545;6.9;5.54615384615385;6.1375;5.72857142857143;6.42413793103448;6.58947368421053;6.93333333333334;7.3;6.16666666666666;6.75
26.11.06;6.05;5.61428571428572;5.1;5;6.56363636363636;6.8;5.4;6.1;5.64285714285714;6.37931034482759;6.49473684210526;6.78888888888889;7.24;6.33333333333333;6.7
27.11.06;6.04;5.68571428571429;5.075;5;6.47272727272727;6.7;5.3;6.05;5.55714285714286;6.33448275862069;6.4;6.64444444444445;7.18;6.5;6.65
28.11.06;6.03;5.75714285714286;5.05;5;6.38181818181818;6.56666666666667;5.2;6;5.47142857142857;6.28965517241379;6.26666666666667;6.5;7.12;6.66666666666667;6.6
29.11.06;6.02;5.82857142857143;5.025;5;6.29090909090909;6.43333333333333;5.1;5.95;5.38571428571429;6.2448275862069;6.13333333333334;6.5;7.06;6.83333333333333;6.55
30.11.06;6.01;5.9;5;5;6.2;6.3;5;5.9;5.3;6.2;6;6.5;7;7;6.5